Symbol,Date,Close,R3M,R6M,R9M,R12M,RS_Blend,MA_30W,MA_30W_Slope_10S_Pct,Stage,MA_10W,High_52W,Near_52W_High,Low_52W,Volume_Ratio,U_D,AvgValue20,SMA_50,Below_50DMA,Ext_Pct,Extended_20Pct,Pct_From_52W_High,Above_MA_30W,Above_MA_10W,MA10W_Above_MA30W,MA_30W_Rising,Distribution,Heavy_Distribution,Breakout,Breakout_Confirmed,SMA_150,SMA_200,SMA_200_Rising,ATR_Pct,VCP_Contractions,Contraction_Ratio,Base_Depth_Pct,Volume_DryUp,VCP_Setup,VCP_Pivot,RS_Line,RS_Line_High_52W,RS_Line_At_High,Pct_To_Pivot,RS_Score,Liquid_UI_Filter,RS_Not_Lagging,Trend_Health,TT1_Above_150_200,TT2_150_Above_200,TT3_200_Rising,TT4_50_Above_150_200,TT5_Above_50,TT6_Above_52W_Low,TT7_Near_52W_High,TT8_RS,Trend_Template_Score,Trend_Template_Pass,RS_Line_NH_Before_Price,Stage1_Readiness,Company Name,Industry,Series,ISIN Code,Action,Action_Reason
360ONE,2026-09-04,1137.0,0.0608321964933316,0.072393279396882,0.013919879648568667,0.11291308037033687,0.06417812648049015,1096.2258095937232,0.351437968939039,Stage 2 — Advancing,1142.866668102788,1229.0652744329707,False,900.8207868154223,0.5299341565475858,0.4608640864551181,900026455.231726,1144.0160009765625,True,3.7195065149385975,False,-7.490674120253294,True,False,True,True,True,True,False,False,1097.3833736165363,1109.1088955688476,True,2.6956910268642416,2,0.925234995197096,13.271734858774664,0.6574385808472698,False,1222.9000244140625,0.048894497580027084,0.051273315731198366,False,7.554971364473384,55.0,True,True,4,True,False,True,True,False,False,True,False,4,False,False,,360 ONE WAM Ltd.,Financial Services,EQ,INE466L01038,REDUCE,Stage 2 + RS 55; distribution warning (U/D 0.46) triggers REDUCE.
3MINDIA,2026-09-04,32845.0,0.03191924581944705,-0.02798505780424998,-0.04113169523015381,0.09409531760509715,0.017763411241917496,33278.66936961207,-0.07808225781331668,Stage 4 — Declining,34606.18018535539,37487.09942436396,False,28319.862583025053,0.2192610995050157,0.39150304671631686,127761369.5,34640.2341796875,True,-1.3031451612307232,False,-12.383191806370919,False,False,True,False,True,True,False,False,33320.180755208334,33590.77801757812,True,2.179066176630494,2,0.7026585141024133,14.561743559723498,0.5884770432076247,False,37300.0,1.4124360360738695,1.5957972004548862,False,13.563708326990408,46.0,True,False,1,False,False,True,True,False,False,True,False,3,False,False,,3M India Ltd.,Diversified,EQ,INE470A01017,SELL,Stage 4 takes precedence: the guide requires SELL regardless of RS.
ABB,2026-09-04,7410.0,0.04768496161364566,0.29112363560721133,0.4553690209310568,0.4581034781439841,0.2599932115819087,6788.259979666096,2.166168624916942,Stage 2 — Advancing,7315.773858762255,7832.294844565128,False,4564.870705303207,0.46577319092454705,0.9071684468817814,1241927583.975,7323.856669921875,False,9.159048448295959,False,-5.391712811452198,True,True,True,True,False,False,False,False,6755.950328776042,6323.685190429687,True,2.2421438210911893,2,0.7507321769423018,15.256478182662764,0.515945560379542,False,7832.294844565128,0.31865279425505777,0.32689961302851106,False,5.698985756614405,79.0,True,True,5,True,True,True,True,True,True,True,True,8,True,False,,ABB India Ltd.,Capital Goods,EQ,INE117A01022,HOLD,Stage 2 + RS 79; trend/leadership is adequate without a stronger entry trigger.
ACC,2026-09-04,1283.800048828125,-0.04410105930743724,-0.15589438207604,-0.2886577981425502,-0.2983980332257403,-0.16623046641184103,1394.3347335188357,-1.6591645968949909,Stage 4 — Declining,1341.950985179228,1975.569036609613,False,1244.4991052892974,0.6391189751920079,0.38139381827229457,157350778.28103027,1342.0320043945312,True,-7.927413843572417,False,-35.016189004899175,False,False,False,False,True,True,False,False,1401.384541015625,1489.5655212402344,False,1.6535734423389423,1,1.0800196183673565,11.386943717376367,0.7236648940582467,False,1413.9000244140625,0.055207351258280926,0.08036860726139042,False,10.133974967884996,11.0,True,False,0,False,False,False,False,False,False,False,False,0,False,False,,ACC Ltd.,Construction Materials,EQ,INE012A01025,SELL,Stage 4 takes precedence: the guide requires SELL regardless of RS.
ACMESOLAR,2026-09-04,418.0,0.2086164308896652,0.8613349350633468,0.9082668197327011,0.419641704081144,0.5212952641313044,315.82993149430786,3.95146617836184,Stage 2 — Advancing,380.30882352941177,430.5,True,195.72747422084996,3.119413083311788,3.7574502479727663,848844142.5329148,380.77099975585935,False,32.34971049839637,True,-2.9036004645760727,True,True,True,True,False,False,True,True,313.3402376302083,291.420451965332,True,4.414731154112643,1,1.2298298335207647,19.930310753302845,1.0787060402990571,False,430.5,0.01797528582977249,0.01797528582977249,True,2.9904306220095656,92.0,True,True,5,True,True,True,True,True,True,True,True,8,True,False,,ACME Solar Holdings Ltd.,Power,EQ,INE622W01025,WAIT,"Stage 2 + RS 92; wait because price is more than 20% above the 30-week line (currently +32%) — the guide treats that as poor entry timing, not a failed trend."
AIAENG,2026-09-04,4231.2001953125,-0.07601314427718742,0.1722620191211801,0.10492358295478232,0.3827913881861189,0.1015901403415413,4192.207580145474,0.4372781930434,Stage 2 — Advancing,4567.630179610906,5160.600958593338,False,2990.7577241624354,1.7410411143324456,0.5713833355323005,246771127.22182617,4562.74654296875,True,0.9301212886426935,False,-18.00954522037238,True,False,True,True,True,True,False,False,4185.968159179687,4100.3531494140625,True,2.4854729790713423,3,0.45944071528485847,20.05791688705365,0.6286834781100382,True,5160.600958593338,0.1819546241955296,0.2201446808937118,False,21.965416911978465,60.0,True,True,4,True,True,True,True,False,True,True,False,6,False,False,,AIA Engineering Ltd.,Capital Goods,EQ,INE212H01026,REDUCE,Stage 2 + RS 60; distribution warning (U/D 0.57) triggers REDUCE.
APLAPOLLO,2026-09-07,2206.5,0.21529682132106198,0.02889254375354544,0.25070580177988955,0.33057006718493853,0.20815241107209953,1965.7418580773758,0.3559261101567346,Stage 2 — Advancing,1955.2873630897673,2292.568366695916,False,1646.9555379628491,1.0581532349904852,1.062102810258492,1485334036.1994996,1958.7803002929688,False,12.247698797954133,False,-3.754233371891069,True,True,False,True,False,False,False,False,1971.0450439453125,1941.409705810547,True,2.610770745298239,3,1.4359480696869653,23.274879475745898,1.5290027933994534,False,2272.2467615017363,0.09528765835687561,0.09694241090878673,False,2.9796855427933977,74.0,True,True,4,True,True,True,False,True,True,True,True,7,False,False,,APL Apollo Tubes Ltd.,Capital Goods,EQ,INE702C01027,HOLD,Stage 2 + RS 74; trend/leadership is adequate without a stronger entry trigger.
ASKAUTOLTD,2026-09-04,618.8499755859375,0.42587668474225415,0.6084731341400047,0.28661193629091897,0.19444590390891192,0.3882568687648688,476.1755373183995,2.6521040395267814,Stage 2 — Advancing,553.4835205078125,687.7000122070312,False,373.9332517882958,0.18278584361573869,0.8627749709946457,252224210.82112122,555.291044921875,False,29.962572010946744,True,-10.011638126940525,True,True,True,True,False,False,False,False,475.6467108154297,473.79791305541994,True,3.685984940034801,2,0.9341068837297136,36.10673414799269,0.34913796629726035,False,687.7000122070312,0.026612452624174533,0.028605804607407824,False,11.125481027272466,87.0,True,True,5,True,True,True,True,True,True,True,True,8,True,False,,ASK Automotive Ltd.,Automobile and Auto Components,EQ,INE491J01022,WAIT,"Stage 2 + RS 87; wait because price is more than 20% above the 30-week line (currently +30%) — the guide treats that as poor entry timing, not a failed trend."
AUBANK,2026-09-04,1065.0,0.10808611326585149,0.12676703907299203,0.12361977299724725,0.5311084051629771,0.19953348875298388,1005.7838347970622,0.7812492263900239,Stage 2 — Advancing,1058.2888207529106,1144.0999755859375,False,681.4882278715522,0.3370354885011484,2.491200374119823,1605999257.6508973,1058.7976586914062,False,5.887563823779862,False,-6.913729330815466,True,True,True,True,False,False,False,False,1005.0339477539062,997.7949871826172,True,1.972501512984155,2,1.0788979202064184,16.172656316329984,0.7743912909911279,False,1144.0999755859375,0.04579827609738685,0.04779853945760736,False,7.427227754548116,74.0,True,True,5,True,True,True,True,True,True,True,True,8,True,False,,AU Small Finance Bank Ltd.,Financial Services,EQ,INE949L01017,HOLD,Stage 2 + RS 74; trend/leadership is adequate without a stronger entry trigger.
AWL,2026-09-04,187.2899932861328,-0.00529209397530972,0.04768147547304169,-0.24466052564679996,-0.2918248836876275,-0.09987762436240105,190.21637798988655,-0.5053076931075817,Stage 4 — Declining,190.40803916781556,281.42985528309595,False,170.3003850027749,0.849551565289447,1.2800297053198277,658769550.2923362,190.57559997558593,True,-1.5384504397982668,False,-33.45055978594238,False,False,True,False,False,False,False,False,190.84369995117189,202.13421134948732,False,2.918698734593441,2,1.1684998487220706,12.362077150079669,1.31433733918989,False,204.82000732421875,0.008054045843000976,0.011664737051174908,False,9.359824158519991,21.0,True,False,1,False,False,False,False,False,False,False,False,0,False,False,,AWL Agri Business Ltd.,Fast Moving Consumer Goods,EQ,INE699H01024,SELL,Stage 4 takes precedence: the guide requires SELL regardless of RS.
AXISCADES,2026-09-04,1711.5999755859375,-0.03118807783369726,0.1427426357243673,0.27360662585908613,0.24507167846108469,0.11980895687542872,1674.7013750468216,1.7411036500374788,Stage 2 — Advancing,1597.7156886680452,2211.0,False,1063.300048828125,0.8221900130002695,0.9729997784210378,268112206.21105957,1595.8500024414063,False,2.2032943358683443,False,-22.587065780825988,True,True,False,True,False,False,False,False,1661.3333382161459,1577.5670043945313,True,3.6294364740071443,2,0.7631813527403182,20.622198677918302,0.8076902360011389,False,1784.0,0.0736040640846623,0.09403153538512572,False,4.229961757815381,63.0,True,True,4,True,True,True,False,True,True,True,False,6,False,False,,AXISCADES Technologies Ltd.,Capital Goods,EQ,INE555B01013,HOLD,Stage 2 + RS 63; trend/leadership is adequate without a stronger entry trigger.
AADHARHFC,2026-09-04,483.54998779296875,0.029048721161488933,0.0672036664737905,0.004570440763596917,-0.04531098165257896,0.016912113581557267,485.0513696539892,-0.05307858835306156,Stage 4 — Declining,502.2774502623315,563.0,False,430.1499938964844,0.5021088021931522,0.7771277124757114,165887113.88121796,501.95299926757815,True,-0.309530485831111,False,-14.111902701071266,False,False,True,False,False,False,False,False,484.7779996744792,484.377999420166,False,2.4196057870096674,3,0.5325258278216354,18.41918511670182,0.4842320721923026,False,563.0,0.020794136946319645,0.02384431524932254,False,16.430568547764636,46.0,True,False,1,False,True,False,True,False,False,True,False,3,False,False,,Aadhar Housing Finance Ltd.,Financial Services,EQ,INE883F01010,SELL,Stage 4 takes precedence: the guide requires SELL regardless of RS.
AARTIDRUGS,2026-09-04,431.6499938964844,0.15152724254533778,0.19753080670880396,0.06403486744913867,-0.08513410767098784,0.09589721031552607,382.46575405173104,0.8158293132038308,Stage 2 — Advancing,409.71274581609987,531.6963704720772,False,318.95001220703125,1.1917052019929057,2.492378225229894,98610644.70773467,410.45300048828125,False,12.85977615608973,False,-18.816449035897065,True,True,True,True,False,False,False,False,382.3455739339193,386.3091487121582,False,2.930615224101925,2,0.857311499623608,18.65975863229046,0.7610267642560328,False,453.6499938964844,0.018562277556719756,0.022248616235203425,False,5.096721953221173,60.0,True,True,5,True,False,False,True,True,True,True,False,5,False,False,,Aarti Drugs Ltd.,Healthcare,EQ,INE767A01016,HOLD,Stage 2 + RS 60; trend/leadership is adequate without a stronger entry trigger.
AARTIIND,2026-09-04,492.04998779296875,0.06944138505893616,0.19284845525568173,0.3311240252062899,0.29214811860887924,0.19100067383774466,470.54965878839363,1.9384532400618992,Stage 2 — Advancing,499.71078610887713,551.75,False,338.04998779296875,0.6302754209693642,1.4228884743824468,691584549.031482,500.3840020751953,True,4.569194473530325,False,-10.820120019398505,True,False,True,True,False,False,False,False,469.32966796875,443.8110011291504,True,3.2879925760153825,1,1.1976806042381332,17.62573629361124,0.5308900239845106,False,551.75,0.021159663093575785,0.02310121638814901,False,12.132916103668357,72.0,True,True,4,True,True,True,True,False,True,True,True,7,False,False,,Aarti Industries Ltd.,Chemicals,EQ,INE769A01020,HOLD,Stage 2 + RS 72; trend/leadership is adequate without a stronger entry trigger.
AARTIPHARM,2026-09-04,858.7999877929688,0.3340582334648059,0.26694699229076013,0.18960570885788597,-0.02071134632868521,0.2207915643499145,710.7247933165668,0.8310484586359301,Stage 2 — Advancing,754.0088261623008,944.0989338759356,False,585.0,0.6974041028524312,7.6176595696580875,1258452275.6859221,755.2750024414063,False,20.834392702893535,True,-9.034958416145821,True,True,True,True,False,False,False,False,712.5790307617187,719.2562844848633,True,3.9544392593936615,2,1.3283857855028798,30.216598238265917,0.6807438846245331,False,932.5999755859375,0.0369310412707745,0.040382449670908586,False,8.593384820908923,75.0,True,True,5,True,False,True,True,True,True,True,True,7,False,False,,Aarti Pharmalabs Ltd.,Healthcare,EQ,INE0LRU01027,HOLD,Stage 2 + RS 75; trend/leadership is adequate without a stronger entry trigger.
AAVAS,2026-09-04,1304.199951171875,0.002922121413774015,0.057573794040885806,-0.12003240492850764,-0.17151569582949422,-0.04562601277791361,1341.323292353382,-0.7908110024002157,Stage 4 — Declining,1408.4372678270527,1771.9000244140625,False,1060.4000244140625,0.5862811604906857,0.6627191728536608,185064389.15441284,1406.8080126953125,True,-2.7676654385366817,False,-26.395398543822925,False,False,True,False,True,False,False,False,1343.4006713867188,1380.853002319336,False,2.9295478814647935,2,1.9506026107141583,20.11133849001183,1.886255652087807,False,1544.9000244140625,0.05608460981217651,0.07290896978560894,False,18.455764626114956,33.0,True,False,1,False,False,False,True,False,False,False,False,1,False,False,,Aavas Financiers Ltd.,Financial Services,EQ,INE216P01012,SELL,Stage 4 takes precedence: the guide requires SELL regardless of RS.
ABBOTINDIA,2026-09-04,26065.0,0.03311095657564622,-0.041332397170420254,-0.07539255154084734,-0.17094248225857245,-0.04428910356370952,26179.336191673803,-0.11575623521229428,Stage 4 — Declining,26796.06169577206,31644.513547414223,False,24574.941813474234,0.8150110914834443,0.49834650877137726,255289585.5,26831.9830078125,True,-0.43674213447080223,False,-17.63185121823477,False,False,True,False,True,True,False,False,26188.145078125,26581.844482421875,False,1.6223178317941411,3,0.48087139461504513,14.008038473109002,0.6536289866945394,False,28635.0,1.1208751797919139,1.333284482002648,False,9.859965470938036,33.0,True,False,1,False,False,False,True,False,False,True,False,2,False,False,,Abbott India Ltd.,Healthcare,EQ,INE358A01014,SELL,Stage 4 takes precedence: the guide requires SELL regardless of RS.
ACE,2026-09-04,1125.4000244140625,0.29735581105837716,0.32238692633382926,0.15442279404997383,0.05154551102561222,0.22461337070523393,948.3576221204784,2.024518488106275,Stage 2 — Advancing,1064.8994272269454,1193.8073393073244,False,743.7339869667156,1.0880228026015633,1.0968845083117091,412024842.3926331,1066.4716467285157,False,18.66831648357785,False,-5.730180460521661,True,True,True,True,False,False,False,False,946.5067036946615,939.85064453125,True,3.7894959376423154,2,1.3756523447793472,19.916386633542377,0.4716179109605687,False,1193.8073393073244,0.048395662946592616,0.05041582057860981,False,6.078488840346163,76.0,True,True,5,True,True,True,True,True,True,True,True,8,True,False,,Action Construction Equipment Ltd.,Capital Goods,EQ,INE731H01025,HOLD,Stage 2 + RS 76; trend/leadership is adequate without a stronger entry trigger.
ACUTAAS,2026-09-04,3168.5,0.00120076117380985,0.505583273936802,0.8537913003259732,1.226397809932228,0.5176347813085246,2840.9938346131207,3.100132658350785,Stage 2 — Advancing,3350.923526539522,3740.0,False,1302.0,0.40514304834550235,0.7321048873162127,838084596.829126,3351.9419970703125,True,11.527873147654265,False,-15.280748663101607,True,False,True,True,False,False,False,False,2817.7413313802085,2542.3344995117186,True,3.8869241497638587,3,0.5848498773249281,19.11764705882353,0.7090179793514815,True,3740.0,0.13625524677424436,0.15868608046725632,False,18.0369259902162,92.0,True,True,4,True,True,True,True,False,True,True,True,7,False,False,,Acutaas Chemicals Ltd.,Healthcare,EQ,INE00FF01025,WAIT,Stage 2 + RS 92; wait because the close is below its 50-session average — short-term timing has weakened even though the 30-week trend is intact.
ADANIENSOL,2026-09-07,1390.4000244140625,-0.11944266978210105,0.40090682560610835,0.4204424161953644,0.8392750869263497,0.28434779783272407,1364.2410980642658,2.848296844288112,Stage 2 — Advancing,1598.4058861825981,1789.0,False,757.6500244140625,0.4024736871903118,0.3771287797026543,6890230977.067737,1600.6460034179688,True,1.9174709211527086,False,-22.28060232453536,True,False,True,True,True,True,False,False,1354.4726692708334,1257.8722506713866,True,4.034295952699711,2,1.294627067869445,24.650642817216323,2.760173451433037,False,1789.0,0.06004439723805062,0.07457985437971158,False,28.668006946699688,81.0,True,True,4,True,True,True,True,False,True,True,True,7,False,False,,Adani Energy Solutions Ltd.,Power,EQ,INE931S01010,REDUCE,Stage 2 + RS 81; distribution warning (U/D 0.38) triggers REDUCE.
ADANIENT,2026-09-07,2950.0,-0.03178300182686533,0.44679586955775985,0.30278058133262653,0.2936438312635874,0.19593085570004862,2634.889048955212,2.4570301338507017,Stage 2 — Advancing,3054.7764772901346,3245.0,False,1752.216581309528,0.5787650651782383,0.9171612617023548,5625882391.212769,3056.6220068359376,True,11.959173429702341,False,-9.090909090909093,True,False,True,True,False,False,False,False,2623.8908422851564,2517.364462890625,True,2.683776412114104,2,1.300955646409342,12.773497688751926,1.861782790328876,False,3245.0,0.12739569098245324,0.1378515671461701,False,10.000000000000009,73.0,True,True,4,True,True,True,True,False,True,True,True,7,False,False,,Adani Enterprises Ltd.,Metals & Mining,EQ,INE423A01024,HOLD,Stage 2 + RS 73; trend/leadership is adequate without a stronger entry trigger.
ADANIGREEN,2026-09-07,1288.0,-0.1557973119087407,0.5004659405493135,0.2655988842987078,0.3859149231568446,0.1680770248374769,1256.1284250755832,2.3129298101571605,Stage 2 — Advancing,1404.4999976064644,1631.5,False,765.0,0.3054408557867595,0.7823974700730351,2120959445.3041625,1402.5399975585938,True,2.537286338576328,False,-21.05424456022066,True,False,True,True,False,False,False,False,1248.1353336588543,1180.1727493286132,True,2.9192561477078947,1,1.4456785312132108,25.534782444740266,0.8169015045308777,False,1631.5,0.0556222542323389,0.06916112468322001,False,26.6692546583851,70.0,True,True,4,True,True,True,True,False,True,True,True,7,False,False,,Adani Green Energy Ltd.,Power,EQ,INE364U01010,HOLD,Stage 2 + RS 70; trend/leadership is adequate without a stronger entry trigger.
ADANIPORTS,2026-09-04,1707.300048828125,-0.04266270357840207,0.19527009415201224,0.1387455888087008,0.2908412783777241,0.1079063108363266,1655.1385372632171,0.9465477578689541,Stage 2 — Advancing,1746.0372482000612,1891.0999755859375,False,1286.5777387006826,0.595736751206548,0.6753536602348703,3898659665.807831,1745.0379931640625,True,3.1514891587961724,False,-9.719207293673836,True,False,True,True,True,False,False,False,1651.3116251627605,1603.4869305419923,True,2.1261643644010206,2,1.1810196123944043,15.758024633661572,1.4987186547990405,False,1891.0999755859375,0.07341915400686622,0.08156737562579439,False,10.765531628958303,62.0,True,True,4,True,True,True,True,False,True,True,False,6,False,False,,Adani Ports and Special Economic Zone Ltd.,Services,EQ,INE742F01042,REDUCE,Stage 2 + RS 62; distribution warning (U/D 0.68) triggers REDUCE.
ADANIPOWER,2026-09-07,204.49000549316406,-0.12085124622843546,0.4712569063336103,0.42224236492766565,0.6769722929226949,0.26575381434542,198.30904168952,2.3329395260353936,Stage 2 — Advancing,212.2600004906748,254.1999969482422,False,120.0,0.40091365804587004,1.0851458996173131,4184563963.6407166,211.96420043945312,True,3.116834084308273,False,-19.555465008600926,True,False,True,True,False,False,False,False,197.05480051676432,183.4581004333496,True,2.8586790440557532,1,1.3611471619978897,13.838121248673572,1.1206874769383401,False,229.8000030517578,0.008830896796205863,0.01083753491595467,False,12.377131829770448,80.0,True,True,4,True,True,True,True,False,True,True,True,7,False,False,,Adani Power Ltd.,Power,EQ,INE814H01029,WAIT,Stage 2 + RS 80; wait because the close is below its 50-session average — short-term timing has weakened even though the 30-week trend is intact.
ATGL,2026-09-04,612.3499755859375,-0.17671682507322384,0.27405124045087814,0.032991293532338206,0.02770543010778015,-0.003737137211090232,631.0211024872244,0.9598546002800745,Stage 1 — Basing,673.1215688668045,859.5498025483846,False,462.63840779150803,0.3423812182886282,1.8982326402191012,648289018.2387329,672.1880004882812,True,-2.9588751988947837,False,-28.759220958407706,False,False,True,True,False,False,False,False,628.5601890055339,614.4264503479004,True,2.570310005266471,1,1.0362421779619733,19.426668294270833,0.35476468491950286,False,750.0,0.026332932629213955,0.03519195409356111,False,22.478979325891157,42.0,True,False,2,False,True,True,True,False,True,False,False,4,False,False,2.0,Adani Total Gas Ltd.,Oil Gas & Consumable Fuels,EQ,INE399L01023,AVOID,Stage 1 + RS 42; weak RS in a basing stage is AVOID.
ABCAPITAL,2026-09-04,404.8999938964844,0.14491729360810113,0.2592132149517632,0.15884373488696402,0.45883628789243214,0.23334556498947234,364.6804790758107,1.1359326146171078,Stage 2 — Advancing,403.2901958390778,430.70001220703125,False,275.8999938964844,0.5833102340559407,1.0900444503772273,1221237404.6653762,403.54,False,11.028699677756194,False,-5.99025251435219,True,True,True,True,False,False,False,False,364.0873329671224,361.0234996032715,True,2.231591608278545,1,1.149282386972952,10.842816550602565,0.6891646723496938,False,430.70001220703125,0.017411945269766613,0.017892991661374247,False,6.371948308090825,77.0,True,True,5,True,True,True,True,True,True,True,True,8,True,False,,Aditya Birla Capital Ltd.,Financial Services,EQ,INE674K01013,HOLD,Stage 2 + RS 77; trend/leadership is adequate without a stronger entry trigger.
ABFRL,2026-09-07,53.209999084472656,-0.11449494176476438,-0.14754885220510527,-0.31262115272941304,-0.380702976973471,-0.21397257308750361,61.18773972498227,-1.4613015603900936,Stage 4 — Declining,57.330784292782056,94.94999694824219,False,50.20000076293945,1.7240066240119591,0.3950284806085191,272423330.4080118,57.30139999389648,True,-13.038135868994017,False,-43.95997809933817,False,False,False,False,True,True,False,False,61.3846666208903,64.50729997634888,False,2.85392043287162,2,0.9351964591204086,21.684864340197212,0.8332029258362549,False,64.0999984741211,0.0022978727459464737,0.003998041459379272,False,20.46607700999994,6.0,True,False,0,False,False,False,False,False,False,False,False,0,False,False,,Aditya Birla Fashion and Retail Ltd.,Consumer Services,EQ,INE647O01011,SELL,Stage 4 takes precedence: the guide requires SELL regardless of RS.
ABLBL,2026-09-04,86.06999969482422,-0.14168193521792471,-0.13360330198452997,-0.3456818027854802,-0.39069752143318226,-0.23066929932780839,98.26739204093201,-1.4460063573953907,Stage 4 — Declining,91.89152452057483,150.53067573506257,False,82.61000061035156,1.0295846848356756,0.5833368128660443,82290649.18623658,91.78826232910156,True,-12.41245146816059,False,-42.82228570719408,False,False,False,False,True,True,False,False,98.61874760945638,104.30146621704101,False,2.3336489274748353,2,0.790758883447782,16.984537285412006,0.6807516524530792,False,99.5115824317809,0.00370127475091602,0.006464836753620593,False,15.617035883137076,6.0,True,False,0,False,False,False,False,False,False,False,False,0,False,False,,Aditya Birla Lifestyle Brands Ltd.,Consumer Services,EQ,INE14LE01019,SELL,Stage 4 takes precedence: the guide requires SELL regardless of RS.
ABREL,2026-09-07,1377.800048828125,0.11504431947642524,0.11947592329995582,-0.21144840404580123,-0.2342421751088194,-0.01922520338036287,1333.0823949526434,0.5392194812142259,Stage 2 — Advancing,1399.2199946384803,1961.880003431885,False,1078.220335805519,0.3549331816549047,2.199120924794673,309097379.74343264,1400.9501611328126,True,3.354455361858566,False,-29.77144135125687,True,False,True,True,False,False,False,False,1331.6214412434895,1400.5780346679687,False,3.2510424249441505,1,0.7234422995218698,12.19881946485654,0.584984467999336,False,1486.0,0.05950026754444637,0.08222320842603205,False,7.853095321335157,37.0,True,False,3,False,False,False,True,False,False,False,False,1,False,False,,Aditya Birla Real Estate Ltd.,Realty,EQ,INE055A01016,WAIT,Stage 2 + RS 37; wait because the close is below its 50-session average — short-term timing has weakened even though the 30-week trend is intact.
ABSLAMC,2026-09-04,1062.300048828125,0.05291067419111983,0.2545885655539948,0.49679750773457965,0.3161542670692905,0.23467233774802093,1000.9864409982341,1.6995310989537993,Stage 2 — Advancing,1053.1778289196538,1194.9557175378152,False,690.6919781874805,0.43960483704482956,1.2323846262514868,201354612.5263977,1051.975350341797,False,6.125318517676015,False,-11.10130415401709,True,True,True,True,False,False,False,False,995.234052734375,935.4144241333008,True,2.448193293466106,2,0.9162030396758438,17.10785008437118,0.7113006928087825,False,1174.1763107648133,0.04568216989154742,0.05083183799390338,False,10.531512453576974,77.0,True,True,5,True,True,True,True,True,True,True,True,8,True,False,,Aditya Birla Sun Life AMC Ltd.,Financial Services,EQ,INE404A01024,HOLD,Stage 2 + RS 77; trend/leadership is adequate without a stronger entry trigger.
CPPLUS,2026-09-04,3704.60009765625,0.04768254215937029,1.1986604639517182,1.4454222632566975,1.6731207303338818,0.8825137083722077,2731.6892800527075,5.415538920851204,Stage 2 — Advancing,3572.0017568550857,4094.0,False,1226.4431802909007,0.8784807463396671,0.7672822084385202,1056935697.8655517,3572.3040869140623,False,35.61572045209953,True,-9.511477829598192,True,True,True,True,False,False,False,False,2698.6728181966146,2396.240627441406,True,4.0307030350157955,2,1.2577840007401202,20.59110893991207,1.0932707074507881,False,4094.0,0.15930920009658894,0.1647104641191047,False,10.511253362815264,98.0,True,True,5,True,True,True,True,True,True,True,True,8,True,False,,Aditya Infotech Ltd.,Capital Goods,EQ,INE819V01029,WAIT,"Stage 2 + RS 98; wait because price is more than 20% above the 30-week line (currently +36%) — the guide treats that as poor entry timing, not a failed trend."
AVL,2026-09-07,599.25,0.08948754166676376,0.296611396672126,0.19033807616258192,0.19388782130361393,0.17196247549436988,553.3222721047597,1.2812125081944847,Stage 2 — Advancing,621.0096974092371,703.5025243881884,False,435.6227250181752,0.8451804311275695,0.8047261513463543,103436182.39208984,620.0872924804687,True,8.300357713875805,False,-14.819068983278083,True,False,True,True,False,False,False,False,551.7519464111328,538.888726348877,True,2.8497367413519625,1,0.8833263380417811,15.661571801860505,0.7630968173716544,False,676.5598882699179,0.02587859926143563,0.029005649732506793,False,12.901107763023422,70.0,True,True,4,True,True,True,True,False,True,True,True,7,False,False,,Aditya Vision Ltd.,Consumer Services,EQ,INE679V01027,HOLD,Stage 2 + RS 70; trend/leadership is adequate without a stronger entry trigger.
ADVENZYMES,2026-09-04,293.20001220703125,-0.21788838171328395,0.03429927075899575,-0.06221328556996375,-0.13911702214595079,-0.12056156007669735,320.5854406487452,0.24583540420359817,Stage 1 — Basing,311.80210128484987,417.20001286678644,False,250.86763242464252,0.6983415535520933,0.7030933686328715,83899579.1811966,311.1010729980469,True,-8.542318199571408,False,-29.721955137942157,False,False,False,True,False,False,False,False,319.56766906738284,314.29605422973634,False,2.430081754215266,3,0.26817957547813365,17.170382696102287,0.5003641678933297,False,351.38395813797007,0.012608502451469307,0.017335545982790617,False,19.844455494038172,17.0,True,False,1,False,True,False,False,False,False,False,False,1,False,False,3.0,Advanced Enzyme Tech Ltd.,Healthcare,EQ,INE837H01020,AVOID,Stage 1 + RS 17; weak RS in a basing stage is AVOID.
AEGISLOG,2026-09-07,1253.699951171875,0.6360075833910579,0.8978773243213676,0.7010327292337419,0.7818339445082179,0.7305518329690887,926.4985727806613,4.545128581173952,Stage 2 — Advancing,1305.4101801853553,1497.800048828125,False,573.0465115667306,0.22490817268947835,0.8836218358689786,1057146208.6754882,1308.1608447265626,True,35.315907439468354,True,-16.29724193474511,True,False,True,True,False,False,False,False,920.2167679850261,871.7186618041992,True,4.651375108026368,3,0.6205924450287482,25.08870748274034,0.2988662166813204,False,1497.800048828125,0.05414100730990132,0.060258474279423956,False,19.470376259333943,97.0,True,True,4,True,True,True,True,False,True,True,True,7,False,False,,Aegis Logistics Ltd.,Oil Gas & Consumable Fuels,EQ,INE208C01025,WAIT,"Stage 2 + RS 97; wait because price is more than 20% above the 30-week line (currently +35%) — the guide treats that as poor entry timing, not a failed trend."
AEGISVOPAK,2026-09-04,284.5,0.48640846490252887,0.43025547388422947,0.07904741919178537,0.18042475683207915,0.3325089159426303,227.94953573566593,1.5715980902151427,Stage 2 — Advancing,276.1826575784122,311.489990234375,False,157.88530940558778,0.39152677131567715,1.5109855205403036,229931095.36773986,277.04589599609375,False,24.808326141936487,True,-8.664801785144638,True,True,True,True,False,False,False,False,227.95706064860025,231.59125953674317,True,4.04092423316674,2,0.531608032467091,27.164532066506876,0.48781391512511496,True,311.489990234375,0.012234375164043717,0.013107963743717832,False,9.486815548110727,85.0,True,True,5,True,False,True,True,True,True,True,True,7,False,False,,Aegis Vopak Terminals Ltd.,Oil Gas & Consumable Fuels,EQ,INE0INX01018,WAIT,"Stage 2 + RS 85; wait because price is more than 20% above the 30-week line (currently +25%) — the guide treats that as poor entry timing, not a failed trend."
AEQUS,2026-09-04,242.17999267578125,,,,,,193.11315040065818,3.918521695720689,Stage 2 — Advancing,241.82000014361213,,False,,0.33574764195416834,0.7049767660967888,713249500.5647233,242.07740020751953,False,25.40833815476702,True,,True,True,True,True,False,False,False,False,191.65133310953777,,False,3.69677897921591,3,0.4141336117741279,21.644378978051012,0.2934406543182652,True,274.3900146484375,0.010414484666505686,,False,13.300034250053617,,True,False,4,False,False,False,False,True,False,False,False,1,False,False,,Aequs Ltd.,Capital Goods,EQ,INE947N01017,WAIT,"Stage 2 + RS unavailable; wait because price is more than 20% above the 30-week line (currently +25%) — the guide treats that as poor entry timing, not a failed trend."
AETHER,2026-09-04,1625.5999755859375,0.42197344735674847,0.7726405291146785,0.8806107469604225,1.1805499337168848,0.7355496209010965,1251.43904552721,3.6215035382842764,Stage 2 — Advancing,1527.2254878025428,1717.0,False,726.4500122070312,0.5788511907221666,1.1647182276198638,352105954.064093,1531.267998046875,False,29.898454215251036,True,-5.32323962807586,True,True,True,True,False,False,False,False,1245.4153373209635,1162.1655029296876,True,3.1676217802696796,3,0.3662826554371358,23.995340710541644,0.5634067980844998,True,1717.0,0.06990579953595313,0.07213826635901888,False,5.622540956370159,97.0,True,True,5,True,True,True,True,True,True,True,True,8,True,False,,Aether Industries Ltd.,Chemicals,EQ,INE0BWX01014,WAIT,"Stage 2 + RS 97; wait because price is more than 20% above the 30-week line (currently +30%) — the guide treats that as poor entry timing, not a failed trend."
AFCONS,2026-09-04,292.79998779296875,-0.09643369660682932,0.05561651464912476,-0.26346818405975736,-0.3286264849405296,-0.14586910951296417,302.91321427854774,-1.0269803614227802,Stage 4 — Declining,287.3843838560815,476.09320955207187,False,259.1000061035156,0.3143659490036648,2.4797722917829055,282719411.75868833,286.7891271972656,False,-3.3386547726766524,False,-38.49944046283562,False,True,False,False,False,False,False,False,303.8048970540365,322.1556828308105,False,2.4638962414212116,2,1.0789457759561902,18.174807947627126,0.7161020131229051,False,316.65065440686845,0.012591300171130406,0.019899006397263275,False,8.145719811560891,13.0,True,False,1,False,False,False,False,True,False,False,False,1,False,False,,Afcons Infrastructure Ltd.,Construction,EQ,INE101I01011,SELL,Stage 4 takes precedence: the guide requires SELL regardless of RS.
AFFLE,2026-09-04,1616.5,0.09068215817285097,0.1515172701051224,-0.01774318043278922,-0.15211119853134014,0.03260544149733899,1494.3458870665668,0.1897417888401698,Stage 2 — Advancing,1576.474516027114,2185.89990234375,False,1251.300048828125,9.021005434544586,2.597271663626481,628879997.5395324,1579.0100073242188,False,8.174420259102423,False,-26.048763794409435,True,True,True,True,False,False,False,False,1498.2199967447916,1547.4444989013673,False,3.098404627156887,1,2.1021994123746848,20.46104342538719,1.72016305660711,False,1748.199951171875,0.06951447259288811,0.09181209988687947,False,8.147228652760585,49.0,True,False,4,True,False,False,True,True,False,False,False,3,False,False,,Affle 3i Ltd.,Information Technology,EQ,INE00WC01027,WAIT,Stage 2 + RS 49; wait because relative strength is below 50 — the trend has turned up but the stock still lags most of the universe.
AHLUCONT,2026-09-04,599.0499877929688,-0.23717051177275927,-0.18296511481260447,-0.39992988568762555,-0.3664035771718892,-0.28472792024352755,795.3743152357127,-1.9190032386454559,Stage 4 — Declining,783.8745093252145,1077.949951171875,False,590.0,3.3914367821792446,0.4213099031137403,85944924.75585938,782.59,True,-24.683262167519505,False,-44.42692008643614,False,False,False,False,True,True,False,False,797.2166666666667,834.4784994506836,False,4.793305964171292,2,2.2276927420037946,33.33333333333333,3.458165004979428,False,885.0,0.02576099224138836,0.04422729962016592,False,47.73391503779738,2.0,True,False,0,False,False,False,False,False,False,False,False,0,False,False,,Ahluwalia Contracts (India) Ltd.,Construction,EQ,INE758C01029,SELL,Stage 4 takes precedence: the guide requires SELL regardless of RS.
AJANTPHARM,2026-09-04,3464.800048828125,0.1861928321521824,0.19896466338253882,0.33024186299198344,0.3595423748703739,0.2522269131098522,3119.1904062767553,1.702388368506047,Stage 2 — Advancing,3457.282839307598,3796.0,False,2283.1397649802702,0.5866934625867771,0.8040005419170545,282319244.4276978,3463.3979150390624,False,11.080107256546402,False,-8.724972370175843,True,True,True,True,False,False,False,False,3110.691861979167,2996.056387939453,True,2.9570860366887177,3,0.6753748454826611,17.298713053048868,0.5614071555984814,False,3796.0,0.14899706033659146,0.15812316776036614,False,9.5589917601131,78.0,True,True,5,True,True,True,True,True,True,True,True,8,True,False,,Ajanta Pharmaceuticals Ltd.,Healthcare,EQ,INE031B01049,HOLD,Stage 2 + RS 78; trend/leadership is adequate without a stronger entry trigger.
AKUMS,2026-09-04,765.75,0.3850060258460608,0.6467697624249031,0.8305278527039139,0.6522514012180072,0.5799122136077892,582.1852962099273,3.9423830656631687,Stage 2 — Advancing,700.5635423847274,796.5499877929688,False,407.37371334346585,0.9118282415590486,2.433541074309778,377454532.1154602,702.4451684570313,False,31.53028854989872,True,-3.866673562861689,True,True,True,True,False,False,False,False,577.545297648112,540.7649060058594,True,3.479781043401078,3,0.49031119572925425,23.911348772226255,1.1883399873823364,False,796.5499877929688,0.03292960556016336,0.03356619434332426,False,4.022198862940751,94.0,True,True,5,True,True,True,True,True,True,True,True,8,True,False,,Akums Drugs and Pharmaceuticals Ltd.,Healthcare,EQ,INE09XN01023,WAIT,"Stage 2 + RS 94; wait because price is more than 20% above the 30-week line (currently +32%) — the guide treats that as poor entry timing, not a failed trend."
APLLTD,2026-09-04,808.2000122070312,0.11208748921111589,0.17459563465230143,-0.09041301683775527,-0.14569306768442036,0.03253290571047151,758.8534537537457,0.48321495224261657,Stage 2 — Advancing,815.194211473652,983.3745824758901,False,626.4825498908483,1.3358220199717254,1.0240753996213572,89352391.99724427,816.2942175292969,True,6.502778396696729,False,-17.8136158276344,True,False,True,True,False,False,False,False,759.5231046549479,777.0796865844727,False,2.8016419054469064,3,0.9120917484410064,11.318927756237922,1.0139484738365585,False,859.0,0.03475508666757656,0.04117374552171095,False,6.285571272666068,49.0,True,False,3,True,False,False,True,False,False,True,False,3,False,False,,Alembic Pharmaceuticals Ltd.,Healthcare,EQ,INE901L01018,WAIT,Stage 2 + RS 49; wait because the close is below its 50-session average — short-term timing has weakened even though the 30-week trend is intact.
ALIVUS,2026-09-04,1366.300048828125,0.3237857139815865,0.5052994394967798,0.5723609007219717,0.47581237071249394,0.4402088277788837,1089.7104885153574,2.8694384039545717,Stage 2 — Advancing,1245.580291149663,1488.4866814641196,False,816.0868402393627,1.0216797846138428,2.5895724640089206,271383371.1612183,1248.4047387695311,False,25.381930634585203,True,-8.208782393390857,True,True,True,True,False,False,False,False,1085.4563313802084,1037.4093307495118,True,4.14008509871962,1,1.5275976956514459,27.292819760023697,1.954099237216441,False,1488.4866814641196,0.05875510504047286,0.06185544612485878,False,8.942884305741927,89.0,True,True,5,True,True,True,True,True,True,True,True,8,True,False,,Alivus Life Sciences Ltd.,Healthcare,EQ,INE03Q201024,WAIT,"Stage 2 + RS 89; wait because price is more than 20% above the 30-week line (currently +25%) — the guide treats that as poor entry timing, not a failed trend."
ALKEM,2026-09-04,5190.0,-0.01463303027005003,-0.04888160065271985,-0.07382883671810259,-0.011373678393415299,-0.032670035260867564,5456.897330506207,-0.4022459546552115,Stage 4 — Declining,5515.564491421569,5875.534417311879,False,5065.93337960459,0.4420235161737104,0.43488638866013685,738798372.775,5517.569619140625,True,-4.891008834161969,False,-11.667609592958838,False,False,True,False,True,True,False,False,5460.178743489583,5497.810725097656,False,1.7038260390861548,2,0.8563569776418954,12.636105558887401,0.7946058411558758,False,5871.990978444605,0.2231859652069838,0.2576734274233371,False,13.140481280242877,36.0,True,False,1,False,False,False,True,False,False,True,False,2,False,False,,Alkem Laboratories Ltd.,Healthcare,EQ,INE540L01014,SELL,Stage 4 takes precedence: the guide requires SELL regardless of RS.
ALKYLAMINE,2026-09-04,2020.9000244140625,0.128558355634941,0.44978442232592,0.2254630551144825,-0.03186545635129023,0.18009974647179885,1668.4730993819564,1.9459178246020725,Stage 2 — Advancing,1895.0411807789521,2115.0,False,1205.1967651271746,0.6927514515614798,2.8535974851101735,210371596.66895142,1897.1680053710938,False,21.122721436902616,True,-4.4491714225029515,True,True,True,True,False,False,False,False,1665.8050528971355,1650.7887078857423,True,3.694606647465061,3,0.409016780922812,21.45153433436761,0.724559118776967,True,2115.0,0.08690491763693058,0.09032138357919413,False,4.65633996977266,71.0,True,True,5,True,True,True,True,True,True,True,True,8,True,False,,Alkyl Amines Chemicals Ltd.,Chemicals,EQ,INE150B01039,HOLD,Stage 2 + RS 71; trend/leadership is adequate without a stronger entry trigger.
ABDL,2026-09-04,609.9500122070312,0.07586157077354017,0.366877105991841,-0.021578508334785584,0.2454076980599913,0.14848588745282543,556.2942650104391,1.6181620053327794,Stage 2 — Advancing,626.9666688208487,711.7000122070312,False,378.81990505354565,0.2551940189038664,1.4066801919141567,193539651.76810914,627.0600024414063,True,9.645209481996964,False,-14.29675400516942,True,False,True,True,False,False,False,False,554.3893900553386,557.816046295166,False,2.8374717726792458,3,0.6446107962146004,18.504989454562512,0.6896589370214079,False,711.7000122070312,0.026229726821278963,0.029986410128634487,False,16.68169488706621,67.0,True,True,4,True,False,False,True,False,True,True,False,4,False,False,,Allied Blenders and Distillers Ltd.,Fast Moving Consumer Goods,EQ,INE552Z01027,HOLD,Stage 2 + RS 67; trend/leadership is adequate without a stronger entry trigger.
ALOKINDS,2026-09-04,7.829999923706055,-0.36496350590790805,-0.4121621544219273,-0.52139366555086,-0.5695437221650577,-0.44660531079073224,12.820410947277121,-3.0054061992227155,Stage 4 — Declining,11.628823532777673,19.34000015258789,False,7.059999942779541,5.388958437909351,0.494761529488644,244860462.7301197,11.604800004959106,True,-38.92551529037345,False,-59.5139614171186,False,False,False,False,True,True,False,False,12.90286665916443,13.666600029468537,False,8.556832447546608,2,4.540133133146042,48.57975106946278,13.536256512634115,False,13.729999542236328,0.0003367140829562515,0.0008120280535645641,False,75.35120914455536,1.0,True,False,0,False,False,False,False,False,False,False,False,0,False,False,,Alok Industries Ltd.,Textiles,EQ,INE270A01029,SELL,Stage 4 takes precedence: the guide requires SELL regardless of RS.
ARE&M,2026-09-07,842.9500122070312,-0.002644302116409425,0.049831862928949366,-0.10321310759227442,-0.16254720296724112,-0.04424341037267701,846.2980225445473,0.3955677517746947,Stage 1 — Basing,895.6351964613971,1045.6583132078367,False,666.0087356197063,0.7176969838795615,0.8807736235978185,1008387596.9665893,897.1988781738281,True,-0.39560654146982843,False,-19.38571122520353,False,False,True,True,False,False,False,False,846.6782181803385,860.6412368774414,False,2.1777266683624297,2,1.1057658599779852,19.346996946031318,0.4525104560211991,False,1017.2999877929688,0.036402779413146485,0.044998271978568476,False,20.683311354305612,33.0,True,False,2,False,False,False,True,False,False,True,False,2,False,False,2.0,Amara Raja Energy & Mobility Ltd.,Automobile and Auto Components,EQ,INE885A01032,AVOID,Stage 1 + RS 33; weak RS in a basing stage is AVOID.
AMBER,2026-09-04,7474.0,-0.01877379545752922,-0.023899699621261594,0.10725925925925917,-0.029098467134320627,0.003342700317723701,7518.695205479452,1.3597999967013719,Stage 1 — Basing,7468.754901960784,8974.0,False,5400.5,0.4599134709725381,1.8883462124798527,2492001330.55,7464.95,False,-0.5944542804033226,False,-16.714954312458207,False,True,False,True,False,False,False,False,7484.743333333333,7237.785,False,2.1555678733896557,1,1.1434238271238257,14.13218035824583,0.713416335256578,False,8095.0,0.3214049911285158,0.3817543461194995,False,8.308803853358304,43.0,True,False,2,False,True,False,False,True,True,True,False,4,False,False,3.0,Amber Enterprises India Ltd.,Consumer Durables,EQ,INE371P01015,AVOID,Stage 1 + RS 43; weak RS in a basing stage is AVOID.
AMBUJACEM,2026-09-07,398.6000061035156,-0.04065851157328826,-0.14178247102281993,-0.24958219872402843,-0.29314804145563833,-0.15316594686981266,440.13460948369277,-1.7929780404791762,Stage 4 — Declining,424.19901948816636,597.8407381419596,False,392.0593533114177,0.34407735679994306,0.7526088417206231,933387396.1990799,424.1979998779297,True,-9.436795581447232,False,-33.32672387928397,False,False,False,False,False,False,False,False,442.5124871826172,467.07568618774417,False,1.9290730458050773,2,1.0899350634821574,12.308548769596282,0.5413176657571629,False,450.5,0.017213533289209305,0.025238144721117673,False,13.020570271392828,12.0,True,False,0,False,False,False,False,False,False,False,False,0,False,False,,Ambuja Cements Ltd.,Construction Materials,EQ,INE079A01024,SELL,Stage 4 takes precedence: the guide requires SELL regardless of RS.
ANANDRATHI,2026-09-04,2215.89990234375,0.26579454658227886,0.4147558756983021,0.5133577452713229,0.5050052145164776,0.3929415857301321,1832.2436991652398,2.699893021824451,Stage 2 — Advancing,2105.537248200061,2242.0,True,1351.1991966764108,0.3681443729844437,2.031735566694209,460531476.5505737,2108.9979931640623,False,20.939147087982988,True,-1.1641435172279224,True,True,True,True,False,False,False,False,1822.3813623046874,1740.4000628662109,True,1.669427853139192,3,0.3020262623415961,15.414807118016839,0.492769217220924,True,2242.0,0.09529051223634893,0.09529051223634893,True,1.1778554450335932,87.0,True,True,5,True,True,True,True,True,True,True,True,8,True,False,,Anand Rathi Wealth Ltd.,Financial Services,EQ,INE463V01026,WAIT,"Stage 2 + RS 87; wait because price is more than 20% above the 30-week line (currently +21%) — the guide treats that as poor entry timing, not a failed trend."
ANANTRAJ,2026-09-07,638.25,0.12147834418553183,0.30695849869889535,0.2147040094304007,0.19439278596026344,0.19180239649212463,538.2424466903896,1.108716221157291,Stage 2 — Advancing,597.059543983609,742.4300925158334,False,402.3389018697037,1.8373796819798214,3.0752415119515386,1817344427.383203,598.7425903320312,False,18.58039140624248,False,-14.032310053974761,True,True,True,True,False,False,False,False,538.645069173177,540.7535707092285,False,3.1783356623072994,2,0.8467101073624885,21.354190707887273,1.6443602750718231,False,649.0,0.027562813481203652,0.0316419246218884,False,1.684292988640812,72.0,True,True,5,True,False,False,True,True,True,True,True,6,False,False,,Anant Raj Ltd.,Realty,EQ,INE242C01024,HOLD,Stage 2 + RS 72; trend/leadership is adequate without a stronger entry trigger.
ANGELONE,2026-09-04,299.79998779296875,-0.10948429503255053,0.36604608906512603,0.1641419692438446,0.3538932448639902,0.13302254262157198,295.4443279945687,0.7648910101739625,Stage 2 — Advancing,309.3471841251149,359.3387168134344,False,206.12108714450565,4.86668967995242,0.7633128289259008,1915150909.196399,308.8497998046875,True,1.4742742999892977,False,-16.568971345043693,True,False,True,True,False,False,False,False,294.37546213785805,283.59166534423827,True,3.2771853595541183,2,1.304064296157216,22.60651623775769,1.446294752525812,False,355.6500969068474,0.012892321704164874,0.01534267578363301,False,18.629123211454825,65.0,True,True,4,True,True,True,True,False,True,True,False,6,False,False,,Angel One Ltd.,Financial Services,EQ,INE732I01021,HOLD,Stage 2 + RS 65; trend/leadership is adequate without a stronger entry trigger.
ANTHEM,2026-09-04,934.0499877929688,0.2561840704419698,0.40286906833427794,0.4146303157800937,0.10957968297443688,0.28788944159454966,759.4328847388699,2.7653490684265147,Stage 2 — Advancing,826.4813747032016,973.5,False,577.6439689831894,1.1207643557955769,2.056121178525552,755013274.7555053,827.777001953125,False,22.993092156410988,True,-4.052389543608759,True,True,True,True,False,False,False,False,755.4070373535156,726.6339199829101,True,3.169759529406603,2,2.0963522823510607,24.80739599383667,1.4108327241769427,False,973.5,0.04016702275089502,0.040883200142213125,False,4.223543998993695,82.0,True,True,5,True,True,True,True,True,True,True,True,8,True,False,,Anthem Biosciences Ltd.,Healthcare,EQ,INE0CZ201020,WAIT,"Stage 2 + RS 82; wait because price is more than 20% above the 30-week line (currently +23%) — the guide treats that as poor entry timing, not a failed trend."
ANURAS,2026-09-07,1233.5999755859375,-0.07122419745797437,-0.015404300783816272,-0.02203904256386746,0.11075094786951256,-0.013828158078823979,1279.4289685479525,0.017198141492968944,Stage 1 — Basing,1242.9470669615503,1415.0,False,1045.199951171875,0.8866629152625768,1.8637308336790963,375279391.98190916,1242.3140087890624,True,-3.5819880656623893,False,-12.81978971124117,False,False,False,True,False,False,False,False,1279.2046695963543,1279.9330041503906,True,1.6843864317668826,2,0.9768809201304903,7.894936359356894,0.6145334069492626,False,1294.5,0.05327299026634168,0.06144606148638546,False,4.936772504809439,39.0,True,False,1,False,False,True,False,False,False,True,False,2,False,False,2.0,Anupam Rasayan India Ltd.,Chemicals,EQ,INE930P01018,AVOID,Stage 1 + RS 39; weak RS in a basing stage is AVOID.
APARINDS,2026-09-04,17421.0,0.2707710263330658,0.7382757932548394,0.9690307996609211,1.2060276054197798,0.6909752502003345,13108.222602739726,4.746528704961839,Stage 2 — Advancing,15501.70588235294,18465.0,False,6801.0,0.5820132214979746,1.2851310324059262,2716811748.85,15491.3,False,32.901313381410446,True,-5.65393988627132,True,True,True,True,False,False,False,False,13004.89,11844.0925,True,3.815182005297383,3,0.44771539664368476,28.069320335770374,0.7232661682863591,True,18465.0,0.7491565895704941,0.7622860063026999,False,5.992767349750294,96.0,True,True,5,True,True,True,True,True,True,True,True,8,True,False,,Apar Industries Ltd.,Capital Goods,EQ,INE372A01015,WAIT,"Stage 2 + RS 96; wait because price is more than 20% above the 30-week line (currently +33%) — the guide treats that as poor entry timing, not a failed trend."
APOLLOHOSP,2026-09-04,8650.0,0.049832680546070485,0.1296725045280449,0.20421698909045416,0.0976666961398569,0.10624431017009939,8175.790199593322,1.4717722296127222,Stage 2 — Advancing,8810.743240655638,9039.4765625,False,6679.845437739152,0.8994610925705239,0.8107625031460108,3531710614.7990723,8815.31791015625,True,5.800170856026443,False,-4.308618533463893,True,False,True,True,False,False,False,False,8145.700563151042,7887.534248046875,True,1.5115606936416184,2,0.9086964202899745,5.9944686740031665,0.7710352981274516,False,9039.4765625,0.37197660867830634,0.3857242529408201,False,4.502619219653181,61.0,True,True,4,True,True,True,True,False,False,True,False,5,False,False,,Apollo Hospitals Enterprise Ltd.,Healthcare,EQ,INE437A01024,HOLD,Stage 2 + RS 61; trend/leadership is adequate without a stronger entry trigger.
APOLLO,2026-09-07,403.95001220703125,-0.04129581973284613,0.8338857055968867,0.5423826713287057,0.3268188405666357,0.32409911560530713,329.81020522444214,3.0763013891049518,Stage 2 — Advancing,396.33235258214614,466.5,False,179.5,1.4027256390905902,1.8020531633986545,1781875611.8630996,396.1159997558594,False,22.47953696039684,True,-13.408357511890411,True,True,True,True,False,False,False,False,327.58093312581383,308.6089498901367,True,2.608173864831713,2,0.4466806909939198,19.828510182207932,0.4999389948726651,True,466.5,0.017444573195757682,0.01940402589481409,False,15.484586187092585,84.0,True,True,5,True,True,True,True,True,True,True,True,8,True,False,,Apollo Micro Systems Ltd.,Capital Goods,EQ,INE713T01028,WAIT,"Stage 2 + RS 84; wait because price is more than 20% above the 30-week line (currently +22%) — the guide treats that as poor entry timing, not a failed trend."
APOLLOTYRE,2026-09-07,420.79998779296875,0.06654865263358833,-0.03762024971194089,-0.18275099213604973,-0.11732707226373307,-0.040920201768909405,425.8846730271431,-0.9077947096482464,Stage 4 — Declining,435.6683995863971,533.7088183031568,False,363.2227809620478,0.4998733718009268,1.8726590004882109,362279942.88505554,436.01660705566405,True,-1.1939112995151824,False,-21.155511514530325,False,False,True,False,False,False,False,False,427.8884071858724,446.9295922851563,False,2.4579021414708184,2,0.8456506859891114,11.553273578338866,0.43996404366394276,False,467.3999938964844,0.018172239054336656,0.022283213883416485,False,11.07414625839831,34.0,True,False,1,False,False,False,False,False,False,True,False,1,False,False,,Apollo Tyres Ltd.,Automobile and Auto Components,EQ,INE438A01022,SELL,Stage 4 takes precedence: the guide requires SELL regardless of RS.
APTUS,2026-09-04,258.8500061035156,-0.015592340419012918,0.1438684073467611,-0.07986976279789115,-0.19971005754975513,-0.0333792187677822,254.35491692529965,-0.3166738803184299,Stage 3 — Topping,270.9882360720167,347.60280033473435,False,191.24135126964168,1.0338811387149047,2.286704949489249,309353558.82420427,271.1060006713867,True,1.7672507504685298,False,-25.53281911013133,True,False,True,False,False,False,False,False,254.78730346679689,260.2169512939453,False,2.5381484875723084,2,0.5665432911850942,20.24271943422583,1.517697621698204,False,309.0,0.01113134652332308,0.014940871448353902,False,19.374152101209184,35.0,True,False,2,False,False,False,True,False,True,False,False,2,False,False,,Aptus Value Housing Finance India Ltd.,Financial Services,EQ,INE852O01025,SELL,Stage 3 + RS 35; RS below 50 in Stage 3 triggers SELL.
ACI,2026-09-04,504.20001220703125,-0.04715111226661828,-0.043010919607274545,-3.528583859457868e-05,-0.2632068326291973,-0.0801110525216606,552.0102001869515,-0.9214342435000522,Stage 4 — Declining,524.5235314462699,722.5861228075659,False,479.79998779296875,1.835700173579949,2.520124517305114,207928521.78432924,524.5640020751953,True,-8.661105893283882,False,-30.222848696845737,False,False,False,False,False,False,False,False,552.8510756429037,546.1094161987305,False,3.2675536899334245,2,1.3300696815181487,20.59578191262412,2.851893625020394,False,604.25,0.021682151518651115,0.030708519116068003,False,19.84331324289752,26.0,True,False,0,False,True,False,False,False,False,False,False,1,False,False,,Archean Chemical Industries Ltd.,Chemicals,EQ,INE128X01021,SELL,Stage 4 takes precedence: the guide requires SELL regardless of RS.
ARVINDFASN,2026-09-04,446.5,-0.04890649591474572,0.04054841946778165,-0.09170856104129521,-0.1709498067747821,-0.06398458803555743,450.12494753484856,-0.20034508427680953,Stage 4 — Declining,456.72617534562653,576.9839137121372,False,364.92489307412075,0.2596248927918652,0.8022995318207542,97489354.98433991,456.50837768554686,True,-0.8053202904440004,False,-22.614826966776914,False,False,True,False,False,False,False,False,451.14079060872393,459.62584884643553,False,3.02911543918598,2,1.0668091179079897,12.204575883213735,0.5106072933240008,False,484.30771476361497,0.019200873499984252,0.024084970899559494,False,8.467573295322506,29.0,True,False,1,False,False,False,False,False,False,True,False,1,False,False,,Arvind Fashions Ltd.,Consumer Services,EQ,INE955V01021,SELL,Stage 4 takes precedence: the guide requires SELL regardless of RS.
ARVIND,2026-09-07,564.5,0.15255420094050987,0.6562830153488046,0.7149367618589535,0.9689136311997508,0.5290483620577058,456.25365144912513,3.452725390731848,Stage 2 — Advancing,538.5929930443857,595.2380724658142,False,275.6944407527197,0.6208059875557891,1.053552351559924,434856794.789447,538.4620758056641,False,23.72503720399155,True,-5.163996371818024,True,True,True,True,False,False,False,False,453.83490295410155,419.4270181274414,True,3.2047509346135405,2,0.6166284895194898,15.84166567060509,0.7812062789665797,False,595.2380724658142,0.02437792120664232,0.025328286862673504,False,5.4451855563886875,92.0,True,True,5,True,True,True,True,True,True,True,True,8,True,False,,Arvind Ltd.,Textiles,EQ,INE034A01011,WAIT,"Stage 2 + RS 92; wait because price is more than 20% above the 30-week line (currently +24%) — the guide treats that as poor entry timing, not a failed trend."
ASAHIINDIA,2026-09-04,955.9000244140625,0.07235808641849362,0.11125320954308293,-0.09126342596433978,0.17230806449995106,0.0674028041831363,882.9113037945473,-0.09614959129021772,Stage 3 — Topping,909.0921594956342,1074.0,False,775.0999755859375,1.4062077049503923,1.223594143644818,183049229.48189086,909.2960021972656,False,8.26682366686513,False,-10.996273332023975,True,True,True,False,False,False,False,False,885.4816691080729,911.9447521972656,False,2.198376575985926,3,0.3387406483442754,14.763859116321226,0.7628774456771067,False,974.0,0.04110664153954372,0.04476487420013066,False,1.8935009021505467,56.0,True,True,4,True,False,False,False,True,False,True,False,3,False,False,,Asahi India Glass Ltd.,Automobile and Auto Components,EQ,INE439A01020,REDUCE,Stage 3 with RS 56; the guide requires REDUCE when RS is 50 or higher.
ASHAPURMIN,2026-09-07,538.1500244140625,-0.23422266180852014,0.03143272527850982,-0.20807882557417556,-0.041147554015754984,-0.1372477955856922,617.2863002411307,-1.145303767042849,Stage 4 — Declining,644.9852929208793,924.9000244140625,False,455.1000061035156,0.6170086467711561,0.4371416867844519,218620514.4933258,644.4439990234375,True,-12.820027885951003,False,-41.81533028340135,False,False,True,False,True,True,False,False,618.7776654052734,657.6789994812011,False,3.517342616213554,3,0.8202595225588004,28.638876670674527,0.718856068700469,False,751.9500122070312,0.023239998038119856,0.03766346848122944,False,39.7286961058404,14.0,True,False,1,False,False,False,False,False,False,False,False,0,False,False,,Ashapura Minechem Ltd.,Metals & Mining,EQ,INE348A01023,SELL,Stage 4 takes precedence: the guide requires SELL regardless of RS.
ASHOKLEY,2026-09-07,170.0,0.17007369988106147,-0.11183014988870688,0.07484791321504569,0.3311357861564923,0.1268601898489908,167.85344330252033,-0.8424402918536633,Stage 3 — Topping,166.12568694469977,211.80679384961218,False,128.29644863699056,0.5662342939007775,0.6802372603068128,2699837905.7563477,166.30100067138673,False,1.2788279199080543,False,-19.738174158519193,True,True,False,False,True,False,False,False,168.6483009847005,169.42429542541504,True,2.288236217338498,2,1.0971955358515717,19.217296768920043,0.6658428920645214,False,182.6999969482422,0.0073414465989888305,0.008999157469214435,False,7.470586440142468,64.0,True,True,3,True,False,True,False,True,True,True,False,5,False,False,,Ashok Leyland Ltd.,Capital Goods,EQ,INE208A01029,REDUCE,Stage 3 with RS 64; the guide requires REDUCE when RS is 50 or higher.
ASHOKA,2026-09-04,115.55000305175781,-0.05972818271906433,-0.068520756073287,-0.2950399580860409,-0.3919061127581285,-0.174984638471117,126.52034289216343,-1.6410466967406667,Stage 4 — Declining,121.50431389902153,214.5,False,101.0,0.3561977208843548,10.703414122241856,725049573.1189312,121.31380020141602,True,-8.670811025034864,False,-46.13053470780522,False,False,False,False,False,False,False,False,127.20466705322265,136.4011003112793,False,3.1680771087137525,1,1.4571542827460549,18.907074780549014,7.5448593228688265,False,136.8800048828125,0.0049690055801110775,0.008886341152521541,False,18.45954242121519,10.0,True,False,0,False,False,False,False,False,False,False,False,0,False,False,,Ashoka Buildcon Ltd.,Construction,EQ,INE442H01029,SELL,Stage 4 takes precedence: the guide requires SELL regardless of RS.
ASIANPAINT,2026-09-07,2500.89990234375,-0.06107945991532404,0.1066452388921022,-0.15021130887397727,-0.02068507683469678,-0.03728201332944398,2528.0351311670593,0.3395962061572444,Stage 1 — Basing,2678.4490081188724,2960.0187763517797,False,2096.8080953222207,0.25260412342051475,0.7454476890137349,1591382180.685327,2678.879990234375,True,-1.0733722996476902,False,-15.510674380717726,False,False,True,True,False,False,False,False,2524.8099560546875,2582.8981799316407,True,1.8924612264987983,1,1.426819282283936,13.069135783104924,0.5942772952311185,False,2864.0,0.1080013122498413,0.1234889690980411,False,14.518777713412923,34.0,True,False,2,False,False,True,True,False,False,True,False,3,False,False,2.0,Asian Paints Ltd.,Consumer Durables,EQ,INE021A01026,AVOID,Stage 1 + RS 34; weak RS in a basing stage is AVOID.
ASTERDM,2026-09-04,785.75,0.06462978523944041,0.21554365144035614,0.20810061999749996,0.2418438249520769,0.15894953337376277,733.0594804319617,1.900912064046989,Stage 2 — Advancing,800.0735341988358,891.2999877929688,False,516.8361420654307,0.4298725933149315,0.08187832167386971,4616087150.643133,800.6940051269531,True,7.1877550150487135,False,-11.842251681651083,True,False,True,True,True,True,False,False,728.0014241536459,698.5954266357422,True,2.997137159603541,2,0.7792928161717211,16.526420936873567,1.0282633420311995,False,891.2999877929688,0.033789667083118986,0.036797208555845576,False,13.433024218004297,69.0,True,True,4,True,True,True,True,False,True,True,False,6,False,False,,Aster DM Quality Care Ltd.,Healthcare,EQ,INE914M01019,REDUCE,Stage 2 + RS 69; distribution warning (U/D 0.08) triggers REDUCE.
ASTRAMICRO,2026-09-07,1711.5999755859375,0.20577666473119938,0.6488607437745377,0.8842957247638588,0.7007253607472388,0.5290870317496068,1351.1982827382544,3.938439373350655,Stage 2 — Advancing,1746.7333290249694,1960.0,False,851.0,0.8917632154500155,0.7583537630967806,579900446.784497,1747.1219946289064,True,26.6727465133626,True,-12.673470633370531,True,False,True,True,False,False,False,False,1340.0879951985678,1239.9934963989258,True,3.154108351453814,2,0.8998897676822774,16.785714285714285,0.3981428913779036,False,1960.0,0.07391541070349851,0.07941978387396574,False,14.512738254102086,92.0,True,True,4,True,True,True,True,False,True,True,True,7,False,False,,Astra Microwave Products Ltd.,Capital Goods,EQ,INE386C01029,WAIT,"Stage 2 + RS 92; wait because price is more than 20% above the 30-week line (currently +27%) — the guide treats that as poor entry timing, not a failed trend."
ASTRAL,2026-09-04,1492.9000244140625,-0.03488796304589625,-0.09208328387237064,0.03786228071366504,0.05303555536268312,-0.014192274777562994,1530.5718191486515,0.22760313922836062,Stage 1 — Basing,1445.6273384842218,1765.9224658214252,False,1309.540253350694,0.6209049522783711,0.9293438725876408,2521394173.758197,1444.848583984375,False,-2.4612889289666318,False,-15.46061317478995,False,True,False,True,False,False,False,False,1529.5346736653646,1505.0620782470703,True,2.1784071435877914,2,0.8365306872280023,18.025004587358254,2.0557069384251765,False,1597.4874371859296,0.06419929343090217,0.07910053295075928,False,7.0056541671580375,38.0,True,False,2,False,True,True,False,True,False,True,False,4,False,False,2.0,Astral Ltd.,Capital Goods,EQ,INE006I01046,AVOID,Stage 1 + RS 38; weak RS in a basing stage is AVOID.
ATHERENERG,2026-09-04,1584.0,0.6029954570301763,1.2596291012838803,1.3564414924648096,2.2522329118162587,1.2148588839250603,1028.1304772781998,6.470264890798338,Stage 2 — Advancing,1355.0499985638787,1744.0,False,488.3500061035156,1.0620416647424702,1.7446637548456567,8009362059.736328,1362.1759985351562,False,54.06604852269044,True,-9.174311926605505,True,True,True,True,False,False,False,False,1018.6669978841146,931.9707485961914,True,4.066557560820256,2,0.9033982334990883,43.23967749919366,1.5799296277417205,False,1744.0,0.06811687261808523,0.07393347643758856,False,10.1010101010101,98.0,True,True,5,True,True,True,True,True,True,True,True,8,True,False,,Ather Energy Ltd.,Automobile and Auto Components,EQ,INE0LEZ01016,WAIT,"Stage 2 + RS 98; wait because price is more than 20% above the 30-week line (currently +54%) — the guide treats that as poor entry timing, not a failed trend."
ATLANTAELE,2026-09-04,1881.699951171875,,,,,,1519.1396581189385,4.568455199989208,Stage 2 — Advancing,1696.5392252604167,,False,,0.7212378746832123,1.5203620967448015,324518405.71931154,1694.230009765625,False,23.866159448557454,True,,True,True,True,True,False,False,False,False,1494.7153361002604,1340.1885012817384,True,4.677002291347283,2,1.066592677578189,22.441558441558442,1.2586166733975361,False,1925.0,0.08091888628752007,,False,2.3011133523789917,,True,False,4,True,True,True,True,True,False,False,False,5,False,False,,Atlanta Electricals Ltd.,Capital Goods,EQ,INE0Z4F01028,WAIT,"Stage 2 + RS unavailable; wait because price is more than 20% above the 30-week line (currently +24%) — the guide treats that as poor entry timing, not a failed trend."
ATUL,2026-09-04,6386.0,-0.04770896166677263,-0.013907653518419827,0.11492163213572604,0.0030461368790557497,0.0017284384325633381,6548.633668664384,0.35652261221943427,Stage 1 — Basing,6503.734518612132,7144.769440445724,False,5533.215936920114,0.3492237800394707,0.6937219313794903,217142720.15,6501.053818359375,True,-2.4834748268573237,False,-10.619928981198711,False,False,False,True,True,False,False,False,6538.562001953125,6388.794641113282,True,2.211869715001566,3,0.38485582142553776,14.905114930976465,0.5988456850608226,False,7007.0,0.27461764427972996,0.3135730749156398,False,9.724397118697148,43.0,True,False,1,False,True,True,False,False,False,True,False,3,False,False,3.0,Atul Ltd.,Chemicals,EQ,INE100A01010,AVOID,Stage 1 + RS 43; weak RS in a basing stage is AVOID.
AURIONPRO,2026-09-07,668.7000122070312,-0.14048841618633512,-0.22126469931176762,-0.37777980590967086,-0.4799026358576328,-0.2719847946903483,821.6859594893782,-1.909061202218565,Stage 4 — Declining,769.904904833027,1305.5547733381093,False,665.1500244140625,1.1154096089596526,1.4300212036753037,154467674.17815247,767.9110034179688,True,-18.618542219878908,False,-48.780393908923116,False,False,False,False,False,False,False,False,824.7360005696614,882.293249206543,False,3.546859799357864,4,0.7294097929758644,26.777850447208152,1.3800034494961126,False,908.4000244140625,0.028877796649182934,0.05485227412669972,False,35.84567187548062,3.0,True,False,0,False,False,False,False,False,False,False,False,0,False,False,,Aurionpro Solution Ltd.,Information Technology,EQ,INE132H01018,SELL,Stage 4 takes precedence: the guide requires SELL regardless of RS.
AUROPHARMA,2026-09-04,1653.0999755859375,0.12947526862600256,0.38288434149582806,0.351565700746584,0.5956563470906733,0.3178113853170181,1442.7534238214362,2.1860901874467986,Stage 2 — Advancing,1597.3784299364277,1717.0,False,1033.199951171875,0.5509721475380184,1.1501515971624854,1387505977.983197,1598.2219995117186,False,14.57952192602352,False,-3.7216088767654365,True,True,True,True,False,False,False,False,1436.222665201823,1375.3764971923829,True,2.2732192655199968,2,1.1450325522645755,11.939429237041352,0.7350080172016228,False,1717.0,0.07108838413001711,0.07321852461054894,False,3.8654664181102083,84.0,True,True,5,True,True,True,True,True,True,True,True,8,True,False,,Aurobindo Pharma Ltd.,Healthcare,EQ,INE406A01037,HOLD,Stage 2 + RS 84; trend/leadership is adequate without a stronger entry trigger.
AIIL,2026-09-07,514.9500122070312,0.11292413793285405,0.1916001839175785,-0.025195921161056734,-0.16653180463574357,0.045144146797297245,503.47226265685197,0.3837439066392445,Stage 2 — Advancing,542.6254924699372,683.0,False,400.0,0.28470740237575715,0.7737254272472622,231409455.8903412,543.1170025634766,True,2.279718348258264,False,-24.604683425032025,True,False,True,True,False,False,False,False,503.60833557128905,519.4566511535645,False,4.255615275726119,2,1.9946930293096397,17.961168705206028,0.985525505478044,False,607.7000122070312,0.02223810597509745,0.028474190345205756,False,18.01145699608424,50.0,True,True,4,False,False,False,True,False,False,True,False,2,False,False,,Authum Investment & Infrastructure Ltd.,Financial Services,EQ,INE206F01022,HOLD,Stage 2 + RS 50; trend/leadership is adequate without a stronger entry trigger.
AVALON,2026-09-04,2196.60009765625,0.34127139472920387,1.3222328374681385,1.4527945146531063,1.543538860299174,1.0002218003757655,1451.9869932409836,6.494758017882907,Stage 2 — Advancing,1905.5882472617952,2400.0,False,777.2999877929688,1.5284546790037061,1.2957960901493433,1104799365.165155,1908.6940112304687,False,51.28235362172313,True,-8.474995930989582,True,True,True,True,False,False,False,False,1439.4390071614582,1302.8217547607421,True,6.353649052876619,2,1.0923434060708355,32.458333333333336,1.0274726712621425,False,2400.0,0.09446056126573507,0.10120531626868902,False,9.259760234044222,98.0,True,True,5,True,True,True,True,True,True,True,True,8,True,False,,Avalon Technologies Ltd.,Capital Goods,EQ,INE0LCL01028,WAIT,"Stage 2 + RS 98; wait because price is more than 20% above the 30-week line (currently +51%) — the guide treats that as poor entry timing, not a failed trend."
AVANTIFEED,2026-09-07,786.5499877929688,-0.2837486166116868,-0.3172527620173423,-0.029442674401299995,0.22880787042113737,-0.1370769598441757,1118.5562723238174,-0.3238259303302016,Stage 4 — Declining,899.6109499463848,1575.9303166617983,False,624.5679941941372,0.4072601973171648,0.7579554952696383,298962888.9986938,899.1148107910157,True,-29.681679209674506,False,-50.08979905538769,False,False,False,False,False,False,False,False,1116.006787516276,1039.7751055908202,True,2.8210900060853907,2,1.3746128869762781,25.64661425497136,0.5148629564956758,False,1052.0704500027455,0.033967145487161156,0.065011672214492,False,33.757608077118874,14.0,True,False,0,False,True,True,False,False,False,False,False,2,False,False,,Avanti Feeds Ltd.,Fast Moving Consumer Goods,EQ,INE871C01038,SELL,Stage 4 takes precedence: the guide requires SELL regardless of RS.
DMART,2026-09-07,3710.0,-0.10477297786038986,-0.04277827719163574,-0.06125859458869087,-0.22600293093040236,-0.10791715168630174,4093.386991317958,0.11163073896529596,Stage 1 — Basing,3978.1039225260415,4818.0,False,3600.0,0.5130210631856401,0.3630382936267208,1664998590.863037,3970.5260009765625,True,-9.366008934193582,False,-22.997094229970937,False,False,False,True,True,True,False,False,4087.0680045572917,4019.4725085449218,False,2.373700235548229,2,0.6066611726345432,16.349385533209336,0.8725115912706317,False,4402.0,0.1602162757779327,0.21474421533017907,False,18.6522911051213,19.0,True,False,1,False,True,False,False,False,False,True,False,2,False,False,3.0,Avenue Supermarts Ltd.,Consumer Services,EQ,INE192R01011,AVOID,Stage 1 + RS 19; weak RS in a basing stage is AVOID.
CCAVENUE,2026-09-04,15.699999809265137,0.12223016912960949,-0.006329137991299971,-0.12534823721678,-0.01381911218432752,0.019792770173362294,15.464931494569125,-0.44020775430627657,Stage 3 — Topping,16.373333332585354,20.5,False,12.920000076293945,2.033322281673545,0.9564500932714683,180801762.85286427,16.379400005340575,True,1.520008768086445,False,-23.41463507675543,True,False,True,False,False,False,False,False,15.507333316802978,15.858699989318847,False,2.8434945539598786,3,0.5029674406621807,20.85333251953125,0.6016140076598604,False,18.75,0.0006751482873179771,0.0008419415805485654,False,19.426753043238556,47.0,True,False,2,False,False,False,True,False,False,True,False,2,False,False,,AvenuesAI Ltd.,Financial Services,EQ,INE483S01020,SELL,Stage 3 + RS 47; RS below 50 in Stage 3 triggers SELL.
AWFIS,2026-09-04,260.79998779296875,-0.15585053410451577,-0.04486358010492997,-0.4695953196699161,-0.5507321485047911,-0.27537842329773377,303.1337661743164,-2.6939325812721293,Stage 4 — Declining,280.0725486605775,639.4000244140625,False,229.0500030517578,0.45984329161157184,0.9502980319570958,78438537.96531525,279.5769995117187,True,-13.965378689289176,False,-59.21176449250807,False,False,False,False,False,False,False,False,305.26886586507163,349.7836496734619,False,3.5906006857963435,2,1.2496112932138377,22.149732570637198,1.5057980565810276,False,321.8999938964844,0.01121520173440141,0.02658486128880113,False,23.427917547304,3.0,True,False,0,False,False,False,False,False,False,False,False,0,False,False,,Awfis Space Solutions Ltd.,Services,EQ,INE108V01019,SELL,Stage 4 takes precedence: the guide requires SELL regardless of RS.
AXISBANK,2026-09-04,1273.0,0.016501802006058552,-0.057217679012783185,-0.004701709223960737,0.21285387740708983,0.0367876186364926,1291.6641653400577,-0.3449214191559413,Stage 4 — Declining,1272.8674962660846,1417.2070248903838,False,1046.9925703048245,0.6096176533141897,1.2354768972528156,5970950974.569293,1270.8020727539063,False,-1.4449704374313144,False,-10.17543819340987,False,True,False,False,False,False,False,False,1292.7723681640625,1288.1770666503905,True,1.807876944796109,2,0.7430124210622967,13.145767182255852,0.7098083762188552,False,1391.5268564078813,0.05474291593612531,0.06098353343007205,False,9.31082925435045,49.0,True,False,1,False,True,True,False,True,False,True,False,4,False,False,,Axis Bank Ltd.,Financial Services,EQ,INE238A01034,SELL,Stage 4 takes precedence: the guide requires SELL regardless of RS.
AZAD,2026-09-04,2777.300048828125,0.2621222671338901,0.6980313586964837,0.6986544641150612,0.7631412740725034,0.5368143262303657,2081.942473111087,4.425993137988926,Stage 2 — Advancing,2486.082368738511,2986.60009765625,False,1360.0,0.35671153363049485,2.847051552032578,1795342236.5680299,2495.4020166015625,False,33.399461546022046,True,-7.007970333637048,True,True,True,True,False,False,False,False,2066.4446736653645,1948.1545068359376,True,3.536323098915548,2,0.2805859677310253,34.407020158563064,0.6024270944641879,True,2986.60009765625,0.11943244548499198,0.12306249449854861,False,7.536097834169508,93.0,True,True,5,True,True,True,True,True,True,True,True,8,True,False,,Azad Engineering Ltd.,Capital Goods,EQ,INE02IJ01035,WAIT,"Stage 2 + RS 93; wait because price is more than 20% above the 30-week line (currently +33%) — the guide treats that as poor entry timing, not a failed trend."
BEML,2026-09-07,2097.199951171875,0.20335086780726908,0.27002143849246174,0.22960954838089087,0.030384174500035943,0.18734337939758536,1762.2855065750748,1.0573022486820127,Stage 2 — Advancing,1855.6529325597426,2269.4720026583113,False,1353.2059555406986,1.2367601897983778,2.2808554398270955,853213051.5777038,1858.5819921875,False,19.004550814679956,False,-7.59084277244434,True,True,True,True,False,False,False,False,1760.9502563476562,1764.3065979003907,False,2.8262175013895097,1,1.1671749454195963,21.57498939417313,1.364113982946346,False,2127.0,0.09056753793488413,0.09536294939604584,False,1.4209445699955081,72.0,True,True,5,True,False,False,True,True,True,True,True,6,False,False,,BEML Ltd.,Capital Goods,EQ,INE258A01024,HOLD,Stage 2 + RS 72; trend/leadership is adequate without a stronger entry trigger.
BLS,2026-09-07,239.1699981689453,-0.0839908365451204,-0.06519447933029032,-0.2760694966115187,-0.34156661847864356,-0.1701624535021387,261.263123499204,-0.7930731662260326,Stage 4 — Declining,247.00156836416207,369.79392627783915,False,218.89999389648438,0.3764415484635268,0.7214524702009341,823709392.856765,246.83659973144532,True,-8.456273902859479,False,-35.323437954670865,False,False,False,False,False,False,False,False,261.83661285400393,272.8898992919922,False,3.880983467738683,2,0.537932433693002,19.862046951081414,0.921179149499648,False,282.70001220703125,0.010328551586103343,0.015888373471928993,False,18.200449208239377,10.0,True,False,0,False,False,False,False,False,False,False,False,0,False,False,,BLS International Services Ltd.,Consumer Services,EQ,INE153T01027,SELL,Stage 4 takes precedence: the guide requires SELL regardless of RS.
BSE,2026-09-04,3409.800048828125,-0.1523817841120041,0.3014517343273906,0.23644966602721862,0.5403394262209744,0.1546954516703151,3472.6693081790454,0.8811880293184915,Stage 1 — Basing,3553.771824257047,4435.115403617064,False,2016.1882450384737,2.2013159484205422,0.8723365746785573,16946504032.57605,3547.6087451171875,True,-1.8104015606336787,False,-23.11812120948965,False,False,True,True,False,False,False,False,3455.538623046875,3275.6833642578126,True,3.22871895870894,2,1.1589728185276063,20.94495972235032,1.3943247213776266,False,3961.1642584733877,0.1466318911484635,0.19180203876599947,False,16.169986560788363,68.0,True,True,3,False,True,True,True,False,True,True,False,5,False,False,2.0,BSE Ltd.,Financial Services,EQ,INE118H01025,WATCH,Stage 1 + RS 68; adequate RS in a basing stage remains WATCH.
BAJAJ-AUTO,2026-09-07,11800.0,0.14097853413266304,0.21903679628348738,0.3136530354362994,0.3171957091721873,0.22636852183146006,10231.665052440068,1.7380050727441976,Stage 2 — Advancing,11157.333333333334,12470.0,False,8373.654962449684,0.29587031282379245,1.0328907794198314,2779637673.9,11187.88,False,15.328247548388152,False,-5.3728949478748955,True,True,True,True,False,False,False,False,10211.267890625,9939.565610351563,True,1.926150121065375,2,0.7589473412743171,23.80914194065758,0.6695039975417776,False,12470.0,0.5095827639298129,0.5296080871435542,False,5.677966101694909,76.0,True,True,5,True,True,True,True,True,True,True,True,8,True,False,,Bajaj Auto Ltd.,Automobile and Auto Components,EQ,INE917I01010,HOLD,Stage 2 + RS 76; trend/leadership is adequate without a stronger entry trigger.
BAJAJELEC,2026-09-07,342.1000061035156,0.10813133046047829,-0.030248889277983526,-0.2825131799788363,-0.39324501757001895,-0.09794888518117645,350.40037536621094,-1.3029279191336784,Stage 4 — Declining,337.48475856407015,647.9607286405871,False,298.3117066005431,0.5254748050143597,0.6207724178655091,69461450.0124115,337.9490954589844,False,-2.368824306772055,False,-47.20358951054999,False,True,False,False,True,False,False,False,352.0202290852865,377.81613143920896,False,2.791580339635266,2,0.8925124481015213,23.523533990393517,0.36750136922028087,False,407.5,0.01477358191954537,0.02556804620932024,False,19.11721506274837,22.0,True,False,1,False,False,False,False,True,False,False,False,1,False,False,,Bajaj Electricals Ltd,Consumer Durables,EQ,INE193E01025,SELL,Stage 4 takes precedence: the guide requires SELL regardless of RS.
BAJFINANCE,2026-09-07,1060.0,0.19914097320695623,0.12241218729886283,0.017668016795966413,0.13749578851783606,0.13517158780531557,970.8884866792862,0.9317829796349208,Stage 2 — Advancing,1063.560791015625,1176.4000244140625,False,783.0862114062364,0.4455197552362265,0.6212013438062376,4998860873.37254,1065.311007080078,True,9.178346900116253,False,-9.894595545595863,True,False,True,True,True,False,False,False,970.6679956054687,972.5178991699219,True,1.8119947736796667,1,0.9175280806146658,16.890514117933574,0.5862294065301304,False,1176.4000244140625,0.04577607879369506,0.048821283293898704,False,10.98113437868513,66.0,True,True,4,True,False,True,True,False,True,True,False,5,False,False,,Bajaj Finance Ltd.,Financial Services,EQ,INE296A01032,REDUCE,Stage 2 + RS 66; distribution warning (U/D 0.62) triggers REDUCE.
BAJAJFINSV,2026-09-07,1938.5999755859375,0.13918171216145403,0.03817976834114134,-0.07452701026102393,-0.03680791048172549,0.041041654384259996,1857.2729166109268,0.08603421633299746,Stage 2 — Advancing,1949.3098000919117,2193.128599829014,False,1595.6384533474438,0.4186201778005731,1.5201391017346864,1318103489.153009,1953.1399951171875,True,4.3788426702206396,False,-11.605731841850076,True,False,True,True,False,False,False,False,1861.4105118815105,1902.0196380615234,False,1.7361565600937763,2,0.46071653820794356,17.7956101014869,0.43379681619219107,True,2118.5,0.08371840116214829,0.09154544130113727,False,9.279894082310003,50.0,True,True,4,True,False,False,True,False,False,True,False,3,False,False,,Bajaj Finserv Ltd.,Financial Services,EQ,INE918I01026,HOLD,Stage 2 + RS 50; trend/leadership is adequate without a stronger entry trigger.
BAJAJHLDNG,2026-09-07,10956.0,0.08757119681414394,0.05039191170784152,-0.007947512830913106,-0.13762919484496616,0.015991519532050028,10479.027303617295,0.41788981658208435,Stage 2 — Advancing,11026.745098039215,13642.165482850582,False,8482.595476264942,0.7642329955011233,0.5986630247515976,525699483.0,11038.04,True,4.551688649747643,False,-19.69016932265871,True,False,True,True,True,True,False,False,10487.304739583333,10595.1893359375,False,2.380300422469097,2,0.7279991285959971,12.985228443833735,0.9752772563093397,False,11644.0,0.4731346408148331,0.5727775509078601,False,6.279664110989414,46.0,True,False,3,True,False,False,True,False,False,True,False,3,False,False,,Bajaj Holdings & Investment Ltd.,Financial Services,EQ,INE118A01012,REDUCE,Stage 2 + RS 46; distribution warning (U/D 0.60) triggers REDUCE.
BAJAJHFL,2026-09-04,83.08000183105469,-0.004075717398147716,-0.012598021942987536,-0.13736887200614978,-0.2582142693655831,-0.08326651962220318,85.59102714225037,-0.45231904761836583,Stage 4 — Declining,85.93568584965725,117.0,False,72.6500015258789,0.5073508159037607,0.8433143942285134,204804290.90472907,85.9043995666504,True,-2.9337483087127914,False,-28.99145142644899,False,False,True,False,False,False,False,False,85.73473302205403,88.25359970092774,False,1.3274648987643807,3,0.5089641375378915,13.074469059071642,0.5635046105949052,False,94.0,0.0035726956450986363,0.004960353724487638,False,13.143955137544893,25.0,True,False,1,False,False,False,False,False,False,False,False,0,False,False,,Bajaj Housing Finance Ltd.,Financial Services,EQ,INE377Y01014,SELL,Stage 4 takes precedence: the guide requires SELL regardless of RS.
BALAMINES,2026-09-07,2566.800048828125,0.2624267427224525,1.4698549265071303,1.290460666632681,0.7343619794856391,0.8039062116140712,1699.7737397494382,5.491268159812512,Stage 2 — Advancing,2225.5358862783396,2629.800048828125,True,963.3273935013657,1.649447182217246,2.3193963476339463,587979340.209143,2232.389169921875,False,51.008336509922444,True,-2.395619394260551,True,True,True,True,False,False,True,True,1684.421932373047,1548.6563009643555,True,4.444666167567704,2,0.698576332433409,28.107334911786836,1.286597445736024,False,2629.800048828125,0.11084720875737412,0.11084720875737412,True,2.4544179056238846,97.0,True,True,5,True,True,True,True,True,True,True,True,8,True,False,,Balaji Amines Ltd.,Chemicals,EQ,INE050E01027,WAIT,"Stage 2 + RS 97; wait because price is more than 20% above the 30-week line (currently +51%) — the guide treats that as poor entry timing, not a failed trend."
BALKRISIND,2026-09-04,2284.60009765625,0.04591815464065352,0.015840107792109315,-0.04462435153151023,-0.016013132272142405,0.009407786653952746,2256.3757080078126,-0.302387408629623,Stage 3 — Topping,2270.1452397365197,2765.3795041598637,False,1963.1702396041112,0.5988929425502852,0.16349855739860095,1728894393.8639648,2271.031015625,False,1.2508727845398138,False,-17.385657403636422,True,True,True,False,True,True,False,False,2264.3325138346354,2285.6843939208984,True,2.838570876849851,2,1.089336709306561,22.638049901706392,4.039512395892248,False,2558.0,0.0982448319667398,0.11502188493481694,False,11.967079167344362,45.0,True,False,3,False,False,True,False,True,False,True,False,3,False,False,,Balkrishna Industries Ltd.,Automobile and Auto Components,EQ,INE787D01026,SELL,Stage 3 + RS 45; RS below 50 in Stage 3 triggers SELL.
BALRAMCHIN,2026-09-07,711.5499877929688,0.3380030164084493,0.4794676572056571,0.6020488518993559,0.3048329263717382,0.4124710936587299,548.6681503922972,3.2713874680431188,Stage 2 — Advancing,625.7588189816943,780.9500122070312,False,393.54998779296875,1.62630549015953,1.9301677509469422,5363246509.305072,627.7319958496093,False,29.686767362787727,True,-8.886615446478086,True,True,True,True,False,False,False,False,545.8423329671224,517.731749420166,True,6.829156273518038,2,1.0994512098732185,32.45406341575691,3.9771635364298747,False,780.9500122070312,0.03072827198760726,0.03262457501393431,False,9.753358949428437,88.0,True,True,5,True,True,True,True,True,True,True,True,8,True,False,,Balrampur Chini Mills Ltd.,Fast Moving Consumer Goods,EQ,INE119A01028,WAIT,"Stage 2 + RS 88; wait because price is more than 20% above the 30-week line (currently +30%) — the guide treats that as poor entry timing, not a failed trend."
BALUFORGE,2026-09-07,557.5999755859375,0.16336321674764998,0.216006957648615,-0.10086276927461912,-0.1611260650841554,0.0561489113570281,480.74554819603486,2.8911584554803804,Stage 2 — Advancing,494.11862721162686,696.8433940665321,False,341.04998779296875,1.469492717165455,2.380717888685222,1862631260.6523986,494.8779998779297,False,15.986508388542276,False,-19.982024607856175,True,True,True,True,False,False,False,False,479.64833353678387,497.7604997253418,False,5.9284674880351105,1,2.0574228161539976,34.98461444561298,1.9591884893930884,False,650.0,0.024079943790362563,0.029807121690536235,False,16.57102375533046,53.0,True,True,5,True,False,False,False,True,True,True,False,4,False,False,,Balu Forge Industries Ltd.,Capital Goods,EQ,INE011E01029,HOLD,Stage 2 + RS 53; trend/leadership is adequate without a stronger entry trigger.
BANCOINDIA,2026-09-07,626.9500122070312,-0.04348157673235031,0.09257502662313932,-0.14975671266766144,0.05395556968315396,-0.01803785396521376,624.3096374511719,0.3862270886276775,Stage 2 — Advancing,643.7764689127604,859.7877065596524,False,502.0,0.5891287371207099,0.9237266234593311,64952336.745831296,643.5849987792968,True,0.4229271178063376,False,-27.080835487203704,True,False,True,True,False,False,False,False,623.9601568603516,633.3388475036621,False,1.8781405832246916,3,0.4477568779824206,17.060442926081905,0.5392112147879213,True,708.9500122070312,0.027074823734431267,0.03698368279392796,False,13.07919266343709,37.0,True,False,3,False,False,False,True,False,False,False,False,1,False,False,,Banco Products (India) Ltd.,Automobile and Auto Components,EQ,INE213C01025,WAIT,Stage 2 + RS 37; wait because the close is below its 50-session average — short-term timing has weakened even though the 30-week trend is intact.
BANDHANBNK,2026-09-07,164.6999969482422,-0.19304598334040202,-0.09234765461582284,0.18594814946988336,0.017066315136827104,-0.055085031337983294,182.3250080265411,0.5434074149586632,Stage 1 — Basing,181.81108871160768,218.86288600994448,False,133.09632102479327,0.4115084004348316,0.5908203549150755,916004559.303798,181.4354849243164,True,-9.666809435013569,False,-24.747406949226324,False,False,False,True,True,True,False,False,181.62149546305338,172.54705581665038,True,2.6329246821578565,1,1.089067457185729,27.24211564772628,0.36502910449507503,False,218.86288600994448,0.007112566073230255,0.009343615287264306,False,32.885786317727295,31.0,True,False,1,False,True,True,False,False,False,True,False,3,False,False,2.0,Bandhan Bank Ltd.,Financial Services,EQ,INE545U01014,AVOID,Stage 1 + RS 31; weak RS in a basing stage is AVOID.
BANKBARODA,2026-09-07,237.0,-0.1012514636748254,-0.17160817125893757,-0.16382250979567103,0.04441877260201754,-0.0987029671604484,262.4951354771444,-1.153571079291571,Stage 4 — Declining,247.09745040594362,315.30188105660324,False,226.14555178640813,0.6650903162049794,0.451780071038027,1882751262.5125504,246.58339965820312,True,-9.7126125521531,False,-24.833940347646198,False,False,False,False,True,True,False,False,262.95983144124347,268.6054779815674,False,1.7513557972140597,4,0.29726046466794276,14.782609801361527,0.728002940139981,False,276.0,0.010234840258590311,0.01346161016292559,False,16.455696202531644,22.0,True,False,0,False,False,False,False,False,False,True,False,1,False,False,,Bank of Baroda,Financial Services,EQ,INE028A01039,SELL,Stage 4 takes precedence: the guide requires SELL regardless of RS.
BANKINDIA,2026-09-07,142.02000427246094,0.003958698798356863,-0.08096737044297497,0.024800656318269,0.3028269373788235,0.05091552417016625,144.67756684185707,-0.6030429977880836,Stage 4 — Declining,142.43352972292433,172.71800537071604,False,108.9510103383266,0.4509990911899019,1.0550875604782437,795334541.225666,142.43120025634767,True,-1.8368864139808538,False,-17.773480554251396,False,False,False,False,False,False,False,False,144.99032114664715,144.63382400512694,True,1.9881512085261719,3,0.5772688434873811,10.259162349405932,0.7005922795378111,False,149.3300018310547,0.006133131043261397,0.007358837389464185,False,5.147160497594228,52.0,True,True,1,False,True,True,False,False,True,True,False,4,False,False,,Bank of India,Financial Services,EQ,INE084A01016,SELL,Stage 4 takes precedence: the guide requires SELL regardless of RS.
MAHABANK,2026-09-07,85.0,0.07336781638430478,0.23051570986384506,0.5375245941253419,0.6658708223124403,0.3161293518140474,77.01243094875387,1.8289696896589547,Stage 2 — Advancing,82.22019569546569,94.5,False,50.72358881642731,0.7450329818728036,1.5911871140504033,1377900418.5140996,81.98759963989258,False,10.371791868979274,False,-10.052910052910057,True,True,True,True,False,False,False,False,76.66298062642416,72.28217399597168,True,2.8067240995519303,2,0.5211295957634228,17.565407698462217,1.542592405056873,False,93.6500015258789,0.0036707232994944152,0.004080434716266135,False,10.176472383386947,83.0,True,True,5,True,True,True,True,True,True,True,True,8,True,False,,Bank of Maharashtra,Financial Services,EQ,INE457A01014,HOLD,Stage 2 + RS 83; trend/leadership is adequate without a stronger entry trigger.
BATAINDIA,2026-09-07,669.4500122070312,0.05545334015653203,-0.056868132624064205,-0.27457027047851856,-0.4352674742020156,-0.1311598393983069,684.6784007451306,-1.3691935181032289,Stage 4 — Declining,676.4580018286612,1223.9851643268328,False,577.3964738257137,0.16000345192849538,2.306064980522813,401369210.9302704,676.6965454101562,True,-2.2241666337840416,False,-45.30570862145904,False,False,False,False,False,False,False,False,688.2303096516927,739.6626373291016,False,1.9114840663163375,1,0.5879865072945427,14.531955258649077,0.14148747354152713,False,742.4570561003084,0.028910185384178475,0.05202864468459138,False,10.905525814031837,15.0,True,False,0,False,False,False,False,False,False,False,False,0,False,False,,Bata India Ltd.,Consumer Durables,EQ,INE176A01028,SELL,Stage 4 takes precedence: the guide requires SELL regardless of RS.
BAYERCROP,2026-09-04,3989.89990234375,-0.08190545979471697,-0.11130741857318738,-0.10209700780500464,-0.19246612090641513,-0.11393629337480823,4362.6197175326415,-0.5233658665314556,Stage 4 — Declining,4111.632846009497,5305.222747660049,False,3935.0,0.3024097720528444,0.4586202340799229,76146988.19387206,4111.299418945313,True,-8.543486238119558,False,-24.792980575536493,False,False,False,False,True,True,False,False,4363.3065576171875,4373.333385009766,False,1.4909066480906508,2,0.616263787318512,12.397807041577419,0.4756713991780659,False,4491.896683302911,0.17157796932251257,0.22417994232510155,False,12.581688594851158,18.0,True,False,0,False,False,False,False,False,False,True,False,1,False,False,,Bayer Cropscience Ltd.,Chemicals,EQ,INE462A01022,SELL,Stage 4 takes precedence: the guide requires SELL regardless of RS.
BELRISE,2026-09-04,236.86000061035156,0.09596523210135244,0.29142356404240344,0.45072575740909193,0.7182443969751182,0.3304648365258637,216.3782198135167,1.8635251713080558,Stage 2 — Advancing,236.02549025591682,268.20001220703125,False,135.61000061035156,0.3975685740662511,1.2184190101449586,1099796410.8064187,235.83279998779298,False,9.465731261901912,False,-11.68531326258383,True,True,True,True,False,False,False,False,215.39646718343099,203.51310035705566,True,2.4013579274927106,2,0.49094900865725,18.042510233401433,0.5858408195844678,True,268.20001220703125,0.010185708642610421,0.011040260502344251,False,13.23144959719722,85.0,True,True,5,True,True,True,True,True,True,True,True,8,True,False,,Belrise Industries Ltd.,Automobile and Auto Components,EQ,INE894V01022,HOLD,Stage 2 + RS 85; trend/leadership is adequate without a stronger entry trigger.
BERGEPAINT,2026-09-04,485.29998779296875,-0.010694949298637901,0.11444789546063006,-0.12080555242875635,-0.09635183743514852,-0.024819878600110125,484.1575589114673,0.3175043080803519,Stage 2 — Advancing,512.0417456533395,590.094751424942,False,388.1693207725482,0.7070783669768853,0.6310189532508688,208318314.9178253,511.5903063964844,True,0.2359622111591131,False,-17.758972330955025,True,False,True,True,True,False,False,False,483.80917683919273,495.5664224243164,False,2.4800579286908633,2,0.8888900081974657,15.400251043335498,0.42954370137685816,False,565.9000244140625,0.020869392329578264,0.02445115823283382,False,16.608291499788397,37.0,True,False,3,False,False,False,True,False,False,True,False,2,False,False,,Berger Paints India Ltd.,Consumer Durables,EQ,INE463A01038,REDUCE,Stage 2 + RS 37; distribution warning (U/D 0.63) triggers REDUCE.
BDL,2026-09-04,1255.0,0.03479547285032769,-0.011266090189886557,-0.1757406237024438,-0.12000496448892517,-0.04748414653612003,1302.9527403949057,-0.5049117607696885,Stage 4 — Declining,1311.5137269263173,1648.1319119869795,False,1086.0,1.0309222993982408,1.5233050497917104,2598647573.5688047,1310.3760009765624,True,-3.6803131002565714,False,-23.853182450245846,False,False,True,False,False,False,False,False,1302.8944986979166,1344.7401733398438,False,3.150825826159647,1,1.5217646574592787,14.800082283109262,0.7567316020620732,False,1433.0999755859375,0.05396886056546525,0.06936803427897818,False,14.191233114417322,33.0,True,False,1,False,False,False,False,False,False,True,False,1,False,False,,Bharat Dynamics Ltd.,Capital Goods,EQ,INE171Z01026,SELL,Stage 4 takes precedence: the guide requires SELL regardless of RS.
BEL,2026-09-07,404.0,-0.008945509143596153,-0.13641065249951723,-0.0015465980349018693,0.095659867419438,-0.012037680280434681,421.6494088368873,-0.3822528350276855,Stage 4 — Declining,406.6199239095052,472.8081629796919,False,367.8325941856996,0.5299683957903358,1.258877789485256,3789137826.9850936,406.5314825439453,True,-4.185801869276395,False,-14.553082701883746,False,False,False,False,False,False,False,False,421.9452315266927,417.8463247680664,False,1.6372011608247878,3,0.45258495969665874,11.095593531856155,0.7113970932997068,False,429.31716160808884,0.017446731917596985,0.02080906909961456,False,6.266624160418033,40.0,True,False,0,False,True,False,False,False,False,True,False,2,False,False,,Bharat Electronics Ltd.,Capital Goods,EQ,INE263A01024,SELL,Stage 4 takes precedence: the guide requires SELL regardless of RS.
BHARATFORG,2026-09-07,1955.0,0.016131929345300167,0.01924811409925442,0.3962827194913199,0.7270815286015635,0.23497524417654764,1946.4513181921554,1.9435475879356456,Stage 2 — Advancing,2114.8209635416665,2295.0,False,1135.8511307377817,1.1944853823454298,0.5595827400733095,2467204029.5848875,2113.8307177734373,True,0.4391931988201314,False,-14.814814814814813,True,False,True,True,True,True,False,False,1936.1101749674478,1808.631455078125,True,2.4384336572604584,1,1.4792161269246922,16.02178436478758,0.8956597389687646,False,2295.0,0.08442663588837156,0.09552928624997374,False,17.391304347826097,77.0,True,True,4,True,True,True,True,False,True,True,True,7,False,False,,Bharat Forge Ltd.,Automobile and Auto Components,EQ,INE465A01025,REDUCE,Stage 2 + RS 77; distribution warning (U/D 0.56) triggers REDUCE.
BHEL,2026-09-07,421.45001220703125,0.09267218870640326,0.6327843849425219,0.5222665843772636,0.9910036240829412,0.4662797941631066,357.5362951200302,3.324033762316869,Stage 2 — Advancing,412.68243348364734,446.5,False,213.11254710779147,0.335369507773713,1.5103670477654307,3388602489.905896,412.68768981933596,False,17.876147948991928,False,-5.610299617686165,True,True,True,True,False,False,False,False,355.1529263305664,335.09299095153807,True,2.784604402347363,3,0.6281042662801729,16.997872888752294,0.5699380273228299,False,446.5,0.018200310345653593,0.018876050944652927,False,5.943762502648431,91.0,True,True,5,True,True,True,True,True,True,True,True,8,True,False,,Bharat Heavy Electricals Ltd.,Capital Goods,EQ,INE257A01026,HOLD,Stage 2 + RS 91; trend/leadership is adequate without a stronger entry trigger.
BPCL,2026-09-07,312.8999938964844,0.060677945411811374,-0.11296954246212787,-0.10705935672366929,0.050946436423682906,-0.009545314387698301,315.0924661714737,-0.9871641723762092,Stage 4 — Declining,314.55882293102786,391.6499938964844,False,266.6000061035156,0.3890117731307845,1.289862128213304,1613678117.8622727,314.83399963378906,True,-0.6958186914555298,False,-20.10723891925149,False,False,False,False,False,False,False,False,316.85200052897136,325.90947341918945,False,2.2873575228046903,2,0.9138715853911505,9.258983840066623,0.7735193363202856,False,329.95001220703125,0.013512579976558654,0.01663583958953674,False,5.4490312058578905,40.0,True,False,0,False,False,False,False,False,False,True,False,1,False,False,,Bharat Petroleum Corporation Ltd.,Oil Gas & Consumable Fuels,EQ,INE029A01011,SELL,Stage 4 takes precedence: the guide requires SELL regardless of RS.
BHARTIARTL,2026-09-07,1854.0,0.04400682249035204,0.0034920778599965008,-0.10976240078149757,-0.009479744900714238,-0.005547284568302246,1865.3590832017871,-0.32938447416684946,Stage 4 — Declining,1909.0839245366114,2147.4734560986562,False,1718.8676127570984,0.9292702794107048,0.7644584116670996,13209720453.922602,1910.9012573242187,True,-0.6089488776761409,False,-13.665987594175599,False,False,True,False,False,False,False,False,1868.6415047200521,1912.5847662353515,False,1.759515445760373,2,1.1164140834685903,10.787788064300221,1.0540086952492278,False,2031.0,0.08006495290897231,0.09024431638129608,False,9.546925566343045,41.0,True,False,1,False,False,False,False,False,False,True,False,1,False,False,,Bharti Airtel Ltd.,Telecommunication,EQ,INE397D01024,SELL,Stage 4 takes precedence: the guide requires SELL regardless of RS.
BHARTIHEXA,2026-09-04,1495.4000244140625,0.015143392958965274,-0.041310617339291866,-0.1433774863611743,-0.14810775288810074,-0.06050181413412728,1541.1519156678082,-0.09560862277208093,Stage 4 — Declining,1556.8885521982231,1934.317756973946,False,1414.4376742506906,0.18761896330843375,1.5880931306309432,219444115.96206665,1558.8078002929688,True,-2.968681464080103,False,-22.691087386103924,False,False,True,False,False,False,False,False,1542.6544930013022,1583.2104022216797,False,2.5664420415756237,2,0.6581000452355042,14.784579717846599,0.2478275516859919,False,1659.8377025747243,0.06430680112127161,0.07905125391513393,False,10.99623348107761,30.0,True,False,1,False,False,False,False,False,False,True,False,1,False,False,,Bharti Hexacom Ltd.,Telecommunication,EQ,INE343G01021,SELL,Stage 4 takes precedence: the guide requires SELL regardless of RS.
BIKAJI,2026-09-04,584.2000122070312,-0.09333489061516043,-0.071547398207646,-0.1783507169737658,-0.2695538757391911,-0.14122435443018477,640.1891041722791,-0.546745420131578,Stage 4 — Declining,628.2744068818934,804.9252107431337,False,582.0,0.3620972385345251,0.24566851814240173,106864500.32025757,628.0529125976562,True,-8.745711478116757,False,-27.42182697102028,False,False,False,False,True,True,False,False,640.7336515299479,658.724397277832,False,2.235657697525718,2,1.78360779630138,12.441643780773655,2.1526557255129752,False,664.6995502551504,0.0251223976104736,0.03497667584233254,False,13.779448196860255,14.0,True,False,0,False,False,False,False,False,False,False,False,0,False,False,,Bikaji Foods International Ltd.,Fast Moving Consumer Goods,EQ,INE00E101023,SELL,Stage 4 takes precedence: the guide requires SELL regardless of RS.
GROWW,2026-09-04,194.0,,,,,,188.85527414818333,0.794736329425394,Stage 2 — Advancing,198.11548988491882,,False,,1.210158997750396,1.4510742865842272,9388806711.342554,198.08199981689452,True,2.7241631852864767,False,,True,False,True,True,False,False,False,False,188.32593343098958,180.84690002441405,False,3.0821046000552283,2,1.0690315333920462,16.123626714136616,2.145487529255454,False,220.97999572753906,0.00834259677266953,,False,13.90721429254591,,True,False,3,True,True,False,True,False,False,False,False,3,False,False,,Billionbrains Garage Ventures Ltd.,Financial Services,EQ,INE0HOQ01053,WAIT,Stage 2 + RS unavailable; wait because the close is below its 50-session average — short-term timing has weakened even though the 30-week trend is intact.
BIOCON,2026-09-07,391.3999938964844,-0.049555924704322796,0.002989638204430989,-0.001991364709291621,0.07744856612184314,-0.004133001958332619,399.9477189991572,0.6814015429984721,Stage 1 — Basing,420.45205508961396,447.1499938964844,False,336.647387893357,0.5287417796567331,0.680602729034518,1059745472.3357666,420.5660162353516,True,-2.1372106144430414,False,-12.467852121430688,False,False,True,True,True,False,False,False,399.0977081298828,395.57966766357424,True,1.873312395335304,2,0.9088866715895908,13.082858279886905,0.483618659557727,False,447.1499938964844,0.01690260090609173,0.01914165505263705,False,14.243740641126458,42.0,True,False,2,False,True,True,True,False,False,True,False,4,False,False,2.0,Biocon Ltd.,Healthcare,EQ,INE376G01013,AVOID,Stage 1 + RS 42; weak RS in a basing stage is AVOID.
BIRLACORPN,2026-09-07,868.1500244140625,-0.08776948721734279,0.017394479558616505,-0.18908639961195928,-0.3075853537524963,-0.13096324964810493,936.7911084318814,-1.1592046124923483,Stage 4 — Declining,922.9219396254596,1328.8254130627743,False,759.7237180556469,0.9899635309274202,0.681716423270044,36257742.30332947,921.8808679199219,True,-7.3272561406692915,False,-34.6678641242203,False,False,False,False,True,False,False,False,940.1292008463541,970.9394967651367,False,2.134259864197145,2,0.5989938299428863,17.203546338919367,0.4523276112859365,False,1038.4502593703805,0.037491041436156995,0.0559240663780686,False,19.616452245250837,15.0,False,False,0,False,False,False,False,False,False,False,False,0,False,False,,Birla Corporation Ltd.,Construction Materials,EQ,INE340A01012,SELL,Stage 4 takes precedence: the guide requires SELL regardless of RS.
BSOFT,2026-09-07,282.45001220703125,-0.12562131395602483,-0.22785205509348794,-0.33767459234949526,-0.23204801478664783,-0.20976345802833615,331.9652429868097,-2.5395747243984856,Stage 4 — Declining,296.26582486021755,467.1017114386881,False,266.2676853930341,0.5402792853922717,0.8372020427078358,332372850.73556674,296.2961993408203,True,-14.915787669297021,False,-39.53136858842237,False,False,False,False,False,False,False,False,334.83341044108073,354.6321836853027,False,3.5353913904114536,3,0.5689099248311553,19.55659051569966,0.6567022823007282,False,331.0,0.012197598126480372,0.01938549775419441,False,17.188877923426116,6.0,True,False,0,False,False,False,False,False,False,False,False,0,False,False,,Birlasoft Ltd.,Information Technology,EQ,INE836A01035,SELL,Stage 4 takes precedence: the guide requires SELL regardless of RS.
BBOX,2026-09-07,774.25,-0.2773798511911917,0.513812588524831,0.4669803394776153,0.7442050436191785,0.2340476538478483,738.1304448794012,2.1895877431604926,Stage 2 — Advancing,807.9331294041054,1101.5073628455477,False,439.40460203288285,3.390189769278782,1.8901530140133902,367771778.0727722,805.4730212402344,True,4.893383733345424,False,-29.70995690851641,True,False,True,True,False,False,False,False,732.4945977783203,679.8828492736816,True,3.828330976942655,2,0.8851665418773472,28.98890461870994,0.7830079217374647,False,998.6467897816835,0.033435970760394715,0.047860048102141,False,28.98247204154776,77.0,True,True,4,True,True,True,True,False,True,False,True,6,False,False,,Black Box Ltd.,Information Technology,EQ,INE676A01027,HOLD,Stage 2 + RS 77; trend/leadership is adequate without a stronger entry trigger.
BLACKBUCK,2026-09-04,586.0999755859375,0.1367339087242634,0.041307632599248745,-0.11438503113226484,-0.020963916004862027,0.035885300582129735,569.9883544085777,0.20813366036309677,Stage 2 — Advancing,570.9372534658395,748.0,False,496.0,0.34065447905928775,3.2010934520445358,308635481.4218109,571.0999987792969,False,2.82665795761341,False,-21.644388290650063,True,True,True,True,False,False,False,False,570.8106648763021,587.8544985961914,False,3.4391988685756396,1,1.1052781985755389,19.52018134638662,0.6415404133691633,False,641.9000244140625,0.0252041018803347,0.03087225260610405,False,9.520568359065429,49.0,True,False,4,False,False,False,False,True,False,True,False,2,False,False,,Blackbuck Ltd.,Services,EQ,INE0UIZ01018,WAIT,Stage 2 + RS 49; wait because relative strength is below 50 — the trend has turned up but the stock still lags most of the universe.
BLUEDART,2026-09-04,4991.7001953125,0.05765321044708305,-0.08693978501691968,-0.10734975048059725,-0.12202969038563016,-0.040202560997796205,5135.264374197346,-0.6477613100615565,Stage 4 — Declining,5011.1686102175245,7036.0,False,4628.5,0.23184257261858998,1.0588746803069053,51061920.177539065,5011.745986328125,True,-2.7956531236482896,False,-29.05485794041359,False,False,False,False,False,False,False,False,5150.123990885417,5236.845493164063,False,1.8526463305844156,1,0.9094889848600782,17.909484810161008,0.4161827888915386,False,5745.0,0.21465846360591712,0.28077327077994413,False,15.09104664168117,34.0,True,False,0,False,False,False,False,False,False,False,False,0,False,False,,Blue Dart Express Ltd.,Services,EQ,INE233B01017,SELL,Stage 4 takes precedence: the guide requires SELL regardless of RS.
BLUEJET,2026-09-04,569.7999877929688,0.1980655603039463,0.5136139442588286,0.027036770602088422,-0.194180190214708,0.14852032905082033,479.9636985047223,2.341663507913916,Stage 2 — Advancing,582.9107857498468,758.1661798115717,False,325.0,0.47707083553977786,0.9709694033166147,307724120.51437986,584.017001953125,True,18.717309156530426,False,-24.844974233144768,True,False,True,True,False,False,False,False,478.1503332519531,488.6234999084473,False,2.801108371284181,2,0.3987466815814331,21.44951903485684,0.4792832795102447,True,647.7999877929688,0.024503152264065766,0.032521746755899486,False,13.689013982278375,67.0,True,True,4,True,False,False,True,False,True,True,False,4,False,False,,Blue Jet Healthcare Ltd.,Healthcare,EQ,INE0KBH01020,HOLD,Stage 2 + RS 67; trend/leadership is adequate without a stronger entry trigger.
BLUESTARCO,2026-09-04,1484.0,-0.07235760372151856,-0.1911055012404298,-0.1490082916357527,-0.2328817466042653,-0.14354214938469698,1692.495682389769,-1.1194393653761292,Stage 4 — Declining,1588.4164847579657,2022.9788267608074,False,1432.5,0.96289674917663,0.5964032880087157,635535761.5217896,1587.600615234375,True,-12.318830976004458,False,-26.642830840885267,False,False,False,False,True,True,False,False,1696.4430940755208,1712.7593566894532,False,2.3045818577099175,1,0.8528852807129205,18.357227474023965,0.7336049707669899,False,1754.594994363066,0.06381656500330712,0.08877571908180158,False,18.234164040637868,13.0,True,False,0,False,False,False,False,False,False,False,False,0,False,False,,Blue Star Ltd.,Consumer Durables,EQ,INE472A01039,SELL,Stage 4 takes precedence: the guide requires SELL regardless of RS.
BLUESTONE,2026-09-04,842.75,0.5750864764547796,0.8748609566184649,0.5391288809938715,0.4825402091698221,0.6093405999383436,574.7172443258352,4.459356103981271,Stage 2 — Advancing,734.881378772212,926.0,False,399.79998779296875,0.21542563168821188,1.193656526200089,1390872923.5173156,738.916005859375,False,46.63732614958809,True,-8.990280777537796,True,True,True,True,False,False,False,False,570.2980029296875,553.953251953125,True,3.7970933680989645,3,0.7519875674927384,43.24514170702281,0.11991185787187429,False,926.0,0.0362408424235425,0.037786542141634516,False,9.878374369623266,95.0,True,True,5,True,True,True,True,True,True,True,True,8,True,False,,BlueStone Jewellery and Lifestyle Ltd.,Consumer Durables,EQ,INE304W01038,WAIT,"Stage 2 + RS 95; wait because price is more than 20% above the 30-week line (currently +47%) — the guide treats that as poor entry timing, not a failed trend."
BBTC,2026-09-04,1496.800048828125,0.004698617110065362,-0.046381197687414555,-0.18621846002263254,-0.19493238449865213,-0.0836269615977137,1536.4142598191352,-0.8917293975476581,Stage 4 — Declining,1499.737242455576,2114.6666501437494,False,1314.5999755859375,0.12964976342890946,11.367683946974235,1279910981.6608949,1498.59798828125,True,-2.5783548113953003,False,-29.218156028214825,False,False,False,False,False,False,False,False,1541.6911881510416,1611.1034771728516,False,2.9963934873994473,0,2.8426141671637106,13.41061920854942,45.85930629817211,False,1639.0,0.0643670064777583,0.08768644936155252,False,9.500263664689633,25.0,True,False,0,False,False,False,False,False,False,False,False,0,False,False,,Bombay Burmah Trading Corporation Ltd.,Fast Moving Consumer Goods,EQ,INE050A01025,SELL,Stage 4 takes precedence: the guide requires SELL regardless of RS.
BORORENEW,2026-09-07,513.6500244140625,-0.020312728641740163,0.1797198704972467,-0.06947459345278528,-0.11048573286737551,-0.008173182621278882,520.2188371632197,0.058821738831538184,Stage 1 — Basing,570.7323554543888,721.0,False,374.3999938964844,1.0781208595893366,0.9278492958708007,226533727.65535125,570.0440020751953,True,-1.2627018246738841,False,-28.75866512981102,False,False,True,True,False,False,False,False,519.7626680501302,524.190001373291,False,3.0329164769264527,2,0.8661863176327512,27.183166141898578,0.6624016626661037,False,669.9000244140625,0.02218196602826558,0.029527944561044284,False,30.419544937866895,41.0,True,False,2,False,False,False,True,False,True,False,False,2,False,False,2.0,Borosil Renewables Ltd.,Capital Goods,EQ,INE666D01022,AVOID,Stage 1 + RS 41; weak RS in a basing stage is AVOID.
BOSCHLTD,2026-09-07,48025.0,0.29809425817340407,0.4501584695392884,0.30934542313783253,0.1816434670717224,0.3074671752191303,38452.57281788793,2.2377566819963945,Stage 2 — Advancing,43884.526041666664,50000.0,False,28422.960694251175,1.3554918840160817,1.8904128913562903,2340388600.5,43969.7315625,False,24.894113659045015,True,-3.949999999999998,True,True,True,True,False,False,False,False,38387.28205729167,37891.32259765625,True,2.3231947646315163,2,1.0979027067798621,21.109147528118527,0.9230773815939864,False,50000.0,2.0739586642143446,2.13216437421517,False,4.11244143675169,82.0,True,True,5,True,True,True,True,True,True,True,True,8,True,False,,Bosch Ltd.,Automobile and Auto Components,EQ,INE323A01026,WAIT,"Stage 2 + RS 82; wait because price is more than 20% above the 30-week line (currently +25%) — the guide treats that as poor entry timing, not a failed trend."
FIRSTCRY,2026-09-04,180.16000366210938,-0.17997266197253436,-0.17266711881527996,-0.39503018452990324,-0.4884724661616219,-0.2832230186903748,222.3066431332941,-2.445387339022831,Stage 4 — Declining,206.81745013068704,438.70001220703125,False,168.14999389648438,1.0313809388958355,0.7741321673517094,390551313.90339124,206.49459899902342,True,-18.958785431307955,False,-58.93321206996267,False,False,False,False,False,False,False,False,223.55313252766928,239.700849609375,False,4.092394027632259,2,1.0102185936869152,29.33389533387571,1.8303729800082458,False,237.9499969482422,0.007747434356266208,0.017837301378756092,False,32.07703825013133,3.0,True,False,0,False,False,False,False,False,False,False,False,0,False,False,,Brainbees Solutions Ltd.,Consumer Services,EQ,INE02RE01045,SELL,Stage 4 takes precedence: the guide requires SELL regardless of RS.
BRIGADE,2026-09-04,696.0999755859375,0.4342708154192041,0.4199477795866031,0.04463434369562114,0.0031166808435258986,0.2672480869928317,547.9235557660664,1.251936388061825,Stage 2 — Advancing,579.1738478716682,799.2478861619728,False,449.19622544946475,2.6388561004070765,2.763058548579017,603949406.3450257,580.2895330810547,False,27.04326511618973,True,-12.905621943069079,True,True,True,True,False,False,False,False,548.6972939046224,571.8542536926269,False,4.463130978992316,2,1.0366523047992486,33.14960729937734,1.3268992831543667,False,735.0,0.02993444025659062,0.0327110555428562,False,5.588281249588989,80.0,True,True,5,True,False,False,True,True,True,True,True,6,False,False,,Brigade Enterprises Ltd.,Realty,EQ,INE791I01019,WAIT,"Stage 2 + RS 80; wait because price is more than 20% above the 30-week line (currently +27%) — the guide treats that as poor entry timing, not a failed trend."
BRITANNIA,2026-09-07,5042.5,0.0011678145425968456,-0.14315901370492223,-0.13999670223698257,-0.15627393318944216,-0.08741880400923066,5447.259745558647,-0.6696885615014248,Stage 4 — Declining,5343.905522365196,6215.976836613289,False,4952.518663567504,1.0513869829026632,0.23568440889310366,1496835750.075,5350.415205078125,True,-7.430520380245554,False,-18.878397836061534,False,False,False,False,True,True,False,False,5456.3783984375,5551.8751953125,False,2.056802889723068,1,0.961715414081708,12.25317738904687,0.9201521591636334,False,5689.5,0.21776026162000692,0.26825009170602976,False,12.830937035200796,24.0,True,False,0,False,False,False,False,False,False,True,False,1,False,False,,Britannia Industries Ltd.,Fast Moving Consumer Goods,EQ,INE216A01030,SELL,Stage 4 takes precedence: the guide requires SELL regardless of RS.
MAPMYINDIA,2026-09-04,972.2000122070312,0.1722210287961088,-0.03335641840985093,-0.4192999762157076,-0.4083054930085174,-0.10330396600837168,978.317491412985,-1.9216946009289249,Stage 4 — Declining,1028.0793169806984,1992.1530909053106,False,792.673490779813,0.0951265184147451,1.1584200715619375,208377623.37458497,1031.8771044921875,True,-0.6253061260428128,False,-51.1985290364795,False,False,True,False,False,False,False,False,988.2879337565104,1142.1831146240233,False,3.8175573157500238,2,0.25422556170209043,34.4129220403113,0.39444044600190414,False,1228.3447538780254,0.04180759115581266,0.08382900244426521,False,26.346918170625134,20.0,True,False,1,False,False,False,False,False,False,False,False,0,False,False,,C.E. Info Systems Ltd.,Information Technology,EQ,INE0BV301023,SELL,Stage 4 takes precedence: the guide requires SELL regardless of RS.
CCL,2026-09-04,1106.199951171875,0.0389453603792671,0.09927846882058522,0.1386958023331477,0.2029829549791562,0.10376958937828466,1104.8607913500641,0.7869705883864375,Stage 2 — Advancing,1151.7550479664521,1238.748718225596,False,811.0436585583728,1.132483211845672,0.6698896442579186,166129462.9244751,1151.5907836914062,True,0.12120620374034274,False,-10.700214264890295,True,False,True,True,True,False,False,False,1101.5431799316407,1065.9627624511718,True,2.6482167574134525,2,0.8944690978969616,14.128157598089752,0.8659500709145054,False,1238.748718225596,0.04757000073491585,0.05366696390298339,False,11.982351555277383,61.0,True,True,4,True,True,True,True,False,True,True,False,6,False,False,,CCL Products (I) Ltd.,Fast Moving Consumer Goods,EQ,INE421D01022,REDUCE,Stage 2 + RS 61; distribution warning (U/D 0.67) triggers REDUCE.
CESC,2026-09-04,146.5,-0.14551973469793522,-0.0026482059918452316,-0.13614255006914622,0.02126102498567728,-0.08171384009423693,160.1870198707058,0.2776280628015826,Stage 1 — Basing,157.19279150869332,197.1955548334318,False,133.1865507427978,1.0459362431576102,0.7790454195845145,289038149.4324188,157.09608306884766,True,-8.54440009044004,False,-25.708264507409208,False,False,False,True,False,False,False,False,159.7584133911133,159.37773292541505,False,2.310213184844907,2,1.6563456090200936,13.449227894904622,0.9724005678262767,False,165.8564095505126,0.006299950655649928,0.008393154376327705,False,13.21256624608369,25.0,True,False,1,False,True,False,False,False,False,False,False,1,False,False,1.0,CESC Ltd.,Power,EQ,INE486A01021,AVOID,Stage 1 + RS 25; weak RS in a basing stage is AVOID.
CGPOWER,2026-09-07,895.0,-0.04568958437000148,0.25096091233416873,0.35627947329257803,0.21821999752097132,0.14681624288154302,830.1541083348941,2.3451585485404935,Stage 2 — Advancing,893.4294098498774,980.9000244140625,False,524.3427016609982,0.9859898146684205,1.4248243923946575,2008584561.0653808,892.172998046875,False,7.811307685409452,False,-8.757266008365594,True,True,True,True,False,False,False,False,825.8433317057292,777.7488720703125,True,2.4824425285564646,2,0.5655711706563648,16.92833568103074,0.6657144604981772,True,980.9000244140625,0.03865055709467649,0.04225141794270595,False,9.597768090956693,67.0,True,True,5,True,True,True,True,True,True,True,False,7,False,False,,CG Power and Industrial Solutions Ltd.,Capital Goods,EQ,INE067A01029,HOLD,Stage 2 + RS 67; trend/leadership is adequate without a stronger entry trigger.
CIEINDIA,2026-09-04,385.3500061035156,-0.15474882372774867,-0.128644552795395,-0.0655269738113824,-0.004862380325020843,-0.10170631087745913,448.3406054266568,-0.37510916136603845,Stage 4 — Declining,427.67646939146755,518.5450350593709,False,377.17744730967075,0.4077814302108629,1.1686367717059245,170006237.90209198,426.8039990234375,True,-14.049719913991975,False,-25.686299154441826,False,False,False,False,False,False,False,False,447.33452779134115,436.1979574584961,False,1.7294119881806145,2,0.888214767255876,20.53014553014553,0.5621731405834508,False,481.0,0.016571235656017386,0.021752426586580807,False,24.82158878461005,21.0,True,False,0,False,True,False,False,False,False,False,False,1,False,False,,CIE Automotive India Ltd.,Automobile and Auto Components,EQ,INE536H01010,SELL,Stage 4 takes precedence: the guide requires SELL regardless of RS.
CMSINFO,2026-09-04,243.4600067138672,-0.20203211457404868,-0.19089394598784104,-0.30863540877679807,-0.4086859968006461,-0.26245591614267655,287.6270287918718,-1.6334368251193054,Stage 4 — Declining,264.81352981866576,425.9536431693522,False,238.3000030517578,0.6718584394222403,1.206015844258075,268423648.86101532,264.28780029296877,True,-15.355657729219896,False,-42.84354398230338,False,False,False,False,False,False,False,False,288.44564534505207,301.33461654663085,False,2.893698786075628,3,0.4123052394957856,19.899158638064602,1.7800184031402841,False,297.5,0.010469529207655724,0.01832486754023734,False,22.196661380053584,3.0,True,False,0,False,False,False,False,False,False,False,False,0,False,False,,CMS Info Systems Ltd.,Services,EQ,INE925R01014,SELL,Stage 4 takes precedence: the guide requires SELL regardless of RS.
CORONA,2026-09-04,2100.10009765625,,,,,,1797.009626717403,2.3618749360599933,Stage 2 — Advancing,2069.1078455307907,,False,,0.3684755038973429,2.807101995847282,47357202.42122803,2072.624001464844,False,16.86637992543769,False,,True,True,True,True,False,False,False,False,1786.447110188802,,False,2.4716507288080676,2,0.7501657842259418,16.743759363240496,0.2885876889241483,False,2270.10009765625,0.0903107644174742,,False,8.094852249648632,,False,False,4,False,False,False,False,True,False,False,False,1,False,False,,CORONA Remedies Ltd.,Healthcare,EQ,INE02ZQ01018,WAIT,Stage 2 + RS unavailable; wait for a clearer entry trigger; no breakout setup is present.
CRISIL,2026-09-07,4786.60009765625,0.23685482701336613,0.12925284557874783,0.08851716506825058,-0.02977177614203974,0.1323415777063382,4222.650444135274,0.19503001533320852,Stage 2 — Advancing,4389.472948261336,5038.987542214121,False,3669.9050085491053,0.3729682795354498,4.0790903516235915,250115183.739209,4395.923940429688,False,13.355347807778672,False,-5.008693560829336,True,True,True,True,False,False,False,False,4234.586695963541,4289.040556640625,False,2.320166543334104,2,1.0192971796447194,21.056400824160175,1.2713939201595903,False,4872.0,0.20670922945681225,0.21594877333731732,False,1.7841453349229264,65.0,True,True,5,True,False,False,True,True,True,True,False,5,False,False,,CRISIL Ltd.,Financial Services,EQ,INE007A01025,HOLD,Stage 2 + RS 65; trend/leadership is adequate without a stronger entry trigger.
CSBBANK,2026-09-04,328.54998779296875,-0.09165060352579679,-0.10428026519343636,-0.157456141792513,-0.09427984068099582,-0.10786349094370776,361.40684885521455,-1.7491755115728536,Stage 4 — Declining,338.2735296511183,574.4000244140625,False,312.95001220703125,1.316777203031663,1.8814611480483516,157353428.2722351,338.5470001220703,True,-9.091377533746957,False,-42.80118840034556,False,False,False,False,False,False,False,False,362.83299967447914,383.31275009155274,False,3.349131324142484,3,0.7917227520040588,16.89018129006167,1.072896585396216,False,376.54998779296875,0.014128660143413579,0.023170654398313482,False,14.609648998144698,19.0,True,False,0,False,False,False,False,False,False,False,False,0,False,False,,CSB Bank Ltd.,Financial Services,EQ,INE679A01013,SELL,Stage 4 takes precedence: the guide requires SELL regardless of RS.
CAMPUS,2026-09-04,223.24000549316406,-0.1050364701937112,-0.08481238107617917,-0.17726908069560765,-0.1562879606079326,-0.12568847255342835,236.89345048878292,-0.8765391539958478,Stage 4 — Declining,224.48975506950828,287.0823175835567,False,213.73506702697122,0.2193386942043713,1.491680499833592,108636602.25578842,224.25493255615234,True,-5.763538404057888,False,-22.23832962885671,False,False,False,False,False,False,False,False,237.75144663492839,243.11394439697267,False,2.2301429349952144,3,0.9918683869204963,17.000386237662678,0.2113479669539159,False,257.932151193146,0.009600006955453601,0.012172838168143947,False,15.54029064967224,16.0,True,False,0,False,False,False,False,False,False,True,False,1,False,False,,Campus Activewear Ltd.,Consumer Durables,EQ,INE278Y01022,SELL,Stage 4 takes precedence: the guide requires SELL regardless of RS.
CANFINHOME,2026-09-04,807.4000244140625,-0.0020990072091939815,0.0030607191632259223,-0.0803588510625991,0.08548918165811048,0.000798607068069869,846.8439101127728,-0.7916020495828402,Stage 4 — Declining,840.5550872204351,962.6932158005569,False,720.8492890775893,0.7877040639799503,0.973420299631487,166819398.2694702,839.8028588867187,True,-4.657751591253422,False,-16.131119326249287,False,False,False,False,False,False,False,False,848.791337076823,861.6536874389649,False,2.3802149727296467,1,0.4622539542768959,16.777379994895846,0.8699878309484115,False,940.8499755859375,0.034720684731598235,0.04003540771606025,False,16.528356098170892,43.0,True,False,0,False,False,False,False,False,False,True,False,1,False,False,,Can Fin Homes Ltd.,Financial Services,EQ,INE477A01020,SELL,Stage 4 takes precedence: the guide requires SELL regardless of RS.
CANBK,2026-09-07,124.0,-0.05684051022873848,-0.12248762174573091,-0.13825023673966275,0.19554302410832425,-0.035775170966909284,131.36949199519745,-0.9410268436878644,Stage 4 — Declining,127.37862845028148,157.68821233301085,False,103.69919459371748,0.4416382690520157,0.8565670247338169,1577358989.4599452,127.40900100708008,True,-5.609743847884308,False,-21.363811431806358,False,False,False,False,False,False,False,False,131.67687021891277,135.21945938110352,False,1.8640548952164187,2,0.6725940228452834,9.473368306311105,0.5520827901891533,False,133.11000061035156,0.005354937519262441,0.006615632246604448,False,7.346774685767388,35.0,True,False,0,False,False,False,False,False,False,True,False,1,False,False,,Canara Bank,Financial Services,EQ,INE476A01022,SELL,Stage 4 takes precedence: the guide requires SELL regardless of RS.
CANHLIFE,2026-09-04,157.22999572753906,,,,,,144.64367957964336,0.4210317164087707,Stage 2 — Advancing,148.45398637360216,,False,,0.4636715587070873,3.132810632663383,168060408.54423675,148.7336459350586,False,8.701601192996101,False,,True,True,True,True,False,False,False,False,144.67174245198566,142.34042316436768,True,3.383124051403325,2,1.0992851552792249,19.881211120227253,0.7811515436272586,False,166.24617118007782,0.006761373478986656,,False,5.734386375079925,,True,False,4,True,True,True,True,True,False,False,False,5,False,False,,Canara HSBC Life Insurance Company Ltd.,Financial Services,EQ,INE01TY01017,WAIT,Stage 2 + RS unavailable; wait for a clearer entry trigger; no breakout setup is present.
CRAMC,2026-09-07,249.25,,,,,,250.38370148123127,0.12721146471741385,Stage 1 — Basing,257.024767408184,,False,,0.15579461715795503,0.6823671252450871,69312253.11841583,257.27384185791016,True,-0.4527856543874331,False,,False,False,True,True,True,False,False,False,250.5123843383789,259.57374038696287,False,2.470268733796255,2,0.5916708617851403,18.1299030632298,0.24290577352779377,False,294.0,0.010763856263517446,,False,17.95386158475427,,True,False,2,False,False,False,False,False,False,False,False,0,False,False,3.0,Canara Robeco Asset Management Company Ltd.,Financial Services,EQ,INE218I01013,AVOID,Stage 1 + RS unavailable; weak RS in a basing stage is AVOID.
CAPILLARY,2026-09-04,490.04998779296875,,,,,,519.6811640491225,-1.4473258663442623,Stage 4 — Declining,509.86862362132354,,False,,0.1470166274650128,0.42195376472908663,252457740.32250518,509.9149963378906,True,-5.70179916187088,False,,False,False,False,False,True,True,False,False,522.1109997558593,,False,3.031031182705262,2,1.187433770575476,21.158356084440612,0.17903667878500928,False,597.4000244140625,0.021073656941280224,,False,21.905935985135837,,True,False,0,False,False,False,False,False,False,False,False,0,False,False,,Capillary Technologies India Ltd.,Information Technology,EQ,INE0ILV01024,SELL,Stage 4 takes precedence: the guide requires SELL regardless of RS.
CAPLIPOINT,2026-09-04,2810.800048828125,0.3916918932424769,0.7062692113061573,0.42521533674333334,0.3321441307512676,0.4494024930571424,2111.0009933997844,2.6586660705058662,Stage 2 — Advancing,2577.1901999080883,2877.300048828125,True,1497.3339696999908,1.2521909107439115,3.86043572402873,681452396.4254272,2578.606005859375,False,33.150105453115316,True,-2.311194483421508,True,True,True,True,False,False,False,False,2102.2096541341148,2043.8522802734376,True,3.3488172706174004,1,2.0173625172770864,17.19667884583843,3.2781107850324016,False,2877.300048828125,0.12087304853594263,0.12234427570330908,False,2.3658744430335776,90.0,True,True,5,True,True,True,True,True,True,True,True,8,True,False,,Caplin Point Laboratories Ltd.,Healthcare,EQ,INE475E01026,WAIT,"Stage 2 + RS 90; wait because price is more than 20% above the 30-week line (currently +33%) — the guide treats that as poor entry timing, not a failed trend."
CGCL,2026-09-07,275.70001220703125,0.3606702275397766,0.7111331623489026,0.45988197663125674,0.4971648102371762,0.47790408085937774,204.20045972850224,2.999900775781228,Stage 2 — Advancing,240.83668996773514,287.45001220703125,False,150.98878430750037,1.0327731815406191,3.1973128074317647,1874336674.33928,241.32421295166014,False,35.014393490392884,True,-4.087667246831517,True,True,True,True,False,False,False,False,203.3186855061849,197.86378845214844,True,4.820542929630368,2,1.0356027450705227,24.800571030810442,2.4387895558339268,False,287.45001220703125,0.011906099511520522,0.012036560751293977,False,4.261878665125551,91.0,True,True,5,True,True,True,True,True,True,True,True,8,True,False,,Capri Global Capital Ltd.,Financial Services,EQ,INE180C01042,WAIT,"Stage 2 + RS 91; wait because price is more than 20% above the 30-week line (currently +35%) — the guide treats that as poor entry timing, not a failed trend."
CARBORUNIV,2026-09-07,1104.0,0.06427419867306527,0.3758950518795965,0.27461747599196507,0.17207674097232695,0.19022753323800384,993.4157346960617,2.1641119971687495,Stage 2 — Advancing,1103.7872434129902,1303.7913206843634,False,733.4511840295453,1.2287729622370263,1.163166372428361,277527218.12393796,1102.0816918945313,False,11.13172073298918,False,-15.323872579508535,True,True,True,True,False,False,False,False,987.9328898111979,949.974874572754,True,3.9654512583098795,2,0.5603461020882305,14.412850908315033,0.579084555318824,True,1207.0,0.04767621791343334,0.05352297248146176,False,9.329710144927539,72.0,True,True,5,True,True,True,True,True,True,True,True,8,True,False,,Carborundum Universal Ltd.,Capital Goods,EQ,INE120A01034,HOLD,Stage 2 + RS 72; trend/leadership is adequate without a stronger entry trigger.
CARTRADE,2026-09-04,3000.199951171875,0.5680760333484882,0.7186229220879934,-0.002692583028546469,0.17360353066092737,0.4051371872834702,2232.2458847254925,1.8510001560016587,Stage 2 — Advancing,2838.1235160079655,3290.5,False,1600.0,0.5303285811695783,2.136065983142614,1104958880.0654664,2840.99798828125,False,34.40275427098931,True,-8.822368905276557,True,True,True,True,False,False,False,False,2237.849327799479,2377.358493652344,False,4.104963800252664,2,1.0947922674922492,20.58389824302781,0.39881793577118296,False,3254.0,0.12901782695881323,0.13642501710188484,False,8.459437802770143,88.0,True,True,5,True,False,False,True,True,True,True,True,6,False,False,,Cartrade Tech Ltd.,Consumer Services,EQ,INE290S01011,WAIT,"Stage 2 + RS 88; wait because price is more than 20% above the 30-week line (currently +34%) — the guide treats that as poor entry timing, not a failed trend."
CASTROLIND,2026-09-07,189.00999450683594,0.06430413336641871,0.07564808728174577,0.050842288470100305,0.016092240842302097,0.054238176665397125,178.48131697145226,0.4901781104133196,Stage 2 — Advancing,182.5609810025084,198.2251564414815,False,164.60383017436243,0.7932155456595189,1.0654228914242827,356596381.0646561,182.62981750488282,False,5.899036220731002,False,-4.648835748234603,True,True,True,True,False,False,False,False,178.38096069335938,177.94760597229003,True,1.2663721580090803,1,2.1817239098295493,7.721468109134869,0.7770564708108896,False,191.8000030517578,0.008162392831453577,0.008302333398014537,False,1.4761169387902173,52.0,True,True,5,True,True,True,True,True,False,True,False,6,False,False,,Castrol India Ltd.,Oil Gas & Consumable Fuels,EQ,INE172A01027,HOLD,Stage 2 + RS 52; trend/leadership is adequate without a stronger entry trigger.
CEATLTD,2026-09-07,3336.10009765625,0.05597744596512855,-0.02534792149383258,-0.13738462513537675,0.005805327858595888,-0.008994465368071271,3484.4936138832404,-0.6206045602411447,Stage 4 — Declining,3569.170611213235,4393.1588210528225,False,3030.269696896854,0.37762942206864275,0.36059258703387553,191687440.51883546,3573.351962890625,True,-4.258682398950231,False,-24.061472995944357,False,False,True,False,True,True,False,False,3494.4761181640624,3563.198542480469,False,2.2537009999784425,2,0.6196411284517964,16.981937295079817,0.35501835753668354,False,3945.7257202072483,0.1440694159754399,0.17929129202358526,False,18.27360105229714,40.0,True,False,1,False,False,False,True,False,False,True,False,2,False,False,,Ceat Ltd.,Automobile and Auto Components,EQ,INE482A01020,SELL,Stage 4 takes precedence: the guide requires SELL regardless of RS.
CELLO,2026-09-04,342.0,-0.11029744621250726,-0.17681719124665451,-0.3928699825315417,-0.41234426409001235,-0.24052526605864466,392.8195609257139,-2.3929928485081575,Stage 4 — Declining,359.524237539254,670.829945323981,False,335.1163076757402,0.17747857522909471,0.512568993493136,134058654.89127044,359.1790850830078,True,-12.937125841175812,False,-49.0183760602951,False,False,False,False,True,True,False,False,396.4545096842448,433.49656631469725,False,2.3203863336727233,2,1.1799375734926716,18.024384128539815,0.20011278676126862,False,408.79998779296875,0.014707052042541129,0.02753179727422853,False,19.532160173382685,5.0,True,False,0,False,False,False,False,False,False,False,False,0,False,False,,Cello World Ltd.,Consumer Durables,EQ,INE0LMW01024,SELL,Stage 4 takes precedence: the guide requires SELL regardless of RS.
CEMPRO,2026-09-07,1316.9000244140625,0.18643960615384336,1.33407587272719,0.6084182782526668,0.8231997139812453,0.6277146154537578,991.8202485385007,4.509438048453029,Stage 2 — Advancing,1377.062748927696,1649.199951171875,False,502.01526853255285,0.7206551832960533,2.1150036213140195,386257394.7210571,1379.5480029296875,True,32.77607775749527,True,-20.149159386142934,True,False,True,True,False,False,False,False,983.2539461263021,925.4493252563476,True,3.4979341881287507,3,0.49162518905545105,30.038801662086684,0.4367959103619732,True,1649.199951171875,0.05687030120848781,0.07021194828567799,False,25.233496894015552,95.0,True,True,4,True,True,True,True,False,True,True,True,7,False,False,,Cemindia Projects Ltd.,Construction,EQ,INE686A01026,WAIT,"Stage 2 + RS 95; wait because price is more than 20% above the 30-week line (currently +33%) — the guide treats that as poor entry timing, not a failed trend."
CENTRALBK,2026-09-07,30.959999084472656,0.019091505586842805,-0.15229018576865172,-0.1423941322523553,-0.09608117382352688,-0.07051649613416966,33.3539033262697,-1.126522980052247,Stage 4 — Declining,31.475490196078432,40.260706628503506,False,29.31999969482422,0.4450279060034918,1.2523875033892988,178166521.61619395,31.432600021362305,True,-7.17728362518697,False,-23.10120294174419,False,False,False,False,False,False,False,False,33.43438297271729,34.21016894340515,False,1.5526955417009332,2,0.8568007476269134,10.240240016633456,0.6702350036457573,False,33.29999923706055,0.0013370069410788181,0.0017017594022940917,False,7.558140251242662,27.0,True,False,0,False,False,False,False,False,False,True,False,1,False,False,,Central Bank of India,Financial Services,EQ,INE483A01010,SELL,Stage 4 takes precedence: the guide requires SELL regardless of RS.
CDSL,2026-09-04,1394.5999755859375,0.15648059320967578,0.16365234380769156,-0.08395421696658656,-0.06762868216086315,0.06500612621991869,1288.8601483906784,0.45562694361227507,Stage 2 — Advancing,1358.1866263595282,1658.570789743815,False,1106.2094182590258,0.7458396997563462,1.7934169975760879,1766407794.9901671,1359.2484545898437,False,8.204135051214823,False,-15.915559094022802,True,True,True,True,False,False,False,False,1289.569230143229,1333.2179675292969,False,2.3324674588053327,2,0.5791277310808811,11.183867924979609,0.8287481299944169,False,1445.0,0.0599720889458157,0.06888926562710396,False,3.613941294734868,55.0,True,True,5,True,False,False,True,True,False,True,False,4,False,False,,Central Depository Services (India) Ltd.,Financial Services,EQ,INE736A01011,HOLD,Stage 2 + RS 55; trend/leadership is adequate without a stronger entry trigger.
CENTURYPLY,2026-09-04,748.4500122070312,-0.02048156508172294,0.07335440313997132,-0.0632079594823437,-0.04922804956764959,-0.01600894721469357,755.2873292687821,-0.27235375335098455,Stage 4 — Declining,769.7970604990043,859.0,False,618.5,0.2539637784704854,0.4617314055295929,38768027.96772766,770.102001953125,True,-0.9052603951889671,False,-12.869614411288566,False,False,True,False,True,True,False,False,756.6870003255208,766.5205010986328,False,2.53953381031192,3,0.46054077626223355,11.231884057971014,0.8228280894385092,False,828.0,0.03218565286774664,0.03598662007752038,False,10.628630702856356,38.0,False,False,1,False,False,False,True,False,False,True,False,2,False,False,,Century Plyboards (India) Ltd.,Consumer Durables,EQ,INE348B01021,SELL,Stage 4 takes precedence: the guide requires SELL regardless of RS.
CERA,2026-09-04,5787.5,0.057786665648099644,0.22380577287173398,0.08313050375602149,-0.0802325026471018,0.06845542105537059,5549.559326171875,0.87897191495101,Stage 2 — Advancing,6061.464106541054,6663.070811519553,False,4410.181828561342,1.9299104408987224,0.4711594191391891,53918373.05,6057.52849609375,True,4.287559783458672,False,-13.14064995385924,True,False,True,True,True,True,False,False,5536.0570247395835,5451.9471044921875,False,2.5060166615242205,3,0.9640644356689642,14.887609159134655,0.5767016703341596,False,6579.535534926191,0.24888030320528298,0.283101598001086,False,13.685279221186875,56.0,True,True,4,True,True,False,True,False,True,True,False,5,False,False,,Cera Sanitaryware Ltd,Consumer Durables,EQ,INE739E01017,REDUCE,Stage 2 + RS 56; distribution warning (U/D 0.47) triggers REDUCE.
CHALET,2026-09-04,896.75,0.15747015166182643,0.18461030383091148,-0.0002787068004459492,-0.1156107752528398,0.07673222502025573,804.9630160397046,0.4517303560547692,Stage 2 — Advancing,846.8843192306219,1068.9158300195356,False,691.3499755859375,0.5640353705821928,1.5686823039546398,200008615.1993103,847.4430053710937,False,11.40263367774006,False,-16.106584371230525,True,True,True,True,False,False,False,False,806.6586690266927,823.6557522583008,False,3.0526912427441353,1,1.2844120165241106,16.479602362082268,2.6824793064626573,False,939.9500122070312,0.038563008535522685,0.045505078861975204,False,4.817397514026345,57.0,True,True,5,True,False,False,True,True,False,True,False,4,False,False,,Chalet Hotels Ltd.,Consumer Services,EQ,INE427F01016,HOLD,Stage 2 + RS 57; trend/leadership is adequate without a stronger entry trigger.
CHAMBLFERT,2026-09-04,419.04998779296875,-0.08214157851999149,-0.015204363976126123,-0.020089708473864043,-0.23021427862668387,-0.0859583016233314,443.84549514561485,-0.16816980076765908,Stage 4 — Declining,441.1173418830423,550.1317402546481,False,394.4382907843191,0.6725483563663822,0.34313112056124595,239397187.366362,440.68333923339844,True,-5.586517746341279,False,-23.82733859366185,False,False,False,False,True,True,False,False,443.3676627604167,442.90384231567384,False,1.9798182501229455,2,1.3736670133479985,14.914587894197465,1.5785371801916979,False,476.2861105921156,0.018020438534787766,0.02366375622672664,False,13.658543005953817,25.0,True,False,0,False,True,False,False,False,False,True,False,2,False,False,,Chambal Fertilizers & Chemicals Ltd.,Chemicals,EQ,INE085A01013,SELL,Stage 4 takes precedence: the guide requires SELL regardless of RS.
CHENNPETRO,2026-09-07,1430.199951171875,0.26338950807036254,0.4931934102037958,0.6208505143443399,1.1417885387000717,0.5565222958777865,1075.0556222575985,3.7883983611831873,Stage 2 — Advancing,1248.5847862094056,1489.699951171875,False,663.6241384257198,0.27105125036465155,3.5987971366028604,3504891989.372205,1251.4447338867187,False,33.034972475980304,True,-3.99409290127144,True,True,True,True,False,False,False,False,1068.7082360839843,1009.8811492919922,True,3.654834468119631,2,0.770627436202903,30.531566093230794,0.5474531128365376,False,1489.699951171875,0.06176315627885149,0.0624490650820481,False,4.160257448704785,94.0,True,True,5,True,True,True,True,True,True,True,True,8,True,False,,Chennai Petroleum Corporation Ltd.,Oil Gas & Consumable Fuels,EQ,INE178A01016,WAIT,"Stage 2 + RS 94; wait because price is more than 20% above the 30-week line (currently +33%) — the guide treats that as poor entry timing, not a failed trend."
CHOICEIN,2026-09-07,755.6500244140625,0.13862728338061459,0.07558186256312571,-0.01351171747511426,-0.03934649393908307,0.05999564358203151,728.0924122777478,0.08423055328643514,Stage 2 — Advancing,799.6549036362592,860.5,False,568.7000122070312,0.3471699044014786,0.2369273610787053,291573868.8439209,800.7440014648438,True,3.78490582673483,False,-12.18477345565805,True,False,True,True,True,True,False,False,729.4953312174479,745.3579986572265,False,2.018131175358993,2,0.5296687125939015,12.267352135133825,0.3345319775670195,True,854.2999877929688,0.03263273118682615,0.03597957632754474,False,13.054980505744073,54.0,True,True,4,True,False,False,True,False,True,True,False,4,False,False,,Choice International Ltd.,Financial Services,EQ,INE102B01014,REDUCE,Stage 2 + RS 54; distribution warning (U/D 0.24) triggers REDUCE.
CHOLAHLDNG,2026-09-04,1525.699951171875,0.05485625855483267,-0.05700073102332781,-0.1889384970656246,-0.12236791843383987,-0.05171892588262539,1582.829347375321,-0.579456263873479,Stage 4 — Declining,1577.8997850605085,2062.371871375786,False,1303.9706528841405,0.44944405415133626,0.8246155726136586,233528246.22885132,1576.4158642578125,True,-3.6093212637344108,False,-26.02207330562083,False,False,False,False,False,False,False,False,1585.6550122070312,1644.7776446533203,False,2.436820075972796,2,1.5312845037342657,18.600831965522726,0.7744010263851099,False,1720.0421200778292,0.06560979117891001,0.08591718907807086,False,12.737902282600322,31.0,True,False,0,False,False,False,False,False,False,False,False,0,False,False,,Cholamandalam Financial Holdings Ltd.,Financial Services,EQ,INE149A01033,SELL,Stage 4 takes precedence: the guide requires SELL regardless of RS.
CHOLAFIN,2026-09-04,1839.0,0.23803649955175366,0.1125557963966104,0.09870403274169948,0.2599906260255922,0.1894646908534819,1670.5874717398865,0.7934414224389341,Stage 2 — Advancing,1830.903803806679,1952.5,False,1298.889892127893,0.49888968865970257,0.6482121252125694,1716688882.352832,1831.5520092773438,False,10.081036228813268,False,-5.813060179257368,True,True,True,True,True,False,False,False,1670.9990966796875,1677.3849041748047,True,2.1576167171599474,1,1.2318908996300644,14.96030604793534,0.6308168237198969,False,1952.5,0.0790826570357694,0.08175495276422576,False,6.171832517672637,72.0,True,True,5,True,False,True,True,True,True,True,True,7,False,False,,Cholamandalam Investment and Finance Company Ltd.,Financial Services,EQ,INE121A01024,REDUCE,Stage 2 + RS 72; distribution warning (U/D 0.65) triggers REDUCE.
CIPLA,2026-09-04,1385.0,-0.0005051246276533972,0.06457011368630594,-0.08087215526873137,-0.11396036893119876,-0.0262545319537862,1360.1476975532428,0.5022091515788807,Stage 2 — Advancing,1439.2333314185048,1657.4505258313652,False,1154.8655900414417,1.193913767589,0.4068059841534718,1032250137.6219727,1439.2159985351564,True,1.8271767464271615,False,-16.43792810616208,True,False,True,True,True,True,False,False,1358.845039876302,1383.2904357910156,False,1.553378407644082,3,1.0780697825209191,8.389215375686296,0.6079782006030734,False,1491.199951171875,0.05955926046467679,0.06936841281049856,False,7.667866510604693,36.0,True,False,3,True,False,False,True,False,False,True,False,3,False,False,,Cipla Ltd.,Healthcare,EQ,INE059A01026,REDUCE,Stage 2 + RS 36; distribution warning (U/D 0.41) triggers REDUCE.
CUB,2026-09-07,238.47999572753906,0.31081187845776515,0.23561990245346331,0.18062266584911812,0.604199899266795,0.3284132448969813,202.61055598846855,0.4833999630465602,Stage 2 — Advancing,219.41092218137254,248.85000610351562,False,145.67277338513364,2.0044632808321916,2.07498099573655,625908793.44393,219.80654541015625,False,17.70363817624192,False,-4.167173044658434,True,True,True,True,False,False,False,False,203.03649973551433,204.18543487548828,True,3.6355261170436775,2,1.1930562843716335,19.380964061603077,0.9889919252147715,False,248.85000610351562,0.010298753844475367,0.010298753844475367,True,4.348377457966834,85.0,True,True,5,True,False,True,True,True,True,True,True,7,False,False,,City Union Bank Ltd.,Financial Services,EQ,INE491A01021,HOLD,Stage 2 + RS 85; trend/leadership is adequate without a stronger entry trigger.
CLEAN,2026-09-04,836.1500244140625,0.06515752759348259,0.13227272009713786,-0.054432120153781405,-0.27116388675224834,-0.012601646324385339,766.4315164644424,0.08630726032339275,Stage 2 — Advancing,782.9128836837469,1209.1942608925451,False,648.9423872407145,0.7809778517223974,2.1187939476920934,333821033.02868044,783.0632104492188,False,9.096508487964105,False,-30.850645635973052,True,True,True,True,False,False,False,False,767.3909525553386,795.0332019042969,False,2.7178526968179124,1,1.0433670451071608,18.209876586216733,0.7620354796047388,False,870.6975200034232,0.03595702317084694,0.05171893480999527,False,4.131734088457395,39.0,True,False,4,True,False,False,False,True,False,False,False,2,False,False,,Clean Science and Technology Ltd.,Chemicals,EQ,INE227W01023,WAIT,Stage 2 + RS 39; wait because relative strength is below 50 — the trend has turned up but the stock still lags most of the universe.
COALINDIA,2026-09-07,418.8500061035156,-0.08994790211716819,-0.02413990226380236,0.1462023657828846,0.1391810323039775,0.016269538317744678,428.86161678784515,-0.19965586113201983,Stage 4 — Declining,411.08824726179535,478.7148709533388,False,355.1755291130353,1.7266107192856208,3.409932665496284,4155016397.8101854,410.6400354003906,False,-2.334461815285793,False,-12.505328010931649,False,True,False,False,False,False,False,False,428.5109763590495,418.351905670166,True,1.9140353951159168,1,1.4639109717826266,10.241119351448889,2.2234983549845717,False,435.44781899363005,0.018088029134088857,0.021468645286866962,False,3.962710432911498,46.0,True,False,1,False,True,True,False,True,False,True,False,4,False,False,,Coal India Ltd.,Oil Gas & Consumable Fuels,EQ,INE522F01014,SELL,Stage 4 takes precedence: the guide requires SELL regardless of RS.
COCHINSHIP,2026-09-07,1506.4000244140625,0.04676537417125837,0.010803177251854423,-0.08157229951639844,-0.08275247345333403,-0.011998169475072262,1482.563010855897,-0.13555032079939355,Stage 3 — Topping,1460.382350547641,1970.7277578579542,False,1187.0,0.4940888347346116,1.1150323708124763,1258219264.1390748,1461.037998046875,False,1.6078246512034822,False,-23.56123171211553,True,True,False,False,False,False,False,False,1482.9193302408855,1510.2429443359374,False,2.1882840771349428,2,0.7963642846719682,14.02497277419731,0.5328179426880535,False,1577.9000244140625,0.06505385491736065,0.08330900488476364,False,4.746415217817801,40.0,True,False,2,False,False,False,False,True,False,True,False,2,False,False,,Cochin Shipyard Ltd.,Capital Goods,EQ,INE704P01025,SELL,Stage 3 + RS 40; RS below 50 in Stage 3 triggers SELL.
COFORGE,2026-09-07,1935.0,0.3542034373819991,0.6716475581047465,-0.014811709104839976,0.17766697790745156,0.3085819403342713,1432.7767350706335,1.5207939687376548,Stage 2 — Advancing,1693.7936580882354,2021.199951171875,False,1003.4540055816377,0.3975227576936525,1.848892830755393,3779864122.9341125,1697.9789965820312,False,35.05244415520244,True,-4.264790879393054,True,True,True,True,False,False,False,False,1437.5158463541666,1517.044365234375,True,2.547434387544989,2,0.6135035911469645,32.91499403912157,0.6168756279793317,False,2021.199951171875,0.08356293628849051,0.0856236320849553,False,4.454777838339785,82.0,True,True,5,True,False,True,True,True,True,True,True,7,False,False,,Coforge Ltd.,Information Technology,EQ,INE591G01025,WAIT,"Stage 2 + RS 82; wait because price is more than 20% above the 30-week line (currently +35%) — the guide treats that as poor entry timing, not a failed trend."
COHANCE,2026-09-04,456.6000061035156,0.07359515450017695,0.5314439558970576,-0.1684574277821017,-0.49227175325100614,0.003581016772860726,400.6000000418049,1.35896786955636,Stage 2 — Advancing,445.0725486605775,1038.9000244140625,False,266.70001220703125,0.6030776933270038,2.7247387174557263,561528771.4791901,444.8129998779297,False,13.979032964519922,False,-56.04966836332138,True,True,True,True,False,False,False,False,399.75,424.97475006103514,False,3.795914228935665,3,0.6627256318097616,15.082644628099173,0.49842363712615945,False,484.0,0.01963520483154679,0.044437472717943474,False,6.00087462335086,44.0,True,False,4,True,False,False,True,True,True,False,False,4,False,False,,Cohance Lifesciences Ltd.,Healthcare,EQ,INE03QK01018,WAIT,Stage 2 + RS 44; wait because relative strength is below 50 — the trend has turned up but the stock still lags most of the universe.
COLPAL,2026-09-07,1813.5,-0.09302325581395354,-0.16770476265494272,-0.15224619328879374,-0.23462894511841148,-0.14812528253801102,2029.814430550353,-0.8572551795066219,Stage 4 — Declining,1995.7862812117035,2391.634417204719,False,1761.237851420491,0.7860557822309236,0.36548669537198575,705352894.1724427,1995.7180078125,True,-10.656857459216251,False,-24.173193571968564,False,False,False,False,True,True,False,False,2031.7082999674478,2048.4774060058594,False,2.0457679483794653,2,0.975726757105493,18.509983249662536,1.0447360320738273,False,2213.39990234375,0.0783159612192132,0.1022079880584912,False,22.05127666632203,13.0,True,False,0,False,False,False,False,False,False,True,False,1,False,False,,Colgate Palmolive (India) Ltd.,Fast Moving Consumer Goods,EQ,INE259A01022,SELL,Stage 4 takes precedence: the guide requires SELL regardless of RS.
CAMS,2026-09-04,748.7999877929688,-0.005365510777881943,0.19872488040685177,-0.04108465117369697,0.011607187324882418,0.031703279000454665,742.364257394451,0.43691626727404564,Stage 2 — Advancing,771.6711282169117,837.8765073351432,False,606.3175046422562,0.3694774490962103,1.0659339415901004,996542576.7989929,771.2712731933593,True,0.8669235263434993,False,-10.631222950203167,True,False,True,True,False,False,False,False,741.6707474772136,740.1936990356445,False,2.302732842877682,2,0.8580943077349613,11.754957397317902,1.1199661079973298,False,827.8651879428801,0.032200702894518575,0.03587820145273262,False,10.558921132323995,48.0,True,False,3,True,True,False,True,False,False,True,False,4,False,False,,Computer Age Management Services Ltd.,Financial Services,EQ,INE596I01020,WAIT,Stage 2 + RS 48; wait because the close is below its 50-session average — short-term timing has weakened even though the 30-week trend is intact.
CONCORDBIO,2026-09-04,1417.0999755859375,0.15133669563930674,0.1868006684344643,0.01711261694087396,-0.14569124606923123,0.07217908611694411,1232.4040121836206,1.715909446557129,Stage 2 — Advancing,1382.7176776960785,1693.8579163761817,False,981.1254498447715,0.3884123325742671,2.0966523289862584,270137290.9093994,1384.8031274414063,False,14.986640872343937,False,-16.338911198782046,True,True,True,True,False,False,False,False,1230.1658622233074,1256.9446255493165,True,3.5807548655382506,2,1.6420048733596484,23.343653250773993,0.6615119229079165,False,1615.0,0.06093965815914078,0.07218110818088681,False,13.96514203821333,57.0,True,True,5,True,False,True,True,True,True,True,False,6,False,False,,Concord Biotech Ltd.,Healthcare,EQ,INE338H01029,HOLD,Stage 2 + RS 57; trend/leadership is adequate without a stronger entry trigger.
CONCOR,2026-09-07,503.8999938964844,0.12083462759481334,0.05354952720484718,-0.004332281694489293,-0.05688328957161115,0.04680064222567469,488.06864782882064,0.1250859217823752,Stage 2 — Advancing,500.2512524174709,561.4378970396333,False,420.16557890015895,0.31967322711426577,1.5134614164002473,780064524.7190399,500.86498657226565,False,3.243671999438935,False,-10.248311246272568,True,True,True,True,False,False,False,False,488.82921040852864,492.8749404907227,False,2.3509501627689264,2,0.6767619369111512,17.77022425436946,0.6872027291244779,False,543.7000122070312,0.021760911155422575,0.02378637062412109,False,7.898396267637775,51.0,True,True,5,True,False,False,True,True,False,True,False,4,False,False,,Container Corporation of India Ltd.,Services,EQ,INE111A01025,HOLD,Stage 2 + RS 51; trend/leadership is adequate without a stronger entry trigger.
COROMANDEL,2026-09-07,1974.5999755859375,0.10002360410549582,-0.022636383234702295,-0.13736747147422335,-0.12116844514638303,-0.016225018328863406,2012.1681384779004,-1.0837002985554234,Stage 4 — Declining,2020.316846660539,2486.7668094210435,False,1704.8401341065546,0.48337879496962277,0.5546051880562445,257461826.57113647,2022.4824145507812,True,-1.8670488898796078,False,-20.5956920405555,False,False,True,False,True,True,False,False,2018.964794108073,2087.868170776367,False,2.386379612288143,3,0.5648834758429648,11.263435529517759,0.8151771962246722,False,2129.89990234375,0.08527306044193417,0.10095075294231298,False,7.864880415170128,38.0,True,False,1,False,False,False,False,False,False,True,False,1,False,False,,Coromandel International Ltd.,Chemicals,EQ,INE169A01031,SELL,Stage 4 takes precedence: the guide requires SELL regardless of RS.
CRAFTSMAN,2026-09-04,11398.0,0.24394040708425258,0.5376822700023127,0.6213552574760828,0.6695060707155651,0.4632848824724932,8710.79768992457,2.6933131713495317,Stage 2 — Advancing,9990.84681372549,11539.0,True,6316.2925601072975,0.4893335719964638,3.1338047085174,546239786.725,10005.84927734375,False,30.849095636598346,True,-1.22194297599445,True,True,True,True,False,False,False,False,8674.830670572917,8320.466486816405,True,3.0851277166420177,2,1.7530295485669969,22.48388058286723,0.9632505461824786,False,11539.0,0.49014906193240876,0.49014906193240876,True,1.237059133181262,91.0,True,True,5,True,True,True,True,True,True,True,True,8,True,False,,Craftsman Automation Ltd.,Automobile and Auto Components,EQ,INE00LO01017,WAIT,"Stage 2 + RS 91; wait because price is more than 20% above the 30-week line (currently +31%) — the guide treats that as poor entry timing, not a failed trend."
CREDITACC,2026-09-04,1443.0999755859375,0.13290934233639384,0.17756015959684812,0.07134370867552886,0.06360548618224926,0.1156656078254828,1359.6739777865475,0.5120235588657707,Stage 2 — Advancing,1508.3862735523896,1634.0,False,1113.0,0.5890083593915082,1.0522556194640331,407678349.74500734,1509.307998046875,True,6.135735416162147,False,-11.682988030236386,True,False,True,True,False,False,False,False,1358.030672200521,1345.7510034179688,True,3.1262070163513465,2,0.8673953103505838,17.46634176340652,1.0262660605886957,False,1634.0,0.06205773813898308,0.06911154603932185,False,13.228468411313777,63.0,True,True,4,True,True,True,True,False,False,True,False,5,False,False,,CreditAccess Grameen Ltd.,Financial Services,EQ,INE741K01010,HOLD,Stage 2 + RS 63; trend/leadership is adequate without a stronger entry trigger.
CRIZAC,2026-09-04,160.2899932861328,-0.2540488196026012,-0.3026625212715923,-0.40807047054745216,-0.5488755046330083,-0.35354122713145103,205.1376720062674,-2.142505211776069,Stage 4 — Declining,185.7072550455729,375.5949132544453,False,159.9499969482422,0.9321058564147637,0.29970990178602636,39104958.47658157,185.3936001586914,True,-21.862234411417315,False,-57.323704973196755,False,False,False,False,True,True,False,False,206.08079691569012,219.78481468200684,False,3.5226347281447987,2,1.7891800462362424,22.874778234737843,0.7086124964663983,False,207.38999938964844,0.006892962787010887,0.01583708833733756,False,29.38424610165007,2.0,False,False,0,False,False,False,False,False,False,False,False,0,False,False,,Crizac Ltd.,Consumer Services,EQ,INE0S4R01014,SELL,Stage 4 takes precedence: the guide requires SELL regardless of RS.
CROMPTON,2026-09-04,232.39999389648438,-0.12664326027609663,-0.04139008000853972,-0.09156060747583838,-0.2826141717388937,-0.13377027595509303,257.7019401445781,0.14425310637042887,Stage 1 — Basing,252.94140415565641,331.01900619833475,False,214.8165151621269,1.2614462131391257,0.44142165145024875,962609861.5793205,252.55966339111328,True,-9.818298703493888,False,-29.79255283086718,False,False,False,True,True,True,False,False,257.07998850504555,255.05935089111327,False,2.9674823453235892,1,1.257371954044935,18.29693245033824,1.491685604698577,False,276.6726021814999,0.009993914634274376,0.014179543879574198,False,19.050176182334756,15.0,True,False,1,False,True,False,False,False,False,False,False,1,False,False,1.0,Crompton Greaves Consumer Electricals Ltd.,Consumer Durables,EQ,INE299U01018,AVOID,Stage 1 + RS 15; weak RS in a basing stage is AVOID.
CUMMINSIND,2026-09-04,5035.0,-0.12280573406135686,0.10730281999435154,0.1436428751177976,0.29582438672158506,0.0602317227422041,5184.182051985231,1.3221676282917594,Stage 1 — Basing,5402.115952435662,6049.821052103703,False,3784.261865546783,1.024032968517333,0.49302505632391674,2293872111.925,5398.246494140625,True,-2.8776391432492776,False,-16.77439784356628,False,False,True,True,True,True,False,False,5156.854012044271,4929.651182861328,True,1.981841395942687,3,0.8107433382001461,12.151923915395788,1.068626721139514,False,5692.782611634734,0.21652048840407773,0.2602783675469366,False,13.064202813003668,54.0,True,True,3,False,True,True,True,False,True,True,False,5,False,False,2.0,Cummins India Ltd.,Capital Goods,EQ,INE298A01020,WATCH,Stage 1 + RS 54; adequate RS in a basing stage remains WATCH.
CUPID,2026-09-07,280.95001220703125,1.0492341334755557,2.4926653863751387,2.847576350631191,7.017064903630015,2.891154981517491,157.88856093524254,9.447377272943648,Stage 2 — Advancing,243.9045084037033,299.0,False,32.86800003051758,0.15497395607207562,1.7055512418541048,6976124912.277613,245.01459869384766,False,77.94196776691248,True,-6.036785215039719,True,True,True,True,False,False,False,False,155.92559931437174,137.51851957321168,True,3.17214666126863,2,0.3166466242133165,40.8394650870741,0.30495267067765575,False,299.0,0.012132820656489294,0.012463384220206692,False,6.424626093152752,99.0,True,True,5,True,True,True,True,True,True,True,True,8,True,False,,Cupid Ltd.,Fast Moving Consumer Goods,EQ,INE509F01029,WAIT,"Stage 2 + RS 99; wait because price is more than 20% above the 30-week line (currently +78%) — the guide treats that as poor entry timing, not a failed trend."
CYIENT,2026-09-07,1105.4000244140625,0.26014592912838785,0.24925134758813705,-0.054567165089142056,-0.038874610977931545,0.13522028595556784,901.6280826934396,-0.15397374318280033,Stage 3 — Topping,906.0735306085325,1267.736092444419,False,750.2999877929688,0.36963580610569113,5.074281434742453,1792678963.8283477,906.5640014648437,False,22.60044309089104,True,-12.80519415656487,True,True,True,False,False,False,False,False,907.4066674804687,966.2434997558594,False,4.864108948343094,2,2.990538117342163,33.18703755479645,5.117892714469331,False,1219.0,0.04773667793974582,0.053720097781193646,False,10.276820433955859,66.0,True,True,4,True,False,False,False,True,True,True,False,4,False,False,,Cyient Ltd.,Information Technology,EQ,INE136B01020,REDUCE,Stage 3 with RS 66; the guide requires REDUCE when RS is 50 or higher.
DCBBANK,2026-09-07,221.30999755859375,0.27217912605779393,0.3017128688958701,0.28908071741704844,0.7887596322008681,0.38478229412587495,185.26481231271404,0.9605291221785661,Stage 2 — Advancing,194.5380386651731,228.99000549316406,False,121.38222908441647,0.42000443620626216,3.240669919079448,661405467.3891029,194.6713995361328,False,19.456034200945815,False,-3.3538616316595493,True,True,True,True,False,False,False,False,185.4068682861328,183.6296501159668,True,3.6697069463821443,2,1.5183671650535016,22.136338366487998,2.975862180250916,False,228.99000549316406,0.009557267817051556,0.00961400844194604,False,3.470248980747903,87.0,True,True,5,True,True,True,True,True,True,True,True,8,True,False,,DCB Bank Ltd.,Financial Services,EQ,INE503A01015,HOLD,Stage 2 + RS 87; trend/leadership is adequate without a stronger entry trigger.
DCMSHRIRAM,2026-09-07,1011.2000122070312,-0.012505874002730843,0.02498760951374046,-0.16587474069996333,-0.17866086952728144,-0.0689119497437932,1073.1682873033496,-0.7851906273811049,Stage 4 — Declining,1027.6701313093597,1400.4767744012483,False,941.5197177909594,0.38002221985267903,1.2192823769074352,124441210.96878052,1027.7553662109376,True,-5.774329695488101,False,-27.796016992902018,False,False,False,False,False,False,False,False,1075.4330314127603,1106.156734008789,False,3.0126881709990108,2,1.0859113448499984,18.081254691695754,0.6475827085042537,False,1183.0014875578156,0.04366865229714573,0.058268572315660974,False,16.98986088576213,27.0,True,False,0,False,False,False,False,False,False,False,False,0,False,False,,DCM Shriram Ltd.,Diversified,EQ,INE499A01024,SELL,Stage 4 takes precedence: the guide requires SELL regardless of RS.
DLF,2026-09-04,681.9000244140625,0.19498315113599474,0.21335775778415345,-0.026628248442265412,-0.08922137343843517,0.09749488763508847,608.3878255347684,0.6506111765799849,Stage 2 — Advancing,658.6204690372242,784.9450504063134,False,483.3317854758361,0.48815450687695444,1.8381322878458108,1926471077.583902,659.5199645996094,False,12.083114716287668,False,-13.127673833844977,True,True,True,True,False,False,False,False,609.2684075927734,625.3367387390136,False,2.41552059791,3,0.45711348064871393,13.015959055612484,0.6383923528322262,True,691.0499877929688,0.029323798675051707,0.033248528927758286,False,1.341833560831529,60.0,True,True,5,True,False,False,True,True,True,True,False,5,False,False,,DLF Ltd.,Realty,EQ,INE271C01023,HOLD,Stage 2 + RS 60; trend/leadership is adequate without a stronger entry trigger.
DOMS,2026-09-04,2208.699951171875,0.0424859670325517,0.006077163867125535,-0.1592765538984463,-0.17723396602379038,-0.04909228439800155,2267.596496161099,-0.4947795051239767,Stage 4 — Declining,2252.011594286152,2752.0868987146637,False,2020.548311951282,1.5838137396831018,1.4890029619320686,75817855.1541504,2252.0844140625,True,-2.5973115185586204,False,-19.74454178015136,False,False,False,False,False,False,False,False,2272.7646533203124,2336.0370166015623,False,1.6621441954799347,3,0.5610235029067531,9.48813981066466,0.22102685837847036,False,2399.020559719262,0.09498089218784449,0.11558960604524524,False,8.616861174212831,32.0,True,False,0,False,False,False,False,False,False,True,False,1,False,False,,DOMS Industries Ltd.,Fast Moving Consumer Goods,EQ,INE321T01012,SELL,Stage 4 takes precedence: the guide requires SELL regardless of RS.
DABUR,2026-09-07,375.5,-0.10321476250181572,-0.20524147045116836,-0.25431984353325976,-0.3005682364660426,-0.1933118150908204,436.78533998254227,-1.8060437560635245,Stage 4 — Declining,414.2342882343367,541.7253133302969,False,373.79998779296875,1.241271531514127,0.3392916179254098,625078381.8933579,414.10216735839845,True,-14.03099746548081,False,-30.684427926842538,False,False,False,False,True,True,False,False,438.39441548665366,454.2616169738769,False,1.49229505748288,2,0.8136465649603126,16.962854527199006,1.0450565391736428,False,450.15996836669655,0.016215959987766506,0.02344427415485012,False,19.8828144784811,8.0,True,False,0,False,False,False,False,False,False,False,False,0,False,False,,Dabur India Ltd.,Fast Moving Consumer Goods,EQ,INE016A01026,SELL,Stage 4 takes precedence: the guide requires SELL regardless of RS.
DALBHARAT,2026-09-04,1749.300048828125,0.01688205763719597,-0.07452302170051461,-0.11851144505217293,-0.27023103048391595,-0.08590027639244231,1848.8987776131466,-0.8951830239604663,Stage 4 — Declining,1811.5607766544117,2484.339731207416,False,1600.3099946947705,0.2647162512352297,1.793366236130071,555562634.9718567,1813.3839916992188,True,-5.386921663369781,False,-29.586922961701934,False,False,False,False,False,False,False,False,1857.2922688802084,1909.6125805664062,False,3.328270389398215,1,1.3895431322369969,12.571428571428573,1.5169832548885855,False,1925.0,0.07522528320507302,0.10511047121020745,False,10.044014535389634,25.0,True,False,0,False,False,False,False,False,False,False,False,0,False,False,,Dalmia Bharat Ltd.,Construction Materials,EQ,INE00R701025,SELL,Stage 4 takes precedence: the guide requires SELL regardless of RS.
DATAPATTNS,2026-09-04,4585.0,0.09602958204160905,0.46978682481166856,0.5861764966963807,0.8806509800882016,0.42573469313589385,3951.1554858063996,3.5314302783316487,Stage 2 — Advancing,4476.572720396753,5000.0,False,2126.3648658097904,0.42961275238960406,1.551445826761188,3505466773.9774413,4476.168217773437,False,16.042003825729935,False,-8.299999999999997,True,True,True,True,False,False,False,False,3914.350559895833,3597.189122314453,True,3.8333059995229006,2,0.9628691700766929,22.189615223228838,0.6296410607310438,False,5000.0,0.19716910413757624,0.20948688998766382,False,9.051254089422024,89.0,True,True,5,True,True,True,True,True,True,True,True,8,True,False,,Data Patterns (India) Ltd.,Capital Goods,EQ,INE0IX101010,HOLD,Stage 2 + RS 89; trend/leadership is adequate without a stronger entry trigger.
DATAMATICS,2026-09-07,756.2999877929688,-0.05421126154889844,0.08585784320598533,-0.09673952129571528,-0.21323760369527345,-0.06650836097656006,777.1921227860124,0.5660215918152689,Stage 1 — Basing,829.9794132008273,1010.0,False,632.0,0.28669646391171083,1.1239820193852619,62199834.97744751,830.8380017089844,True,-2.6881557829165015,False,-25.11881308980507,False,False,True,True,False,False,False,False,776.9216658528646,778.3922494506836,False,2.4961754886954335,3,0.5356583905801927,18.278865772654548,0.37181933865594413,False,918.0,0.03266079984234108,0.04098560029839238,False,21.380406560484477,28.0,True,False,2,False,False,False,True,False,False,False,False,1,False,False,3.0,Datamatics Global Services Ltd.,Information Technology,EQ,INE365B01017,AVOID,Stage 1 + RS 28; weak RS in a basing stage is AVOID.
DEEPAKFERT,2026-09-04,1362.0999755859375,-0.03463983669464987,0.4549791333632067,0.03838169389229984,-0.04988876237756967,0.07483847829772743,1308.1459266976135,1.7681952832229175,Stage 2 — Advancing,1521.9719956341912,1669.6119086916185,False,860.5304973022847,0.6381967637792862,0.5497959123158563,390399250.21169436,1521.2956689453124,True,4.124467139880172,False,-18.418168408169834,True,False,True,True,True,True,False,False,1300.082430826823,1285.0375372314454,True,3.0390761346942052,2,1.0218844643240599,19.07700414974166,0.868586554474928,False,1669.6119086916185,0.05857448897101282,0.07105261893092586,False,22.57631147621142,57.0,True,True,4,True,True,True,True,False,True,True,False,6,False,False,,Deepak Fertilisers & Petrochemicals Corp. Ltd.,Chemicals,EQ,INE501A01019,REDUCE,Stage 2 + RS 57; distribution warning (U/D 0.55) triggers REDUCE.
DEEPAKNTR,2026-09-04,1712.4000244140625,0.025956485577934396,0.1554413346271526,0.12154195758266284,-0.016679391624575657,0.06244337434822172,1635.075713900862,0.6345796918304947,Stage 2 — Advancing,1690.5206083409926,1895.7415042243763,False,1274.1803312746065,0.5420876737164698,0.7451052072617393,663438949.3579712,1692.030546875,False,4.729096631783802,False,-9.671227823084783,True,True,True,True,False,False,False,False,1634.674092610677,1626.4610516357423,True,2.777222283703651,2,0.7656888764792382,17.5026719824831,1.2326138777597442,False,1851.0,0.07363846864534011,0.08258170646011946,False,8.093901752504507,54.0,True,True,5,True,True,True,True,True,True,True,False,7,False,False,,Deepak Nitrite Ltd.,Chemicals,EQ,INE288B01029,HOLD,Stage 2 + RS 54; trend/leadership is adequate without a stronger entry trigger.
DELHIVERY,2026-09-04,457.8999938964844,0.0445990362056754,0.098872043394574,0.14018921050129918,-0.027090194763296327,0.060233826308785536,456.0208907453981,0.47168645713571156,Stage 2 — Advancing,476.0745107613358,524.0,False,374.45001220703125,0.4497451940001261,1.071598868109682,1298312984.0010986,476.3000012207031,True,0.4120651464047498,False,-12.614504981586949,True,False,True,True,False,False,False,False,455.69733357747396,443.4405006408691,True,2.1643840178680507,2,0.5742792150086184,16.20228891154282,0.38702396186088506,True,524.0,0.01969110830559901,0.022340741933881553,False,14.43546778436049,54.0,True,True,4,True,True,True,True,False,False,True,False,5,False,False,,Delhivery Ltd.,Services,EQ,INE148O01028,HOLD,Stage 2 + RS 54; trend/leadership is adequate without a stronger entry trigger.
DEVYANI,2026-09-04,139.27999877929688,0.2268122987480885,0.17357598939290453,0.0025914239497308866,-0.2232013585683461,0.08131813045409325,118.96527397469299,1.4759917831216773,Stage 2 — Advancing,125.59490144019033,191.0,False,91.55000305175781,0.5124073112938753,1.126691848883287,733578648.7868026,125.84999954223633,False,17.076180406162344,False,-27.0785346705252,True,True,True,True,False,False,False,False,119.04313339233398,122.82449989318847,False,3.6950227919320984,1,2.267573799536957,31.388264127050974,0.6755691372907935,False,155.9499969482422,0.005989468393368959,0.008176550772423043,False,11.96869494187791,58.0,True,True,5,True,False,False,True,True,True,False,False,4,False,False,,Devyani International Ltd.,Consumer Services,EQ,INE872J01023,HOLD,Stage 2 + RS 58; trend/leadership is adequate without a stronger entry trigger.
DIACABS,2026-09-04,331.79998779296875,0.7219367044943781,1.4968017858145504,1.3168771191799697,1.3572037563333028,1.1229512140633158,208.41931492008575,7.332134199927576,Stage 2 — Advancing,297.690980200674,379.0,False,115.56999969482422,0.22189439453668663,0.6244285859039127,403149841.03355867,299.5191998291016,False,59.19829115655182,True,-12.453829078372358,True,True,True,True,True,False,False,False,206.19606653849283,189.1226998138428,True,4.963188383547711,2,0.5790631035541303,47.88918205804749,0.18738188849466647,False,379.0,0.014268420140893868,0.015675857862155095,False,14.225441212638735,98.0,True,True,5,True,True,True,True,True,True,True,True,8,True,False,,Diamond Power Infrastructure Ltd.,Capital Goods,BE,INE989C01038,REDUCE,Stage 2 + RS 98; distribution warning (U/D 0.62) triggers REDUCE.
DBL,2026-09-04,401.0,-0.0616590750606727,-0.05324044019094909,-0.12128849646812623,-0.1401226551925332,-0.08759394839459078,434.0665523134429,-0.8084052331616798,Stage 4 — Declining,423.17647118661915,585.0,False,381.54998779296875,0.0935033236902478,0.12066084298300048,92787081.05518341,422.4460003662109,True,-7.617853100453886,False,-31.45299145299145,False,False,False,False,True,True,False,False,434.8863338216146,440.9290000915527,False,1.7892781126146686,2,0.6591911206263157,19.62292437722477,0.11718369872969782,False,474.70001220703125,0.017244233535260212,0.024544470995444663,False,18.379055413224755,24.0,True,False,0,False,False,False,False,False,False,False,False,0,False,False,,Dilip Buildcon Ltd.,Construction,EQ,INE917M01012,SELL,Stage 4 takes precedence: the guide requires SELL regardless of RS.
DIVISLAB,2026-09-07,9315.0,0.4122621814897618,0.47786573577023805,0.44487711464467705,0.5565672412909644,0.4607668909370806,6938.817904768319,3.190221733817711,Stage 2 — Advancing,7940.882908241421,9467.0,True,5613.352076705792,1.0256359771472157,3.704134228681178,3886936200.05,7969.089169921875,False,34.244768025959885,True,-1.6055772684060443,True,True,True,True,False,False,False,False,6909.2388313802085,6765.586105957032,True,2.078444904531861,1,1.6692692953858184,31.30156604873125,1.227469450976941,False,9467.0,0.40226808864459385,0.40370400261390027,True,1.6317767042404618,90.0,True,True,5,True,True,True,True,True,True,True,True,8,True,False,,Divi's Laboratories Ltd.,Healthcare,EQ,INE361B01024,WAIT,"Stage 2 + RS 90; wait because price is more than 20% above the 30-week line (currently +34%) — the guide treats that as poor entry timing, not a failed trend."
DIXON,2026-09-07,14180.0,0.24037788663400983,0.41389969089640033,0.03134773438068228,-0.2054712278033416,0.14410639414835213,12071.712328767124,2.2225444421889007,Stage 2 — Advancing,13927.862745098038,18471.0,False,9600.0,0.7771854661731568,0.8670679279189083,5207141190.1,13970.32,False,17.464694434515195,False,-23.231010773645178,True,True,True,True,False,False,False,False,12053.713333333333,12152.245,False,2.6491033649002618,3,0.41347515103176563,21.433333333333334,0.5614691572749922,True,15000.0,0.6123630163156566,0.7906212945289612,False,5.782792665726366,66.0,True,True,5,True,False,False,True,True,True,True,False,5,False,False,,Dixon Technologies (India) Ltd.,Consumer Durables,EQ,INE935N01020,HOLD,Stage 2 + RS 66; trend/leadership is adequate without a stronger entry trigger.
AGARWALEYE,2026-09-04,514.0999755859375,0.10559134534610215,0.1823826817371661,0.02135684782372116,0.23760227043731885,0.13050489813808208,465.6993111445986,0.911216956716987,Stage 2 — Advancing,496.54411764705884,568.0,False,401.0,0.06668130197858092,0.08557371092721607,1479905192.3721054,496.7820001220703,False,10.393114888312693,False,-9.48944091796875,True,True,True,True,True,True,False,False,465.0120009358724,472.8820007324219,False,2.314032550750666,2,1.066572409270054,18.450022016732717,0.5124540739475856,False,567.75,0.022107880397694464,0.023615183743404156,False,10.435718140798533,65.0,True,True,5,True,False,False,True,True,False,True,False,4,False,False,,Dr. Agarwal's Health Care Ltd.,Healthcare,EQ,INE943P01029,REDUCE,Stage 2 + RS 65; distribution warning (U/D 0.09) triggers REDUCE.
LALPATHLAB,2026-09-04,1877.5,0.20871584236731167,0.38804490230246724,0.2388288390675437,0.14238959052627598,0.23733900332618207,1591.4852579195206,2.231008341036733,Stage 2 — Advancing,1814.2959391276042,1988.9000244140625,False,1266.1614521067843,0.8089711845286114,1.276525704114578,393432508.3828308,1816.8875903320313,False,17.971560883597128,False,-5.601087186213971,True,True,True,True,False,False,False,False,1586.3942366536457,1550.4819311523438,True,2.4447407177334983,2,0.8620848471657264,19.26072455268322,0.3494585218896523,False,1988.9000244140625,0.08073827546745897,0.0832019501530057,False,5.933423404211058,77.0,True,True,5,True,True,True,True,True,True,True,True,8,True,False,,Dr. Lal Path Labs Ltd.,Healthcare,EQ,INE600L01024,HOLD,Stage 2 + RS 77; trend/leadership is adequate without a stronger entry trigger.
DRREDDY,2026-09-07,1144.199951171875,-0.09915810902593347,-0.11684609197240137,-0.09703882470082681,-0.09198318171281061,-0.10083686328758117,1253.0109771310467,-0.2884324928245974,Stage 4 — Declining,1209.571341720282,1405.9838095385528,False,1101.0,0.1936319668239064,0.7062614847759658,1694438648.6038756,1206.4221533203124,True,-8.683964302396664,False,-18.619265498697025,False,False,False,False,False,False,False,False,1252.466902669271,1247.8423236083984,False,1.5843879540826376,2,0.39185324735323956,20.311984820962756,0.4305783275548542,False,1381.6381265443156,0.04941225200055263,0.060745760945246224,False,20.751458268221334,21.0,True,False,0,False,True,False,False,False,False,True,False,2,False,False,,Dr. Reddy's Laboratories Ltd.,Healthcare,EQ,INE089A01031,SELL,Stage 4 takes precedence: the guide requires SELL regardless of RS.
DYNAMATECH,2026-09-07,11569.0,0.097993709732342,0.07685291663632898,0.36618673260042,0.751317647199699,0.2780689431802264,10579.419962284483,2.124691795152378,Stage 2 — Advancing,10883.10422411152,12865.829460466755,False,6492.522559926718,1.109189935779687,1.0732784089008796,210801720.51909178,10902.10791015625,False,9.353821298741893,False,-10.079641304523468,True,True,True,True,False,False,False,False,10513.20736328125,10140.688845214843,True,3.368504177634223,3,0.6535559141500125,18.435842707566266,0.7765615958106596,False,12266.256837601897,0.49960703355118696,0.5437070057512664,False,6.0269412879410345,81.0,True,True,5,True,True,True,True,True,True,True,True,8,True,False,,Dynamatic Technologies Ltd.,Capital Goods,EQ,INE221B01012,HOLD,Stage 2 + RS 81; trend/leadership is adequate without a stronger entry trigger.
EIDPARRY,2026-09-07,777.7000122070312,0.057807398387300424,-0.056189305573991155,-0.2469984745939401,-0.3011322986317112,-0.09774105640500833,798.593449454472,-0.8806769569636996,Stage 4 — Declining,775.5372565774356,1119.0,False,698.2000122070312,0.531038578859896,1.248161452233925,748736824.0101287,776.7680017089843,False,-2.616279567746671,False,-30.50044573663706,False,True,False,False,False,False,False,False,801.8333345540365,849.9510012817383,False,3.5893400389822685,2,0.6313778730544161,18.251676421430037,1.0439577828689686,False,865.4000244140625,0.0335849594685346,0.0470656549261827,False,11.276843362538692,22.0,True,False,1,False,False,False,False,True,False,False,False,1,False,False,,E.I.D. Parry (India) Ltd.,Fast Moving Consumer Goods,EQ,INE126A01031,SELL,Stage 4 takes precedence: the guide requires SELL regardless of RS.
EIHOTEL,2026-09-07,294.0,0.011591445997974237,-0.10328184151202191,-0.21181178797982936,-0.28168758894285006,-0.11471966528775059,315.01839352960457,-0.6305974728467167,Stage 4 — Declining,315.4527234844133,432.8358310681578,False,269.9251049923642,0.4712119141227398,0.9266255647158295,57434891.12383423,315.3727703857422,True,-6.672116283149454,False,-32.075863665338645,False,False,True,False,False,False,False,False,315.6037929280599,325.62706787109374,False,2.5048599762170496,2,0.8511174905050095,19.964463670658773,1.1610504157949497,False,351.15649957846927,0.012696384118251271,0.018194300811286177,False,19.440986251180025,18.0,True,False,1,False,False,False,False,False,False,False,False,0,False,False,,EIH Ltd.,Consumer Services,EQ,INE230A01023,SELL,Stage 4 takes precedence: the guide requires SELL regardless of RS.
EPL,2026-09-07,248.9499969482422,0.14549300534110277,0.246619933663617,0.23806442550864593,0.09975065638824443,0.17508420524854257,225.14541082512844,1.5397823124371435,Stage 2 — Advancing,240.02333397958793,274.0299987792969,False,176.39999389648438,1.3887075047835713,0.3593654293422124,2669784188.657785,240.31240051269532,False,10.572983049431507,False,-9.15228330576101,True,True,True,True,True,True,False,False,224.7071998087565,220.15114982604982,True,5.115486220643029,3,1.3159550436567757,19.264311761957767,15.06241650038163,False,274.0299987792969,0.01075090063772913,0.011487287434284467,False,10.0743129698728,70.0,True,True,5,True,True,True,True,True,True,True,True,8,True,False,,EPL Ltd.,Capital Goods,EQ,INE255A01020,REDUCE,Stage 2 + RS 70; distribution warning (U/D 0.36) triggers REDUCE.
EDELWEISS,2026-09-07,132.72000122070312,0.15740824400436826,0.2130517939710701,0.263879616424769,0.15646322359574083,0.1896422244000633,117.3506849106044,1.3809014356469973,Stage 2 — Advancing,122.02019590490005,138.24000549316406,False,98.0,5.213808520065792,2.260304918018901,892798274.3083534,122.04279983520507,False,13.096912320372734,False,-3.993058487496881,True,True,True,True,False,False,False,False,117.08119995117187,114.70189987182617,True,4.2387841972266465,2,1.3025468353317635,18.00492334346281,2.037005028069461,False,138.24000549316406,0.005731510597526614,0.0058518586809310335,False,4.15913518813309,72.0,True,True,5,True,True,True,True,True,True,True,True,8,True,False,,Edelweiss Financial Services Ltd.,Financial Services,EQ,INE532F01054,HOLD,Stage 2 + RS 72; trend/leadership is adequate without a stronger entry trigger.
EICHERMOT,2026-09-04,7630.5,0.08444526360727855,0.011001858938801679,0.08597259409223379,0.20006312377443303,0.09318562080400512,7381.688265865796,0.7965867652541148,Stage 2 — Advancing,7703.43448414522,8165.0,False,6373.7550634554145,0.8578317919227235,0.5760404805275502,3325007722.025,7707.11798828125,True,3.370661631496308,False,-6.5462339252908786,True,False,True,True,True,True,False,False,7374.111256510417,7319.4284155273435,True,1.8632929877278215,3,0.8819936620463853,15.853613920013121,0.8499962415794927,False,8165.0,0.3281349725456435,0.3456563969310404,False,7.004783434899409,59.0,True,True,4,True,True,True,True,False,False,True,False,5,False,False,,Eicher Motors Ltd.,Automobile and Auto Components,EQ,INE066A01021,REDUCE,Stage 2 + RS 59; distribution warning (U/D 0.58) triggers REDUCE.
ELECON,2026-09-07,426.70001220703125,-0.19466367066774448,0.043314536353475486,-0.0980810403713076,-0.22659739173579496,-0.1341382474178232,461.65866778648063,0.19027342900832522,Stage 1 — Basing,454.40490124272367,632.5129117162858,False,351.0001816860465,0.4149123852393869,2.6404989625345823,304063704.1646088,453.03699951171876,True,-7.572403166838826,False,-32.53892461274721,False,False,False,True,False,False,False,False,461.20466247558596,459.7409826660156,False,3.585656450568217,2,0.870063245538914,26.65883720996866,1.9586529222118125,False,553.8499755859375,0.018427031490622366,0.026697904217631175,False,29.798443810968102,14.0,True,False,1,False,True,False,False,False,False,False,False,1,False,False,1.0,Elecon Engineering Co. Ltd.,Capital Goods,EQ,INE205B01031,AVOID,Stage 1 + RS 14; weak RS in a basing stage is AVOID.
EMIL,2026-09-04,173.74000549316406,0.5831967274944154,0.8669676558262471,0.4801500217968777,0.19253210640200913,0.541208647802793,122.58034275002676,5.014836684938517,Stage 2 — Advancing,152.71000073002833,196.74000549316406,False,84.9000015258789,0.23682696252437319,6.213527226981512,1966198264.1440864,153.38140075683594,False,41.73561730649193,True,-11.690555737429397,True,True,True,True,False,False,False,False,121.8031335957845,117.67115020751953,True,4.061898729134797,3,0.5862362931480035,41.135511677812936,0.16339160112303316,False,196.74000549316406,0.007471354686138437,0.008178705921861302,False,13.238171562567924,93.0,True,True,5,True,True,True,True,True,True,True,True,8,True,False,,Electronics Mart India Ltd.,Consumer Services,EQ,INE02YR01019,WAIT,"Stage 2 + RS 93; wait because price is more than 20% above the 30-week line (currently +42%) — the guide treats that as poor entry timing, not a failed trend."
ELECTCAST,2026-09-04,83.70999908447266,0.13069767892416317,0.2973687577345834,0.17652829673976655,-0.137507843133864,0.11955691383776246,75.82137755825094,0.904878200887449,Stage 2 — Advancing,74.7797248690736,102.66578095782631,False,59.40690087106614,1.0496764269813788,4.700189472815254,200466557.64145583,74.72274017333984,False,10.40421815095769,False,-18.463583188580067,True,True,False,True,False,False,False,False,75.71557299296062,74.92331476211548,False,3.5641753929297066,1,1.7117563495427972,21.7804289921825,2.430490387173958,False,87.77999877929688,0.0035997874649602623,0.004277160399831237,False,4.862023341700361,63.0,True,True,4,True,True,False,False,True,True,True,False,5,False,False,,Electrosteel Castings Ltd.,Capital Goods,EQ,INE086A01029,HOLD,Stage 2 + RS 63; trend/leadership is adequate without a stronger entry trigger.
ELGIEQUIP,2026-09-04,642.0999755859375,0.03687971153121161,0.2965425871162426,0.3126355271676955,0.3280385993630186,0.202195227341876,557.2240358117508,2.0810016741442228,Stage 2 — Advancing,595.555632946538,645.4000244140625,True,406.3547440834414,1.33019277527086,2.9458156850908486,552910606.8300995,595.4418298339843,False,15.231923664337522,False,-0.5113183612165173,True,True,True,True,False,False,False,False,555.0127374267578,532.6223348999024,True,2.9540360865028177,3,0.9265646967219394,12.802102970453635,1.004796884985995,False,645.4000244140625,0.02761227414461044,0.02761227414461044,True,0.5139462628251268,74.0,True,True,5,True,True,True,True,True,True,True,True,8,True,False,,Elgi Equipments Ltd.,Capital Goods,EQ,INE285A01027,HOLD,Stage 2 + RS 74; trend/leadership is adequate without a stronger entry trigger.
ELLEN,2026-09-07,321.70001220703125,0.19324927642439027,0.49315394181376404,-0.09303636556047978,-0.3854823071498925,0.08022676439043447,265.8771040291622,1.7270186421579403,Stage 2 — Advancing,295.08921574611287,559.7999877929688,False,175.0,0.4808369226913656,2.204111556639067,221209663.97530213,295.7569998168945,False,20.995756058688777,True,-42.53304408323678,True,True,True,True,False,False,False,False,265.5258673095703,281.60965003967283,False,4.488431684928833,3,0.502686547138124,26.73353945156556,0.8228144039314119,False,343.95001220703125,0.01389260859124691,0.024094627746578088,False,6.916381459656562,58.0,True,True,5,True,False,False,True,True,True,False,False,4,False,False,,Ellenbarrie Industrial Gases Ltd.,Chemicals,EQ,INE236E01022,HOLD,Stage 2 + RS 58; trend/leadership is adequate without a stronger entry trigger.
EMAMILTD,2026-09-07,367.54998779296875,-0.044828483750578796,-0.19827685024253638,-0.2919224488490507,-0.3804046404067517,-0.19205218139989927,421.3541102997244,-1.7176355757387851,Stage 4 — Declining,402.56078443340226,602.0840578111723,False,361.1499938964844,1.146853824871703,0.6334638963675775,387264631.6914627,402.4410003662109,True,-12.769336097963501,False,-38.95370870154462,False,False,False,False,True,False,False,False,423.1614117431641,444.82520172119143,False,3.212390797809714,3,1.6475499897373058,16.977012897359913,2.1177317675998486,False,435.0,0.015872638869653392,0.025703508486393353,False,18.351248659277353,8.0,True,False,0,False,False,False,False,False,False,False,False,0,False,False,,Emami Ltd.,Fast Moving Consumer Goods,EQ,INE548C01032,SELL,Stage 4 takes precedence: the guide requires SELL regardless of RS.
EMBDL,2026-09-04,57.529998779296875,-0.018761764775347634,0.0019157195029493312,-0.20855692877888543,-0.4093429375972718,-0.13070153528478062,58.84808200679413,-0.18199719659218738,Stage 4 — Declining,62.519411872414985,105.69999694824219,False,39.459999084472656,0.9753416139547217,0.37664625177395894,198951424.52930087,62.49560012817383,True,-2.2398066046486975,False,-45.57237422866963,False,False,True,False,True,True,False,False,58.987999801635745,61.219199905395506,False,3.4975520235259157,2,1.170577220908214,17.7442510702254,1.139915674208219,False,69.5999984741211,0.002473966918287856,0.004430904394068202,False,20.980357988757348,16.0,True,False,1,False,False,False,True,False,True,False,False,2,False,False,,Embassy Developments Ltd.,Realty,EQ,INE069I01010,SELL,Stage 4 takes precedence: the guide requires SELL regardless of RS.
EMCURE,2026-09-04,1927.5999755859375,0.10666330364831889,0.31661922438116585,0.37609461484398254,0.40902369853642084,0.2630128290116414,1705.221003284193,1.4761191366375215,Stage 2 — Advancing,1878.8548033471202,2044.024834505764,False,1257.554251234414,1.9802850640280811,1.035541985066052,253512459.54268798,1878.9008911132812,False,13.041064581860695,False,-5.695863228001208,True,True,True,True,False,False,False,False,1699.6275528971355,1635.445126953125,True,2.3753321284606996,2,0.839043752462923,14.501952775135644,0.6734154123265484,False,2044.024834505764,0.08289272853258302,0.08477854831693724,False,6.0398869264582045,80.0,True,True,5,True,True,True,True,True,True,True,True,8,True,False,,Emcure Pharmaceuticals Ltd.,Healthcare,EQ,INE168P01015,HOLD,Stage 2 + RS 80; trend/leadership is adequate without a stronger entry trigger.
EMMVEE,2026-09-04,325.20001220703125,,,,,,281.8934253013297,3.0322354472116064,Stage 2 — Advancing,329.57255105411303,,False,,0.34224671402549434,1.051118685245059,548895692.3621155,329.4190020751953,True,15.36275167092278,False,,True,False,True,True,False,False,False,False,279.77806732177737,260.4995004272461,False,2.850993090806629,3,0.5168496789014678,17.64230653924657,0.42040888372412727,True,371.54998779296875,0.013984600888198301,,False,14.252759485270206,,True,False,3,True,True,False,True,False,False,False,False,3,False,False,,Emmvee Photovoltaic Power Ltd.,Capital Goods,EQ,INE1C6T01020,WAIT,Stage 2 + RS unavailable; wait because the close is below its 50-session average — short-term timing has weakened even though the 30-week trend is intact.
ENDURANCE,2026-09-04,2782.800048828125,0.08624593444547357,0.11547264283861192,0.053801005231400634,-0.04736844216663805,0.05887941495886433,2593.2586084653253,1.2497441547278942,Stage 2 — Advancing,2804.7038622089462,3072.0,False,2134.0128277243602,0.3657793205386343,1.0398157331148579,418986917.08515626,2807.035322265625,True,7.309006504174653,False,-9.41406091054281,True,False,True,True,False,False,False,False,2589.279342447917,2584.3498046875,True,2.4625759397260074,1,1.6247768116209929,17.377976696332244,0.671152924521627,False,3072.0,0.11966896240380477,0.13126067327946206,False,10.392408584787137,53.0,True,True,4,True,True,True,True,False,True,True,False,6,False,False,,Endurance Technologies Ltd.,Automobile and Auto Components,EQ,INE913H01037,HOLD,Stage 2 + RS 53; trend/leadership is adequate without a stronger entry trigger.
ENGINERSIN,2026-09-04,279.45001220703125,0.17579002128988552,0.3896986005078149,0.3962467004645023,0.4174508333834479,0.3109952353871072,229.4175293804848,2.7029822573660045,Stage 2 — Advancing,240.7931380926394,289.6499938964844,False,162.352472800208,0.9846623705102404,4.605310901106734,1630002938.4546318,240.57260070800783,False,21.80848297061402,True,-3.521485207798214,True,True,True,True,False,False,False,False,227.89993052164712,218.94173683166503,True,3.8156573304915264,1,2.231433714711854,24.2395970773505,3.6064668154336923,False,289.6499938964844,0.012017210154437317,0.012124769781373777,False,3.650020126639486,83.0,True,True,5,True,True,True,True,True,True,True,True,8,True,False,,Engineers India Ltd.,Construction,EQ,INE510A01028,WAIT,"Stage 2 + RS 83; wait because price is more than 20% above the 30-week line (currently +22%) — the guide treats that as poor entry timing, not a failed trend."
ENTERO,2026-09-04,1827.5999755859375,0.6038613212689228,0.7561257435709281,0.7586605672228979,0.5475020961777626,0.6540022099018868,1229.7089683795798,3.550503090494339,Stage 2 — Advancing,1358.6313715916053,1868.9000244140625,True,944.0,0.39458588690220225,11.22146620083366,797856603.5421509,1362.1959985351561,False,48.62052913171924,True,-2.2098586488634386,True,True,True,True,False,False,False,False,1226.3373356119791,1188.7185025024414,True,4.161977780305934,1,3.4273011660074943,37.82438949005257,5.261719440567857,False,1868.9000244140625,0.07859242091780491,0.07947002513171009,False,2.2597969675986596,96.0,True,True,5,True,True,True,True,True,True,True,True,8,True,False,,Entero Healthcare Solutions Ltd.,Consumer Services,EQ,INE010601016,WAIT,"Stage 2 + RS 96; wait because price is more than 20% above the 30-week line (currently +49%) — the guide treats that as poor entry timing, not a failed trend."
EIEL,2026-09-04,199.1699981689453,0.0725940844973203,0.3870743314197591,-0.044839851870032144,-0.19432873767333259,0.05861878217420701,193.60013663932068,0.658698217627407,Stage 2 — Advancing,214.53372551413145,276.1000061035156,False,134.7100067138672,0.44834421405418534,0.5124463611203653,152739480.3600464,214.4533999633789,True,2.8769925612198044,False,-27.86309534007314,True,False,True,True,True,True,False,False,193.21206634521485,194.4260498046875,False,2.6839950712290794,3,0.5437645880026735,24.00969901451904,0.20801595658553312,True,247.39999389648438,0.008564922597612573,0.011612624455969785,False,24.215492378841176,53.0,True,True,4,True,False,False,True,False,True,False,False,3,False,False,,Enviro Infra Engineers Ltd.,Utilities,EQ,INE0LLY01014,REDUCE,Stage 2 + RS 53; distribution warning (U/D 0.51) triggers REDUCE.
EQUITASBNK,2026-09-04,72.94999694824219,0.008990233320171015,0.2571083660657987,0.17075903290722727,0.3860914966318971,0.166387872449053,69.77342451435246,0.5239906767832148,Stage 2 — Advancing,76.34529338163487,83.9000015258789,False,51.25,0.17881060942458857,1.0193254612762443,127697516.74867973,76.36939926147461,True,4.552696755247143,False,-13.051256708570136,True,False,True,True,False,False,False,False,69.69753318786621,68.33849990844726,True,2.404778085383902,3,0.5651781378914095,15.840286857954409,0.4129678933728976,True,83.9000015258789,0.003137074273745656,0.0035580510991794164,False,15.010287917360321,69.0,True,True,4,True,True,True,True,False,True,True,False,6,False,False,,Equitas Small Finance Bank Ltd.,Financial Services,EQ,INE063P01018,HOLD,Stage 2 + RS 69; trend/leadership is adequate without a stronger entry trigger.
ERIS,2026-09-07,1324.300048828125,-0.0299589099081361,-0.021528214523984346,-0.14196906485352323,-0.2300002391906244,-0.09068306767688084,1371.9819630589977,-0.3688228131949578,Stage 4 — Declining,1385.0019555185356,1735.685837222008,False,1193.5948944523013,0.3100111080443653,0.674215364927714,112683711.75524291,1384.5879956054687,True,-3.4754038693453504,False,-23.701627309024566,False,False,True,False,True,False,False,False,1373.3033935546875,1410.6313665771484,False,2.3548826845886595,2,1.3307406260076882,15.603737452572549,0.866774182030255,False,1499.0,0.05718987111476459,0.07440844267594252,False,13.191870779319782,24.0,True,False,1,False,False,False,False,False,False,True,False,1,False,False,,Eris Lifesciences Ltd.,Healthcare,EQ,INE406M01024,SELL,Stage 4 takes precedence: the guide requires SELL regardless of RS.
ESCORTS,2026-09-04,2968.800048828125,0.09134267528453854,-0.08082503330819246,-0.19183215274805998,-0.16947760065577377,-0.05188988722858984,3060.9874317744006,-0.8702076950550253,Stage 4 — Declining,3006.311322380515,3923.3920175282797,False,2669.79033448854,0.6008888858331171,1.4472368325224394,210045596.68048096,3008.1036181640625,True,-3.0116877315251256,False,-24.330782252586214,False,False,False,False,False,False,False,False,3073.91552734375,3212.024744873047,False,2.192803727991663,2,0.8606990548725282,10.252549793431468,0.6003557371521642,False,3173.10009765625,0.12766753456729205,0.16221991854271206,False,6.881569841955781,31.0,True,False,0,False,False,False,False,False,False,True,False,1,False,False,,Escorts Kubota Ltd.,Capital Goods,EQ,INE042A01014,SELL,Stage 4 takes precedence: the guide requires SELL regardless of RS.
ETERNAL,2026-09-04,322.75,0.26892074800519916,0.34071368640446487,0.09129332206255292,-0.01072796934865905,0.19182410702575142,268.7449319917862,1.4114397573138815,Stage 2 — Advancing,303.5421573414522,368.45001220703125,False,212.60000610351562,0.48455175998662264,2.1111296584492085,12214102928.464521,304.51000061035154,False,20.09528797732432,True,-12.403314070553629,True,True,True,True,False,False,False,False,269.1347336832682,273.62405044555663,True,2.298331252766405,3,0.33970753440973783,22.796222144862753,1.5994910286337263,False,332.95001220703125,0.013879242826696343,0.015157834913903625,False,3.1603446032629767,73.0,True,True,5,True,False,True,True,True,True,True,True,7,False,False,,Eternal Ltd.,Consumer Services,EQ,INE758T01015,HOLD,Stage 2 + RS 73; trend/leadership is adequate without a stronger entry trigger.
ETHOSLTD,2026-09-04,2792.800048828125,0.17305107171969114,0.20099774925305813,-0.10326222180831823,0.1274019473102892,0.11424792363888228,2489.05793204472,0.8999990049109785,Stage 2 — Advancing,2697.1784380744484,3245.89990234375,False,1919.4000244140625,0.7890442039436394,4.139178638243233,214182273.73165283,2702.3840087890626,False,12.203095511476736,False,-13.959144371286914,True,True,True,True,False,False,False,False,2492.827332356771,2588.9979943847657,False,3.0177078752871225,2,0.9570840366501131,22.016564970369586,0.3249587288588792,False,3090.39990234375,0.12009899316528258,0.1334739130959589,False,10.6559670693396,62.0,True,True,5,True,False,False,True,True,True,True,False,5,False,False,,Ethos Ltd.,Consumer Durables,EQ,INE04TZ01018,HOLD,Stage 2 + RS 62; trend/leadership is adequate without a stronger entry trigger.
EUREKAFORB,2026-09-04,423.75,-0.03704121860045917,-0.04625250586895013,-0.3318880567599527,-0.29592088196488897,-0.14962877635894203,466.21301436750855,-1.4028944828920364,Stage 4 — Declining,446.47451004327513,668.2999877929688,False,403.20001220703125,0.6098389823580106,0.5522733005136672,77584669.7749176,446.2380004882813,True,-9.108071430634846,False,-36.59284636538514,False,False,False,False,True,True,False,False,467.792333984375,501.2767510986328,False,3.1150440420222294,2,0.7599692888240891,15.522047886786119,0.8263321337710698,False,484.1499938964844,0.018222553517622232,0.027660536994216084,False,14.253685875276556,12.0,True,False,0,False,False,False,False,False,False,False,False,0,False,False,,Eureka Forbes Ltd.,Consumer Durables,EQ,INE0KCE01017,SELL,Stage 4 takes precedence: the guide requires SELL regardless of RS.
EXIDEIND,2026-09-07,425.75,0.0706801290221275,0.353980725710072,0.12531965513583754,0.03643909492731612,0.13141994676349614,377.7200219141294,2.02347421928164,Stage 2 — Advancing,441.0783577713312,496.3999938964844,False,285.6312149356571,0.3427701500166127,0.5440845509267075,1109317614.450833,442.20579650878904,True,12.715761754559484,False,-14.232472756882675,True,False,True,True,True,True,False,False,376.5312491861979,371.2670687866211,True,2.6776278181950444,2,0.8336981808553586,22.701209138062627,0.47870500313796227,False,496.3999938964844,0.018386005232467615,0.020726625680449667,False,16.59424401561582,65.0,True,True,4,True,True,True,True,False,True,True,False,6,False,False,,Exide Industries Ltd.,Automobile and Auto Components,EQ,INE302A01020,REDUCE,Stage 2 + RS 65; distribution warning (U/D 0.54) triggers REDUCE.
NYKAA,2026-09-04,332.5,0.24275841962396139,0.3003519904902594,0.3013698630136987,0.38813510497432824,0.29507475954524187,286.59499913045806,2.232174889232219,Stage 2 — Advancing,327.246078192019,349.54998779296875,False,227.89999389648438,0.33036573096906896,1.564249159490709,1545842948.4292083,327.76399963378907,False,16.017376789134396,False,-4.877696577997625,True,True,True,True,False,False,False,False,285.56813252766926,277.9292495727539,True,2.3555322108284105,2,0.6532835275167087,14.13245476230512,0.5298249258969986,False,349.54998779296875,0.014298522819137209,0.014905960619590309,False,5.127815877584596,82.0,True,True,5,True,True,True,True,True,True,True,True,8,True,False,,FSN E-Commerce Ventures Ltd.,Consumer Services,EQ,INE388Y01029,HOLD,Stage 2 + RS 82; trend/leadership is adequate without a stronger entry trigger.
FEDFINA,2026-09-04,161.55999755859375,-0.0030237919403651725,0.2820187419635418,0.13550744268141157,0.1664140059627266,0.11557852134538993,147.89917791706242,0.5163333231555933,Stage 2 — Advancing,154.1013728123085,178.47999572753906,False,119.06999969482422,0.5648492813878531,2.3480774570228027,136149179.13246307,154.21600036621095,False,9.23657577677135,False,-9.480052988557187,True,True,True,True,False,False,False,False,147.76759974161783,148.32770000457765,True,2.780479624553801,2,0.5731488509465819,17.24196853084629,0.4403527962184987,True,174.39999389648438,0.006947576877447533,0.007513679049946192,False,7.947509613717263,63.0,True,True,5,True,False,True,True,True,True,True,False,6,False,False,,Fedbank Financial Services Ltd.,Financial Services,EQ,INE007N01010,HOLD,Stage 2 + RS 63; trend/leadership is adequate without a stronger entry trigger.
FEDERALBNK,2026-09-07,342.0,0.12828672551617148,0.19779548417134207,0.32395208816820453,0.8012197301575259,0.3159081507058831,309.1362248250883,1.4110718956567014,Stage 2 — Advancing,346.2080652573529,370.4344787597656,False,188.40633889864634,0.8249850078649039,0.4810353725018099,1722462925.542717,346.6732928466797,True,10.63083926625108,False,-7.675980609301214,True,False,True,True,True,True,False,False,308.51521728515627,297.1376829528809,True,2.309943560072055,2,1.485563493951824,13.10196841241218,1.0073652366659913,False,370.4344787597656,0.014769263157965765,0.015562610562975037,False,8.314175075954866,83.0,True,True,4,True,True,True,True,False,True,True,True,7,False,False,,Federal Bank Ltd.,Financial Services,EQ,INE171A01029,REDUCE,Stage 2 + RS 83; distribution warning (U/D 0.48) triggers REDUCE.
FACT,2026-09-04,801.4000244140625,-0.07406120807156269,0.19656591924458744,-0.04401761173354479,-0.19828382029803138,-0.03877158578602282,841.1510268956015,0.18489862322703665,Stage 1 — Basing,833.0470569087009,1058.5999755859375,False,652.0999755859375,0.11556696934319091,8.880087124472796,1691909296.6589446,831.907998046875,True,-4.725786596046399,False,-24.296236265215686,False,False,False,True,False,False,False,False,839.7723327636719,843.7137496948242,False,3.835698451912691,1,2.5887655097744244,16.195652173913043,8.06857592002122,False,920.0,0.03446266627471155,0.043387795836152966,False,14.799098074978346,34.0,True,False,1,False,False,False,False,False,False,True,False,1,False,False,1.0,Fertilisers and Chemicals Travancore Ltd.,Chemicals,EQ,INE188A01015,AVOID,Stage 1 + RS 34; weak RS in a basing stage is AVOID.
FIEMIND,2026-09-04,2085.800048828125,-0.09081595493282935,-0.004432223282905268,-0.0671939740952392,-0.024704101364396935,-0.05559244172164002,2200.5100875227417,-0.1884475510912864,Stage 4 — Declining,2261.30874932981,2674.800048828125,False,1836.7512219513533,0.5545570596130824,0.3628651918311195,283874278.8659546,2262.7104418945314,True,-5.212884019257247,False,-22.020337567215563,False,False,True,False,True,True,False,False,2200.471511230469,2205.743535766602,True,2.7916641912215354,1,1.3907734399684197,24.106476635912387,0.8882852567856284,False,2674.800048828125,0.08969581832880136,0.11177127799045139,False,28.238564877343862,30.0,True,False,1,False,False,True,True,False,False,True,False,3,False,False,,Fiem Industries Ltd,Automobile and Auto Components,EQ,INE737H01014,SELL,Stage 4 takes precedence: the guide requires SELL regardless of RS.
FINCABLES,2026-09-07,1227.0,0.16854588836646522,0.27546809916172443,0.6777371243326935,0.4599057586893187,0.35004055178333343,1011.2475447981325,3.655625279528296,Stage 2 — Advancing,1120.9468718884038,1364.285193926858,False,695.8450204922062,0.6774940413209245,4.497780825814381,2886675402.5560546,1119.9485607910156,False,21.33527604706684,True,-10.06279292174288,True,True,True,True,False,False,False,False,1004.143505859375,939.9655471801758,True,4.263320952572985,3,0.6718200251697579,30.40756858792586,0.8138678047899948,False,1364.285193926858,0.05298797045270173,0.056234163685758266,False,11.188687361602124,86.0,True,True,5,True,True,True,True,True,True,True,True,8,True,False,,Finolex Cables Ltd.,Capital Goods,EQ,INE235A01022,WAIT,"Stage 2 + RS 86; wait because price is more than 20% above the 30-week line (currently +21%) — the guide treats that as poor entry timing, not a failed trend."
FINPIPE,2026-09-04,158.6300048828125,-0.0827454455682809,-0.11774192330158773,-0.06950956793584862,-0.27300638358652174,-0.125149753192104,171.7342067323882,-0.5739045287814104,Stage 4 — Declining,164.7527441884957,222.5,False,147.5399932861328,1.017225146482371,1.0090622757830894,79739206.16213226,164.52279907226563,True,-7.630513512078496,False,-28.705615783005623,False,False,False,False,False,False,False,False,171.8823998006185,172.3560496520996,False,2.3306689599349375,3,0.9752759635768049,15.126054630353314,0.7438262559361088,False,179.69000244140625,0.00682157817929847,0.00950902070013793,False,13.276175320143091,16.0,True,False,0,False,False,False,False,False,False,False,False,0,False,False,,Finolex Industries Ltd.,Capital Goods,EQ,INE183A01024,SELL,Stage 4 takes precedence: the guide requires SELL regardless of RS.
FSL,2026-09-07,259.6000061035156,-0.031343260807777495,0.18268795491351075,-0.2355450140285924,-0.24188091416265523,-0.07148489897865838,248.22698002645413,-0.9640792621967043,Stage 3 — Topping,268.5458819819432,371.5899202053472,False,202.0,0.2426209143419352,0.6319097802881786,280031520.4392578,269.20979949951175,True,4.581704243370099,False,-30.1380387390336,True,False,True,False,True,False,False,False,249.45955495198567,269.021090927124,False,3.135317494231477,2,0.47621581888078685,33.54782070659218,0.2399307253329844,False,341.8999938964844,0.011210821070036086,0.01565881840290757,False,31.702613966870086,27.0,True,False,2,False,False,False,True,False,False,False,False,1,False,False,,Firstsource Solutions Ltd.,Services,EQ,INE684F01012,SELL,Stage 3 + RS 27; RS below 50 in Stage 3 triggers SELL.
FIVESTAR,2026-09-04,523.0499877929688,0.20802791912734264,0.31417831488335346,-0.11018137256530725,-0.0032307340324029266,0.12336440930806572,471.2272513554014,0.8357356893734069,Stage 2 — Advancing,537.669277415556,663.5913003653413,False,336.9270432139827,1.305780721835607,1.3596115749879485,282952916.08669436,538.5186120605468,True,10.997398025795091,False,-21.17889618127865,True,False,True,True,False,False,False,False,470.49664713541665,490.61476608276365,False,3.3935583507759786,2,0.612699775686759,16.426336121738803,0.6782933161458664,False,573.5182373501902,0.022492758454157,0.027618384116646615,False,9.648838683693395,64.0,True,True,4,True,False,False,True,False,True,True,False,4,False,False,,Five-Star Business Finance Ltd.,Financial Services,EQ,INE128S01021,HOLD,Stage 2 + RS 64; trend/leadership is adequate without a stronger entry trigger.
FORCEMOT,2026-09-04,17500.0,-0.0587349397590361,-0.18414918414918413,-0.0038706739526411793,-0.03026451375287309,-0.06715085027455413,19867.280821917808,-0.6826716669218413,Stage 4 — Declining,18037.803921568626,26450.0,False,14911.0,0.5168059147486296,0.8350711008275825,1356070953.05,18030.74,True,-11.915474710088137,False,-33.83742911153119,False,False,False,False,False,False,False,False,19873.306666666667,19584.29,True,2.3216326530612243,3,0.5157717904527476,13.272801469087941,0.7192943081496933,False,19604.0,0.7525538325861689,1.0949848935980617,False,12.022857142857134,28.0,True,False,0,False,True,True,False,False,False,False,False,2,False,False,,Force Motors Ltd.,Automobile and Auto Components,EQ,INE451A01017,SELL,Stage 4 takes precedence: the guide requires SELL regardless of RS.
FORTIS,2026-09-04,905.0,-0.03687871047213309,-0.005423194794387687,0.019593777608588825,-0.046156997296628255,-0.021148767085338662,922.3703830666738,0.45062532461657145,Stage 1 — Basing,938.8870227290134,1103.1298326042547,False,765.9873728160577,0.44601599959693866,0.6403606153078791,1248328901.978119,938.5890002441406,True,-1.8832329599440478,False,-17.960699343658614,False,False,True,True,True,False,False,False,920.5370247395833,912.8203198242187,False,1.9092350864184588,2,0.842904179773029,11.69208338263211,0.6987273077569705,False,995.4939593864693,0.03891778391374188,0.04696281853733121,False,9.999332528891646,37.0,True,False,2,False,True,False,True,False,False,True,False,3,False,False,2.0,Fortis Healthcare Ltd.,Healthcare,EQ,INE061F01013,AVOID,Stage 1 + RS 37; weak RS in a basing stage is AVOID.
UTLSOLAR,2026-09-04,429.75,,,,,,301.99082110679313,5.561083460905336,Stage 2 — Advancing,395.6647045659084,,False,,0.3544494046325162,2.0091197716576255,218091963.95422515,397.38799865722655,False,42.305649696560586,True,,True,True,True,True,False,False,False,False,299.4524658203125,276.98169937133787,False,4.656361570622196,2,0.5331677121338865,38.67475850207069,0.6277448826285569,False,494.25,0.01848057197450892,,False,15.008726003490391,,True,False,4,True,True,False,True,True,False,False,False,4,False,False,,Fujiyama Power Systems Ltd.,Capital Goods,EQ,INE12UR01024,WAIT,"Stage 2 + RS unavailable; wait because price is more than 20% above the 30-week line (currently +42%) — the guide treats that as poor entry timing, not a failed trend."
GAIL,2026-09-07,176.0,0.054426919117188666,0.1335884340787994,0.0707903240285721,0.046231680140717435,0.07189285529649325,164.84355372598728,0.6132121950586544,Stage 2 — Advancing,173.32345730650658,181.85195677766524,False,133.97098293430795,1.1220991494655776,1.2133575025135985,1267611606.9564948,173.35549926757812,False,6.767899636862729,False,-3.2179784487114005,True,True,True,True,False,False,False,False,164.71173665364583,164.55769660949707,False,1.8467583632619775,1,0.9038785699958333,8.284900757878292,0.8405802747472485,False,181.85195677766524,0.007600556478953142,0.007711393047781538,False,3.324975441855238,56.0,True,True,5,True,True,False,True,True,True,True,False,6,False,False,,GAIL (India) Ltd.,Oil Gas & Consumable Fuels,EQ,INE129A01019,HOLD,Stage 2 + RS 56; trend/leadership is adequate without a stronger entry trigger.
GVT&D,2026-09-07,4367.2001953125,-0.1359759665999265,0.13156104870505958,0.58119395884541,0.5926406114696501,0.20668873716405334,4311.539647768622,1.8338887520173763,Stage 2 — Advancing,4387.629533356311,5636.049839022599,False,2516.9699521199827,0.28086846087856604,1.1460571262701897,3656788770.2823,4376.496879882812,True,1.2909668492248283,False,-22.513101905609524,True,False,True,True,False,False,False,False,4289.884274088542,3947.396871337891,True,3.2464262538303035,3,0.680397693314157,21.90401607991595,0.8027389776845821,False,5060.973225516409,0.18859745306459005,0.2384976619917754,False,15.885991005142497,74.0,True,True,4,True,True,True,True,False,True,True,True,7,False,False,,GE Vernova T&D India Ltd.,Capital Goods,EQ,INE200A01026,HOLD,Stage 2 + RS 74; trend/leadership is adequate without a stronger entry trigger.
GHCL,2026-09-04,436.6000061035156,0.012927069580077166,-0.024535675455351624,-0.26760513557116217,-0.202610402147402,-0.09377941480275229,451.24932505986465,-0.991020475096982,Stage 4 — Declining,435.76078407437194,649.6824619687275,False,405.6620460266574,0.6030086528617805,0.4845490048009273,59169280.66459198,435.89399963378906,False,-3.246391327988263,False,-32.7979387375657,False,True,False,False,True,True,False,False,452.63258870442706,476.9684111022949,False,2.0932859501723504,2,1.3010825176168945,8.51528384279476,0.710146578414441,False,458.0,0.018775143308591168,0.02690798064647657,False,4.901510214686189,23.0,True,False,1,False,False,False,False,True,False,False,False,1,False,False,,GHCL Ltd.,Chemicals,EQ,INE539A01019,SELL,Stage 4 takes precedence: the guide requires SELL regardless of RS.
GMMPFAUDLR,2026-09-04,1147.9000244140625,0.4702358677409564,0.28670329996618915,0.04432844493230226,-0.008685129555352389,0.25256367016501036,881.5560858739566,0.5549179436600493,Stage 2 — Advancing,898.1597601198682,1304.8597270768462,False,734.1152411860135,4.08871583408589,5.072435517487985,231903360.94520265,900.0513244628906,False,30.212931747395054,True,-12.028856390135179,True,True,True,True,False,False,False,False,884.8159965006511,930.8409420776367,False,3.7073898424188108,1,2.3845449981050666,36.33630089851066,1.016411996846463,False,1175.0,0.04936323215991769,0.05439136016223634,False,2.360830648101997,79.0,True,True,5,True,False,False,False,True,True,True,True,5,False,False,,GMM Pfaudler Ltd.,Capital Goods,EQ,INE541A01023,HOLD,Stage 2 + RS 79; trend/leadership is adequate without a stronger entry trigger.
GMRAIRPORT,2026-09-07,95.94000244140625,-0.059688291784301795,0.00925736277523126,-0.07313302616747386,0.11623043453020587,-0.013404362486128068,100.36342458855616,0.13400794307172337,Stage 1 — Basing,105.69529439888748,115.63999938964844,False,84.11000061035156,0.31771749095974267,0.3234312906498001,1331156626.9383552,105.62080032348632,True,-4.407404555278882,False,-17.035625261345032,False,False,True,True,True,True,False,False,100.27533330281575,100.5327498626709,True,2.4926289403768935,2,1.5960658474143188,19.92390266095918,0.9380183291946552,False,115.63999938964844,0.004143167086061423,0.004920225226269011,False,20.533663171703196,39.0,True,False,2,False,False,True,True,False,False,True,False,3,False,False,1.0,GMR Airports Ltd.,Services,EQ,INE776C01039,AVOID,Stage 1 + RS 39; weak RS in a basing stage is AVOID.
GMRP&UI,2026-09-04,95.30000305175781,-0.12952137258294794,-0.11873493998853968,-0.14421693130900437,-0.1374784605457272,-0.13189461540183345,103.50575329506233,-0.696365412623623,Stage 4 — Declining,97.28333342309092,136.9499969482422,False,86.80000305175781,1.8708250995454774,0.47051975983486066,148226421.79346007,97.23700012207031,True,-7.927820417781517,False,-30.41255554917993,False,False,False,False,True,True,False,False,103.56359985351563,105.47069976806641,False,3.4964784358275534,2,2.0243708760424375,15.728152376934162,2.429440004049207,False,103.0,0.004098193288118511,0.005633887162244271,False,8.07974470269459,15.0,True,False,0,False,False,False,False,False,False,False,False,0,False,False,,GMR Power and Urban Infra Ltd.,Power,EQ,INE0CU601026,SELL,Stage 4 takes precedence: the guide requires SELL regardless of RS.
GABRIEL,2026-09-04,1353.199951171875,0.33596040305812025,0.4616004051982512,0.40678467480502767,0.11147837044606668,0.33035685131311726,1135.486031310199,2.6937608654807876,Stage 2 — Advancing,1378.844530292586,1596.6964052725275,False,794.0570601010174,0.37358406403000394,0.6930096571779911,419766717.4648987,1381.8881811523438,True,19.173632599466096,False,-15.250015801162398,True,False,True,True,True,False,False,False,1130.350380452474,1094.0487103271485,True,4.232298921292946,2,1.7429255989480867,24.3749981977734,0.6643154094533423,False,1596.6964052725275,0.05819176054341778,0.06675310665979187,False,17.994122294327887,85.0,True,True,4,True,True,True,True,False,True,True,True,7,False,False,,Gabriel India Ltd.,Automobile and Auto Components,EQ,INE524A01029,REDUCE,Stage 2 + RS 85; distribution warning (U/D 0.69) triggers REDUCE.
GALLANTT,2026-09-04,574.0,-0.11426585786253474,0.06325836057878309,-0.028189323162357782,-0.06128244865480059,-0.05094902539268896,650.1075334940871,0.1977501274502691,Stage 1 — Basing,613.316665948606,948.0,False,496.25,2.5275226468360117,1.5764827752632415,37920063.96142273,611.3599987792969,True,-11.706914559970915,False,-39.45147679324894,False,False,False,True,False,False,False,False,647.8556656901042,626.5927490234375,True,3.0413136308972906,3,1.049024074521664,29.422286714451513,0.49112486591807425,False,727.0,0.024683765708826338,0.04092018306683106,False,26.655052264808354,32.0,False,False,1,False,True,True,False,False,False,False,False,2,False,False,2.0,Gallantt Ispat Ltd.,Capital Goods,EQ,INE297H01019,AVOID,Stage 1 + RS 32; weak RS in a basing stage is AVOID.
GRSE,2026-09-04,2533.199951171875,-0.05354008923150566,0.094491229713491,-0.004260878218822373,0.060615325297342704,0.008753099665800002,2596.2315122003424,0.1563552955724079,Stage 1 — Basing,2617.094123391544,3339.0,False,1963.699951171875,0.6792798814906756,1.1252977288079782,1129798127.376062,2614.9400048828124,True,-2.4278097208306093,False,-24.132975406652445,False,False,True,True,False,False,False,False,2594.2250065104167,2564.7017846679687,False,2.3296331093266462,2,0.9807146636739043,12.02975427532845,0.6150152933298342,False,2809.699951171875,0.10893539039779945,0.1343491736772277,False,10.915048370820045,44.0,True,False,2,False,True,False,True,False,False,True,False,3,False,False,2.0,Garden Reach Shipbuilders & Engineers Ltd.,Capital Goods,EQ,INE382Z01011,AVOID,Stage 1 + RS 44; weak RS in a basing stage is AVOID.
GRWRHITECH,2026-09-04,7086.5,0.2085784940735056,0.776911267639605,0.9203566456472316,1.4573716185778598,0.7143593040023415,5522.966440697239,4.63085608824616,Stage 2 — Advancing,7034.64705882353,7990.0,False,2690.699951171875,0.5419361733950062,0.9947867751773316,415339903.1,7041.57,False,28.309669741635712,True,-11.307884856070082,True,True,True,True,False,False,False,False,5480.2093359375,4945.8,True,2.7058491497918578,3,0.7089948484633598,17.916145181476846,1.017715723211471,False,7990.0,0.30474129912125064,0.31216886721049536,False,12.74959429901925,96.0,True,True,5,True,True,True,True,True,True,True,True,8,True,False,,Garware Hi-Tech Films Ltd.,Capital Goods,EQ,INE291A01017,WAIT,"Stage 2 + RS 96; wait because price is more than 20% above the 30-week line (currently +28%) — the guide treats that as poor entry timing, not a failed trend."
GICRE,2026-09-04,358.45001220703125,-0.04083241546102012,0.025622285633303488,-0.03147532645898499,0.016105076308079447,-0.01428255908792846,360.1706620307818,-0.32467623032549353,Stage 4 — Declining,345.35514741785386,402.400829796409,False,333.80156967786814,7.190697705886362,3.060733614412093,389638658.9120575,345.31182189941404,False,-0.4777318102615169,False,-10.92214884636652,False,True,False,False,False,False,False,False,360.1202618408203,360.4722430419922,False,1.8545140471016675,1,2.029202308120938,7.517702057689153,1.2654726961823763,False,361.29998779296875,0.015414453170112022,0.017510100294857212,False,0.7950831326214214,38.0,True,False,1,False,False,False,False,True,False,True,False,2,False,False,,General Insurance Corporation of India,Financial Services,EQ,INE481Y01014,SELL,Stage 4 takes precedence: the guide requires SELL regardless of RS.
GILLETTE,2026-09-07,7380.5,-0.04160344836659802,-0.08108042384706338,-0.08993561023071517,-0.2740189388652492,-0.10564837393524476,7791.615117321276,-0.7732472227789278,Stage 4 — Declining,7591.961655560662,10255.650929658823,False,7148.3405248597655,0.5359690373031808,0.6751540483732851,103809338.36083984,7593.7908984375,True,-5.276378660020564,False,-28.03479710238608,False,False,False,False,True,False,False,False,7813.380524088541,7854.126884765625,False,1.5533515908368063,3,0.5222440500602089,9.796743545744109,0.8231364260624393,False,8035.186627298344,0.31872674484610036,0.43849316566541763,False,8.870491529006763,20.0,True,False,0,False,False,False,False,False,False,False,False,0,False,False,,Gillette India Ltd.,Fast Moving Consumer Goods,EQ,INE322A01010,SELL,Stage 4 takes precedence: the guide requires SELL regardless of RS.
GLAND,2026-09-07,2974.300048828125,0.3184208082812017,0.795548524977544,0.7108761048860395,0.5837493588586511,0.5454031210569277,2160.8320730549017,3.6095521860111557,Stage 2 — Advancing,2635.1389351639095,3042.0,True,1561.8007505195303,1.4273125329228378,3.3878698897181687,2870756290.3662844,2640.737578125,False,37.64605245900361,True,-2.2255079280695256,True,True,True,True,False,False,False,False,2152.7396931966146,2041.147426147461,True,2.791050954775794,1,1.2072289782469818,23.291547686330723,0.8177510024511391,False,3042.0,0.1284450881049503,0.1284450881049503,True,2.2761641414943634,93.0,True,True,5,True,True,True,True,True,True,True,True,8,True,False,,Gland Pharma Ltd.,Healthcare,EQ,INE068V01023,WAIT,"Stage 2 + RS 93; wait because price is more than 20% above the 30-week line (currently +38%) — the guide treats that as poor entry timing, not a failed trend."
GLAXO,2026-09-04,2958.10009765625,0.3653189164240398,0.22024221596163196,0.20814083634918723,0.06367908233590192,0.24453999349896016,2453.7054460081335,1.868854318899582,Stage 2 — Advancing,2651.7548875995712,3120.699951171875,False,2088.10009765625,0.3915943912684764,3.7410093306814467,563795647.6527954,2657.693984375,False,20.55644667817411,True,-5.210364855953742,True,True,True,True,False,False,False,False,2451.297001953125,2439.7972387695313,True,3.442847005457053,2,1.2155003127264767,25.16422793332732,0.9096210104227638,False,3120.699951171875,0.12720740375227035,0.13202682694844312,False,5.496766442908929,78.0,True,True,5,True,True,True,True,True,True,True,True,8,True,False,,Glaxosmithkline Pharmaceuticals Ltd.,Healthcare,EQ,INE159A01016,HOLD,Stage 2 + RS 78; trend/leadership is adequate without a stronger entry trigger.
GLENMARK,2026-09-07,2451.89990234375,0.13301620555656157,0.1553096483885914,0.2469970604316618,0.19906410031706057,0.17348064405008737,2231.423428470141,1.5210742842924896,Stage 2 — Advancing,2293.1689261642155,2535.0776323504288,False,1790.8181412412814,0.47358019747753344,1.0600404265315992,1251427464.7252076,2295.3437744140624,False,9.880530564509083,False,-3.2810723011097442,True,True,True,True,False,False,False,False,2223.98433186849,2163.445759887695,True,2.6603331073235754,3,0.8169053760715979,15.55800730366504,1.0655853611328712,False,2535.0776323504288,0.10588524823013276,0.10678515746079106,False,3.3923786989497273,70.0,True,True,5,True,True,True,True,True,True,True,True,8,True,False,,Glenmark Pharmaceuticals Ltd.,Healthcare,EQ,INE935A01035,HOLD,Stage 2 + RS 70; trend/leadership is adequate without a stronger entry trigger.
MEDANTA,2026-09-04,1469.800048828125,0.1936364119417946,0.32497197505259723,0.22445135576292685,0.0348544589511639,0.19431012273005543,1233.9542274212015,2.065254439635611,Stage 2 — Advancing,1392.6662717333027,1544.0,False,955.6610489257978,1.9552682662705096,1.7554987085426943,420773512.08268434,1394.2809033203125,False,19.1130121495519,False,-4.805696319421959,True,True,True,True,False,False,False,False,1229.7273311360677,1214.467878112793,True,3.118013890477759,1,1.8753378043008044,16.098406474204687,1.5503087667326627,False,1544.0,0.0632059234217682,0.06425773036428169,False,5.0483024021556355,73.0,True,True,5,True,True,True,True,True,True,True,True,8,True,False,,Global Health Ltd.,Healthcare,EQ,INE474Q01031,HOLD,Stage 2 + RS 73; trend/leadership is adequate without a stronger entry trigger.
GODIGIT,2026-09-04,258.29998779296875,-0.1469616968096632,-0.19745228244646196,-0.25400725547157044,-0.27413240589398746,-0.20390306748626924,303.41472594378746,-1.4073742712766846,Stage 4 — Declining,276.50097775926776,381.3999938964844,False,244.1999969482422,0.25859627734114304,0.5126789123494,60527144.03551789,275.77799743652344,True,-14.869000840511926,False,-32.27582802136231,False,False,False,False,True,True,False,False,303.82599975585936,313.3372499084473,False,2.4777401928962175,3,0.5061672015979239,26.65565760772627,0.24719250349283506,False,332.95001220703125,0.011107694044031958,0.015863658823073837,False,28.900514108384545,7.0,True,False,0,False,False,False,False,False,False,False,False,0,False,False,,Go Digit General Insurance Ltd.,Financial Services,EQ,INE03JT01014,SELL,Stage 4 takes precedence: the guide requires SELL regardless of RS.
GPIL,2026-09-07,244.0500030517578,-0.12542052818405536,-0.009269556816755675,0.05201847793620984,0.01108714717419157,-0.039400997614893,265.7030152621335,-0.2321192901768354,Stage 4 — Declining,245.3188611198874,318.68479368531104,False,220.30083502168418,0.9736853489649049,1.767938035019953,473530302.2155434,245.00677459716798,True,-8.14932874924793,False,-23.419627202938397,False,False,False,False,False,False,False,False,265.39383626302083,260.9901350402832,False,2.7743150589280785,2,0.5656917723523442,13.666104002952304,0.8438018292423507,False,263.3631239603055,0.010539294499338476,0.013490607125614824,False,7.91359175047901,34.0,True,False,0,False,True,False,False,False,False,True,False,2,False,False,,Godawari Power & Ispat Ltd.,Capital Goods,EQ,INE177H01039,SELL,Stage 4 takes precedence: the guide requires SELL regardless of RS.
GODFRYPHLP,2026-09-04,2051.0,-0.06848644304446483,0.042272547037457864,-0.2516268253903775,-0.3993861380093475,-0.1491426604902394,2135.8179321289062,0.32717736457856805,Stage 1 — Basing,2122.6554002948837,3868.278555207404,False,1805.6870625140934,0.2680220735308633,0.7561614350426854,411902686.33325803,2120.8104809570314,True,-3.9712154698674507,False,-46.97899929572078,False,False,False,True,False,False,False,False,2130.9035546875,2222.9206561279298,False,2.202759086649805,3,0.7982525337731293,16.473032726348436,0.43776588715278264,False,2375.255706731194,0.08819930917909899,0.15845462750860353,False,15.809639528580899,12.0,True,False,1,False,False,False,False,False,False,False,False,0,False,False,2.0,Godfrey Phillips India Ltd.,Fast Moving Consumer Goods,EQ,INE260B01028,AVOID,Stage 1 + RS 12; weak RS in a basing stage is AVOID.
GODREJAGRO,2026-09-04,644.8499755859375,0.1399985972862885,0.09572493723178499,0.11942136720169616,-0.0999723565704258,0.07903422848712648,575.5715528514287,1.1636045260838834,Stage 2 — Advancing,572.4437614889706,745.0232574731187,False,496.4533186222811,0.6271993504969154,10.941525821899315,676803497.765979,572.8658996582031,False,12.03645704713825,False,-13.445658357960133,True,True,False,True,False,False,False,False,574.7058902994792,569.685412902832,False,3.8945939801359595,0,4.9487598583211705,23.188613205038997,13.67113228381734,False,695.5999755859375,0.02773053260401684,0.03216637417894901,False,7.870047595781715,57.0,True,True,4,True,True,False,False,True,False,True,False,4,False,False,,Godrej Agrovet Ltd.,Fast Moving Consumer Goods,EQ,INE850D01014,HOLD,Stage 2 + RS 57; trend/leadership is adequate without a stronger entry trigger.
GODREJCP,2026-09-07,861.9000244140625,-0.13160129607616566,-0.21998041744232977,-0.2299685277445087,-0.2865700443455754,-0.19994431633694906,1043.5562388798962,-1.6500304100263485,Stage 4 — Declining,1005.1585071040134,1255.1784329498362,False,857.0999755859375,1.613409364419745,0.28461086794758855,2705080012.431699,1004.9359741210938,True,-17.407419715186112,False,-31.33247020597041,False,False,False,False,True,True,False,False,1046.4323034667968,1077.2402084350585,False,2.03329978404564,2,0.8188935772758509,22.91276157520873,1.1992049180745987,False,1111.8571544395784,0.03722113531119417,0.0538254229425575,False,29.00071040088923,7.0,True,False,0,False,False,False,False,False,False,False,False,0,False,False,,Godrej Consumer Products Ltd.,Fast Moving Consumer Goods,EQ,INE102D01028,SELL,Stage 4 takes precedence: the guide requires SELL regardless of RS.
GODREJIND,2026-09-04,1163.5,0.11095191994108733,0.24007460698108174,0.1625699582249478,-0.02758044295862938,0.11939359242591498,1086.8017122451574,0.9970473556670134,Stage 2 — Advancing,1256.443141563266,1443.0,False,744.2000122070312,0.2989777360019409,1.2927293068447328,172306669.23664552,1258.3580053710937,True,7.057247600060945,False,-19.369369369369373,True,False,True,True,False,False,False,False,1084.510332845052,1066.8632485961914,True,3.550862695156624,1,0.4291126034223474,22.030493722388254,0.6893569371319829,False,1443.0,0.05003407909794329,0.06071936096063862,False,24.022346368715077,63.0,True,True,4,True,True,True,True,False,True,True,False,6,False,False,,Godrej Industries Ltd.,Diversified,EQ,INE233A01035,HOLD,Stage 2 + RS 63; trend/leadership is adequate without a stronger entry trigger.
GODREJPROP,2026-09-07,1922.199951171875,0.1306510519976376,0.1584545603420866,-0.07246857770396797,-0.015449465688393338,0.0663677241890001,1833.57915256448,1.5229097012596338,Stage 2 — Advancing,2039.1014500038298,2340.6858887816,False,1427.1018020889294,1.0487981886857054,0.8532518114150465,1131986348.9661622,2043.4575512695312,True,4.833213689381677,False,-17.87877389338901,True,False,True,True,False,False,False,False,1829.80361328125,1856.9368792724608,False,2.9040386010517203,3,0.6071089958134115,16.449733723152484,0.971474133566065,False,2180.0,0.08301016643592504,0.09685617530797627,False,13.411718623286628,55.0,True,True,4,True,False,False,True,False,True,True,False,4,False,False,,Godrej Properties Ltd.,Realty,EQ,INE484J01027,HOLD,Stage 2 + RS 55; trend/leadership is adequate without a stronger entry trigger.
GOKEX,2026-09-04,789.2000122070312,0.133012742858019,0.2806491070296653,-0.08884143628476693,0.054586808249855734,0.10248399294215843,735.9845907132919,1.3300949709586174,Stage 2 — Advancing,813.9411800608915,954.9000244140625,False,531.0,1.6004566903426887,0.7909637326015841,206945649.0722229,813.1250036621094,True,7.230507562959265,False,-17.35260320144055,True,False,True,True,False,False,False,False,735.807001546224,738.7000012207031,False,2.413836317488473,3,0.4767182298322294,17.178943792331754,0.3753800473255381,True,894.7000122070312,0.033938028220768725,0.039596754451778876,False,13.3679673553178,61.0,True,True,4,True,False,False,True,False,True,True,False,4,False,False,,Gokaldas Exports Ltd.,Textiles,EQ,INE887G01027,HOLD,Stage 2 + RS 61; trend/leadership is adequate without a stronger entry trigger.
GOKULAGRO,2026-09-04,231.1699981689453,-0.0027178812533139585,0.4767472089154845,0.15038567643515188,0.3928000582495459,0.20289943621871087,211.32452026785236,2.5436944004951334,Stage 2 — Advancing,224.40352944766775,259.79998779296875,False,151.0,0.47139573087703857,1.5420194368953724,186490724.92420045,224.54,False,9.390996310290411,False,-11.020011920415607,True,True,True,True,False,False,False,False,210.0809331258138,203.06419967651368,True,4.029810589089933,3,1.3583615832561193,23.017702310526122,1.4006844110778305,False,259.79998779296875,0.009941021034341567,0.01073846602304717,False,12.384820630183956,74.0,True,True,5,True,True,True,True,True,True,True,True,8,True,False,,Gokul Agro Resources Ltd.,Fast Moving Consumer Goods,EQ,INE314T01033,HOLD,Stage 2 + RS 74; trend/leadership is adequate without a stronger entry trigger.
GRANULES,2026-09-07,867.2999877929688,0.10034396001672907,0.5059897402917963,0.5496241819944112,0.6994655175713043,0.39115347197819395,735.5497704074808,2.5960964218533444,Stage 2 — Advancing,850.6803277707568,908.1083439738012,False,509.48866067465497,1.042553058357886,1.3778250252617676,575945952.7243989,851.8309790039062,False,17.91180185026784,False,-4.493776150349937,True,True,True,True,False,False,False,False,731.22259765625,692.4975625610351,True,2.768445184691444,3,0.5100592836512907,12.884616898779974,0.9529963465449038,False,908.1083439738012,0.03745433262168085,0.03879765589947539,False,4.705218120050714,87.0,True,True,5,True,True,True,True,True,True,True,True,8,True,False,,Granules India Ltd.,Healthcare,EQ,INE101D01020,HOLD,Stage 2 + RS 87; trend/leadership is adequate without a stronger entry trigger.
GRAPHITE,2026-09-04,733.5999755859375,0.03655249869798172,0.10455475174057893,0.36320792112896494,0.4225632100949621,0.1926861760720939,671.8956098164598,0.8568327030592071,Stage 2 — Advancing,669.8435645009957,793.687103271785,False,508.17140362139173,0.7994216014087603,2.0000108873070404,766541756.9708588,671.2559985351562,False,9.183623894541192,False,-7.570631731088062,True,True,False,True,False,False,False,False,670.3770393880209,648.7491412353515,True,3.2291826454291126,1,0.8799028511803544,25.372519795989145,1.0946567880347773,False,755.5,0.03154705561213241,0.033999177809298564,False,2.9852815080276818,73.0,True,True,4,True,True,True,True,True,True,True,True,8,True,False,,Graphite India Ltd.,Capital Goods,EQ,INE371A01025,HOLD,Stage 2 + RS 73; trend/leadership is adequate without a stronger entry trigger.
GRASIM,2026-09-04,3322.0,0.07373896997725304,0.2419309335169728,0.22046184289764104,0.18597367656570762,0.15916887858696552,2985.741854732984,1.1032553832551972,Stage 2 — Advancing,3202.570379518995,3411.10009765625,True,2494.7282248871606,1.071168155776118,1.6100500340662025,4231566891.0068727,3204.283984375,False,11.262130539985616,False,-2.6120634137201115,True,True,True,True,False,False,False,False,2981.1702783203127,2930.6842138671873,True,1.9805186406102175,3,0.8205374927695731,10.571464871263933,1.6666776697426737,False,3411.10009765625,0.14285621896292874,0.14375052210958675,False,2.6821221449804256,69.0,True,True,5,True,True,True,True,True,True,True,False,7,False,False,,Grasim Industries Ltd.,Construction Materials,EQ,INE047A01021,HOLD,Stage 2 + RS 69; trend/leadership is adequate without a stronger entry trigger.
GRAVITA,2026-09-07,1676.9000244140625,0.02833143718989306,0.0895328770151298,-0.0650125316899568,-0.009802170407993804,0.014276209859393063,1650.6417804874786,0.6645285276610347,Stage 2 — Advancing,1756.1372525084253,1913.5999755859375,False,1266.9000244140625,0.44772087149596107,0.8253889651217665,327918070.75623167,1757.987998046875,True,1.5907899725420283,False,-12.36935379346451,True,False,True,True,False,False,False,False,1650.827999674479,1674.3530017089843,True,2.8764814283005267,2,0.936087128726456,15.775401069518717,0.6980601666596384,False,1870.0,0.0724168940063465,0.07943156467072615,False,11.51529445849999,46.0,True,False,3,True,False,True,True,False,True,True,False,5,False,False,,Gravita India Ltd.,Metals & Mining,EQ,INE024L01027,WAIT,Stage 2 + RS 46; wait because the close is below its 50-session average — short-term timing has weakened even though the 30-week trend is intact.
GESHIP,2026-09-07,1376.699951171875,-0.049514404696127445,-0.010058618291529764,0.29368863240797327,0.4624281043232359,0.1294058618094849,1401.0526089602954,0.7987890630742678,Stage 1 — Basing,1360.745356541054,1766.7331887612222,False,919.3269575259613,1.048441741294486,1.8880458705508976,1230536281.2803712,1357.820517578125,False,-1.7381686906455474,False,-22.076521801394712,False,True,False,True,False,False,False,False,1396.4278483072917,1318.1453814697265,True,2.7093779730168728,2,0.6045670680161594,20.28481247624001,1.4685678762103667,False,1581.8817457139457,0.05945275984916971,0.07526913218474682,False,14.9038862366063,65.0,True,True,3,False,True,True,False,True,True,True,False,5,False,False,4.0,Great Eastern Shipping Co. Ltd.,Services,EQ,INE017A01032,WATCH,Stage 1 + RS 65; adequate RS in a basing stage remains WATCH.
GREAVESCOT,2026-09-07,194.4499969482422,0.019999586988802553,0.2723514350686642,0.05815254432068184,-0.12374774447200532,0.04935108177898917,181.8108482883401,1.1480273427443288,Stage 2 — Advancing,216.85517344755286,269.68934059737177,False,119.01442505726769,0.29965505273601695,1.836324179807909,187215437.76026535,217.0351531982422,True,6.951812160216764,False,-27.898523346333114,True,False,True,True,False,False,False,False,181.45281870524087,181.36345100402832,False,2.5959677403533967,3,0.2093436487272446,29.72654986931735,0.28284593417120274,True,269.68934059737177,0.0083973192280533,0.011229769838117453,False,38.69341467213108,51.0,True,True,4,True,True,False,True,False,True,False,False,4,False,False,,Greaves Cotton Ltd.,Capital Goods,EQ,INE224A01026,HOLD,Stage 2 + RS 51; trend/leadership is adequate without a stronger entry trigger.
GRINDWELL,2026-09-04,1962.5,0.031085593931802658,0.24193076789078094,0.2529269031153667,0.236427545152047,0.15869128080436,1820.9089111328126,1.6441106090994806,Stage 2 — Advancing,2075.801832012102,2455.0,False,1316.5038257707065,0.13795272130858008,0.8231572061267304,50031210.07137451,2073.176853027344,True,7.775846886218019,False,-20.061099796334013,True,False,True,True,False,False,False,False,1813.391835123698,1748.254008178711,True,2.620563704930619,3,0.4954895699895149,20.566192440491342,0.30212860711742584,True,2455.0,0.08439353694002037,0.10254103637652325,False,25.09554140127388,68.0,True,True,4,True,True,True,True,False,True,True,False,6,False,False,,Grindwell Norton Ltd.,Capital Goods,EQ,INE536A01023,HOLD,Stage 2 + RS 68; trend/leadership is adequate without a stronger entry trigger.
GAEL,2026-09-07,165.47999572753906,0.06361570988563936,0.2211796335705638,0.43752289851906556,0.5682067605898162,0.27082814249014486,154.50856028517632,1.6316757864692777,Stage 2 — Advancing,164.61392989813112,184.66065065257942,False,101.01982127662673,0.42299797381042653,1.0125447576326863,194752744.06404573,164.67457244873046,False,7.1008592806202975,False,-10.386974624673472,True,True,True,True,False,False,False,False,153.8630014038086,146.9855114364624,True,4.160647744204312,2,0.7694947547458203,25.563545385991095,0.6453081132066328,False,184.66065065257942,0.007146250304909576,0.007784372448318455,False,11.590920606875699,80.0,True,True,5,True,True,True,True,True,True,True,True,8,True,False,,Gujarat Ambuja Exports Ltd.,Fast Moving Consumer Goods,EQ,INE036B01030,HOLD,Stage 2 + RS 80; trend/leadership is adequate without a stronger entry trigger.
FLUOROCHEM,2026-09-04,4554.0,0.26704136160126146,0.3639630805679406,0.36001194564730477,0.3455748926988007,0.32072652842331384,3803.267818921233,2.7544211916999073,Stage 2 — Advancing,4396.433363970588,4958.89990234375,False,2916.60009765625,2.3835092629720824,1.693208306104572,1212439836.2128663,4406.178032226562,False,19.73913531263507,False,-8.165115455393245,True,True,True,True,False,False,False,False,3788.778011067708,3700.5165075683594,True,3.050379265774986,2,1.4571777966861392,23.08374788188101,0.7251602953707728,False,4958.89990234375,0.19583600877699503,0.20358010387487915,False,8.891082616243962,84.0,True,True,5,True,True,True,True,True,True,True,True,8,True,False,,Gujarat Fluorochemicals Ltd.,Chemicals,EQ,INE09N301011,HOLD,Stage 2 + RS 84; trend/leadership is adequate without a stronger entry trigger.
GMDCLTD,2026-09-07,557.5999755859375,-0.15226153464699732,0.019658042388100316,0.08398123857222362,0.1160622700364009,-0.016964303659453964,605.4383532380405,-0.16613743832250005,Stage 4 — Declining,577.2872541839001,771.9000244140625,False,466.3999938964844,0.31542590432726336,0.859944836839851,513923004.8173401,577.2649987792969,True,-7.9014448616033235,False,-27.762669005069263,False,False,False,False,False,False,False,False,605.4166634114583,590.5977474975585,False,2.3019576254746164,1,0.5779998646866658,11.795952035444786,0.5226795233186204,False,621.4000244140625,0.024079943790362563,0.03295992612430351,False,11.441903088514781,38.0,True,False,0,False,True,False,False,False,False,False,False,1,False,False,,Gujarat Mineral Development Corporation Ltd.,Metals & Mining,EQ,INE131A01031,SELL,Stage 4 takes precedence: the guide requires SELL regardless of RS.
GNFC,2026-09-07,597.9000244140625,0.19639824795210115,0.38627415102331186,0.189377381928179,0.18525128346845676,0.23073986246483,497.5979457489432,1.6467207404002426,Stage 2 — Advancing,542.664706959444,619.0,False,365.0,2.5850661959399823,2.6944985441032334,401945124.8004028,542.5890008544922,False,20.157253365295347,True,-3.408719803867122,True,True,True,True,False,False,False,False,496.77700052897137,493.7610005187988,True,2.3600470909697515,2,0.5439498969777379,20.500806768414275,1.1646671941610192,False,619.0,0.025820300592764456,0.02597731760930328,False,3.5290140030710404,77.0,True,True,5,True,True,True,True,True,True,True,True,8,True,False,,Gujarat Narmada Valley Fertilizers and Chemicals Ltd.,Chemicals,EQ,INE113A01013,HOLD,Stage 2 + RS 77; trend/leadership is adequate without a stronger entry trigger.
GPPL,2026-09-04,161.6199951171875,0.07986024523352442,0.025092880317657107,-0.10400885169477725,0.14045132548219708,0.044251168914425154,152.9841708875682,0.07856437645381575,Stage 2 — Advancing,151.21243435728783,194.17086460013374,False,137.3626328109463,0.7506298282226737,3.0410438664644635,449149735.1546707,151.251484375,False,5.644913574729227,False,-16.76403385748936,True,True,False,True,False,False,False,False,153.26882008870442,159.1022230529785,False,2.511048334114907,2,1.3358248115849343,15.650170829886868,1.6498978933140473,False,168.6586002568762,0.00695015695702842,0.00793505080382542,False,4.355033629709704,50.0,True,True,4,True,False,False,False,True,False,True,False,3,False,False,,Gujarat Pipavav Port Ltd.,Services,EQ,INE517F01014,HOLD,Stage 2 + RS 50; trend/leadership is adequate without a stronger entry trigger.
GSFC,2026-09-07,162.02000427246094,-0.0031991450421465784,0.029744553473357804,-0.09556768547235339,-0.22400493566555513,-0.05924527154976878,163.93253368220917,-0.7542694370098801,Stage 4 — Declining,160.02568443148743,213.4499969482422,False,138.8300018310547,1.351120937374939,0.7836012799949361,176826923.13354415,159.98259826660157,False,-1.166656408456268,False,-24.09463265921343,False,True,False,False,False,False,False,False,164.32446604410808,167.66734947204588,False,1.929214122334897,1,1.3862248943616349,7.98312029298346,1.834200464992151,False,165.85000610351562,0.006996830643142436,0.009208584819413636,False,2.363906758460499,30.0,True,False,1,False,False,False,False,True,False,True,False,2,False,False,,Gujarat State Fertilizers & Chemicals Ltd.,Chemicals,EQ,INE026A01025,SELL,Stage 4 takes precedence: the guide requires SELL regardless of RS.
HEG,2026-09-07,272.20001220703125,-0.49256002753543626,-0.48900783493247846,-0.47408549798035204,-0.44412934162844875,-0.4784685459224304,585.7084039139421,1.605706338362567,Stage 1 — Basing,634.3977643181296,753.9000244140625,False,250.0,1.6164736306758911,1.5686759242492883,1288427924.5157135,636.7998553466797,True,-53.52636049131617,False,-63.89441525504825,False,False,True,True,False,False,False,False,584.3562107340495,576.0372229003906,True,21.79726328417111,1,5.805547018767664,66.83910440322613,0.9398788201702025,False,753.9000244140625,0.011754952081541339,0.03149443549434596,False,176.96546311712046,1.0,True,False,2,False,True,True,True,False,False,False,False,3,False,False,1.0,H.E.G. Ltd.,Capital Goods,EQ,INE545A01024,AVOID,Stage 1 + RS 1; weak RS in a basing stage is AVOID.
HGINFRA,2026-09-04,482.0,-0.12567101814956982,-0.04128772186363483,-0.4242934241000903,-0.5129461624322792,-0.2459738689390288,557.6008474271591,-1.5834660926374866,Stage 4 — Declining,534.9717724370022,1046.1165979979082,False,427.93192345187117,0.3072401931967054,4.547814296371056,163590954.26443785,534.3626458740234,True,-13.558237541422502,False,-53.924830088494225,False,False,False,False,False,False,False,False,559.9965594482422,608.1337730407715,False,2.6622688551237403,2,1.3097847677450318,19.473837315374702,0.34887356061000785,False,583.6612404352607,0.02072748270323048,0.04392482590302419,False,21.091543658767776,5.0,True,False,0,False,False,False,False,False,False,False,False,0,False,False,,H.G. Infra Engineering Ltd.,Construction,EQ,INE926X01010,SELL,Stage 4 takes precedence: the guide requires SELL regardless of RS.
HBLENGINE,2026-09-07,703.9000244140625,-0.11453548826319948,0.03988772200646862,-0.12615571641574586,-0.18081777736611204,-0.09923134966035765,741.0346754936322,-0.7755377185346912,Stage 4 — Declining,721.6254894780178,1119.1117883166673,False,613.0,0.8275849953901232,3.7279530213597583,1065443164.376413,720.2019995117188,True,-5.011189396074201,False,-37.101902440609024,False,False,False,False,False,False,False,False,742.2605883789063,766.1246975708008,False,3.261420577511747,1,1.0541334906696194,22.48803827751196,2.0220056948229734,False,836.0,0.030397908472133965,0.04644557291315324,False,18.766866174766726,21.0,True,False,0,False,False,False,False,False,False,False,False,0,False,False,,HBL Engineering Ltd.,Capital Goods,EQ,INE292B01021,SELL,Stage 4 takes precedence: the guide requires SELL regardless of RS.
HCLTECH,2026-09-07,1282.800048828125,0.12227990950163425,-0.026530289914076688,-0.2095818372947893,-0.055042543640682506,-0.009318970369255997,1261.255420841583,-1.701551428768433,Stage 3 — Topping,1263.652878705193,1729.0085007948294,False,1019.5907239069678,0.6071379308689449,0.5426692834171127,2512697131.564069,1267.1007556152344,False,1.708189128905091,False,-25.80718670622969,True,True,True,False,True,True,False,False,1269.8462333170573,1353.3109848022461,False,2.5157031142882103,2,0.437721462533393,26.105907535449486,0.63274467918688,False,1379.800048828125,0.055397694445011435,0.07322009964346166,False,7.561583747101697,40.0,True,False,3,False,False,False,False,True,False,False,False,1,False,False,,HCL Technologies Ltd.,Information Technology,EQ,INE860A01027,SELL,Stage 3 + RS 40; RS below 50 in Stage 3 triggers SELL.
HDBFS,2026-09-04,682.7000122070312,0.06237817708371929,0.008394787707442397,-0.08285382509494232,-0.11225225802959471,-0.01239098824993121,680.3347899554527,-0.1880627705742821,Stage 3 — Topping,705.4000016754749,796.6710965617623,False,553.7186859929476,0.5815997764333614,0.5520984467328892,504896378.192453,704.637001953125,True,0.34765563756240514,False,-14.305914303481371,True,False,True,False,True,True,False,False,681.0204280598958,697.661343383789,False,2.3457281821990255,2,0.8730205679878212,16.470661725706893,1.1123621206174001,False,786.5499877929688,0.029358200611030037,0.033843691656612,False,15.211655738837848,40.0,True,False,2,False,False,False,True,False,False,True,False,2,False,False,,HDB Financial Services Ltd.,Financial Services,EQ,INE756I01012,SELL,Stage 3 + RS 40; RS below 50 in Stage 3 triggers SELL.
HDFCAMC,2026-09-04,2458.300048828125,-0.004293350858640466,-0.013792240874059392,-0.03233117325123158,-0.09791962960690082,-0.030525949089894547,2586.150037791631,0.1511075735870282,Stage 1 — Basing,2605.282346239277,2903.739155124938,False,2158.391558795009,0.9753910602801072,0.6334223402994573,2295509167.5595093,2604.393994140625,True,-4.94364159446371,False,-15.340190096298345,False,False,True,True,True,False,False,False,2587.1810953776044,2576.9287744140624,False,2.6565978541145974,1,1.0491047163959746,13.472375827944157,1.1146508610124901,False,2838.39990234375,0.1057144641938498,0.12341925218848136,False,15.461898302317456,36.0,True,False,2,False,True,False,True,False,False,True,False,3,False,False,1.0,HDFC Asset Management Company Ltd.,Financial Services,EQ,INE127D01025,AVOID,Stage 1 + RS 36; weak RS in a basing stage is AVOID.
HDFCBANK,2026-09-07,710.5,-0.0331954849469579,-0.15728218314916487,-0.2801243044945603,-0.25031007831316887,-0.15082150717016196,780.1168200349155,-1.786174517856709,Stage 4 — Declining,755.0264725030637,1003.8961237048558,False,698.5,0.39661925305649776,0.638252719255399,18775588750.912403,754.1490014648438,True,-8.923896812249177,False,-29.225745251618672,False,False,False,False,True,False,False,False,784.1863252766927,827.0355407714844,False,1.7492717506299011,2,0.934075689356899,17.141162514827997,1.050403158055405,False,843.0,0.030682928285773906,0.041943841656251916,False,18.648838845883176,12.0,True,False,0,False,False,False,False,False,False,False,False,0,False,False,,HDFC Bank Ltd.,Financial Services,EQ,INE040A01034,SELL,Stage 4 takes precedence: the guide requires SELL regardless of RS.
HDFCLIFE,2026-09-07,533.2000122070312,-0.06987587625529157,-0.1996104858235127,-0.303526745574188,-0.2955033805309577,-0.1876784728878483,597.1599004040025,-1.9701111953630557,Stage 4 — Declining,551.9950980392157,794.0698543036143,False,530.5,0.33985019086039264,0.9480239323906785,1355694708.954126,551.37,True,-10.710680364455127,False,-32.85225357476408,False,False,False,False,False,False,False,False,600.2800927734374,637.8487982177735,False,1.9169983707551408,2,1.0143186913204003,9.77891156462585,0.8088928738522388,False,588.0,0.023026231859988897,0.03358036177947031,False,10.277566867663722,8.0,True,False,0,False,False,False,False,False,False,False,False,0,False,False,,HDFC Life Insurance Company Ltd.,Financial Services,EQ,INE795G01014,SELL,Stage 4 takes precedence: the guide requires SELL regardless of RS.
HFCL,2026-09-07,243.00999450683594,0.29792234178368027,2.4895174703714584,2.5203534521822744,2.4845139367731686,1.6180459085788523,152.5152737343148,8.325038812268692,Stage 2 — Advancing,217.928430295458,256.70001220703125,False,59.81999969482422,0.20869810884487552,1.4586245581755202,3718714085.3470907,218.06839904785156,False,59.33485778622085,True,-5.333080268478585,True,True,True,True,False,False,False,False,150.31039978027343,129.36104990005492,True,4.376070767945063,2,1.2641276790493272,29.47020084060647,0.5012783665181805,False,256.70001220703125,0.010494381751132383,0.010687866140106708,False,5.633520435230577,99.0,True,True,5,True,True,True,True,True,True,True,True,8,True,False,,HFCL Ltd.,Telecommunication,EQ,INE548A01028,WAIT,"Stage 2 + RS 99; wait because price is more than 20% above the 30-week line (currently +59%) — the guide treats that as poor entry timing, not a failed trend."
HAPPSTMNDS,2026-09-07,343.5,-0.049680616826562995,0.02761206763621371,-0.312821368787211,-0.3865384755831499,-0.15422180207745467,374.11042618424926,-0.17989220434139197,Stage 4 — Declining,384.7934684005438,574.7140242073417,False,327.0399977629436,0.5573229986766232,0.6277280217586899,1303447381.9818847,385.80096435546875,True,-8.182190081271257,False,-40.231143572011696,False,False,True,False,True,False,False,False,374.6789259847005,395.65072357177735,False,6.079227211917108,2,1.236125539082587,27.44499091867078,2.2599684061037744,False,457.29998779296875,0.014834040627956843,0.0244632570436767,False,33.12954520901565,11.0,True,False,1,False,False,False,False,False,False,False,False,0,False,False,,Happiest Minds Technologies Ltd.,Information Technology,EQ,INE419U01012,SELL,Stage 4 takes precedence: the guide requires SELL regardless of RS.
HAVELLS,2026-09-04,1154.0,-0.010631022080346386,-0.12053361321749345,-0.18849014585096846,-0.2659181858172236,-0.11924079780927567,1250.3194789102633,-0.34663746581746757,Stage 4 — Declining,1230.835298426011,1608.1408144941627,False,1123.5999755859375,2.643073252434814,0.5648896597647646,982900111.9268372,1231.8860034179688,True,-7.703589405342404,False,-28.240114945220874,False,False,False,False,True,True,False,False,1252.0753442382813,1288.840504760742,False,2.7469681288588603,2,1.5413728167380703,13.285167389496197,0.924717999227097,False,1315.0,0.04962554987453936,0.06876512968916094,False,13.951473136915071,17.0,True,False,0,False,False,False,False,False,False,False,False,0,False,False,,Havells India Ltd.,Consumer Durables,EQ,INE176B01034,SELL,Stage 4 takes precedence: the guide requires SELL regardless of RS.
HCG,2026-09-04,700.2000122070312,0.09414797851509138,0.265040672460761,-0.022817634309501234,0.006902484360729266,0.08748429590843437,621.9947881829248,1.2293256649269058,Stage 2 — Advancing,681.2823534198836,804.6500244140625,False,513.2999877929688,0.3112188695308554,1.3515752941472878,134820966.638797,682.9,False,12.57329249535557,False,-12.980800228408695,True,True,True,True,False,False,False,False,621.3689270019531,635.3849450683593,False,3.759641780647044,2,0.988035098914099,23.793551537298388,0.6311891318941388,False,775.0,0.030110754443616206,0.0324101123533662,False,10.682660166942748,58.0,True,True,5,True,False,False,True,True,True,True,False,5,False,False,,Healthcare Global Enterprises Ltd.,Healthcare,EQ,INE075I01017,HOLD,Stage 2 + RS 58; trend/leadership is adequate without a stronger entry trigger.
HEMIPROP,2026-09-04,126.55000305175781,-0.08370137938966393,-0.08150671960396694,-0.057706625643286324,-0.24085179742954843,-0.10949358029122591,135.89123273875614,-0.1526840648432337,Stage 4 — Declining,134.77274487065333,190.69000244140625,False,111.19999694824219,0.7691189854823361,0.8331510687173476,40958448.967127606,134.67719970703126,True,-6.874048824736445,False,-33.635743126783424,False,False,False,False,False,False,False,False,135.80133321126303,135.49064990997314,False,2.029124348439732,2,1.1225392443499385,13.233758823359187,0.6668441573927761,False,143.9499969482422,0.005442039417736669,0.007990377078148581,False,13.749500969484707,19.0,False,False,0,False,True,False,False,False,False,False,False,1,False,False,,Hemisphere Properties India Ltd.,Services,EQ,INE0AJG01018,SELL,Stage 4 takes precedence: the guide requires SELL regardless of RS.
HERITGFOOD,2026-09-04,382.3500061035156,0.1932423115681936,0.25443912640935906,-0.20091626935214169,-0.19380920949084068,0.04923965414055276,336.5392221947239,0.1653218557960967,Stage 2 — Advancing,347.63845406326595,535.9513958603458,False,290.35662689794395,2.5253448821956503,4.114088738249338,204130263.13325197,347.9057257080078,False,13.612316451568107,False,-28.659574532921727,True,True,True,True,False,False,False,False,337.15175638834637,364.81836135864256,False,3.7185448003045316,1,1.6691660526481862,19.81004527040185,2.1597240480831528,False,392.1000061035156,0.016442226427574043,0.022698601795197802,False,2.550019574829121,51.0,True,True,5,True,False,False,False,True,True,False,False,3,False,False,,Heritage Foods Ltd.,Fast Moving Consumer Goods,EQ,INE978A01027,HOLD,Stage 2 + RS 51; trend/leadership is adequate without a stronger entry trigger.
HEROMOTOCO,2026-09-07,5270.0,0.10600162585813311,-0.02992869369747919,-0.14152443331692943,0.016548429957594424,0.011419710931890401,5179.720883722174,0.03668559146352557,Stage 2 — Advancing,5283.546712239583,6175.521739453033,False,4603.781580166306,0.46533574585258275,0.6666543525783805,3317527836.175,5294.3412109375,True,1.7429339978827452,False,-14.663080751023882,True,False,True,True,True,False,False,False,5190.680094401042,5305.987573242188,True,2.3658172946597995,2,1.4085641640666116,22.456096005283705,0.9405957914729844,False,5937.0,0.22758484456865374,0.2581447052155977,False,12.656546489563558,45.0,True,False,3,False,False,True,False,False,False,True,False,2,False,False,,Hero MotoCorp Ltd.,Automobile and Auto Components,EQ,INE158A01026,REDUCE,Stage 2 + RS 45; distribution warning (U/D 0.67) triggers REDUCE.
HEXT,2026-09-04,528.5999755859375,-9.467289475773022e-05,0.18189394647581136,-0.3169879932823264,-0.2565610516361768,-0.07836888884644147,506.8293427767819,-1.549277044162789,Stage 3 — Topping,553.9813729080499,792.7687780924847,False,392.77756486306447,0.1706047548082767,0.7928718789257605,243664161.53292847,555.1640002441407,True,4.295456275258291,False,-33.322301509170835,True,False,True,False,False,False,False,False,511.37001505533857,565.1594073486328,False,3.5984533141075277,2,0.9114346045372027,19.075142922523668,0.6310881820691303,False,622.7999877929688,0.02273142500183729,0.032894751042516206,False,17.82066147517569,26.0,True,False,2,False,False,False,False,False,True,False,False,1,False,False,,Hexaware Technologies Ltd.,Information Technology,EQ,INE093A01041,SELL,Stage 3 + RS 26; RS below 50 in Stage 3 triggers SELL.
HSCL,2026-09-07,672.6500244140625,-0.01810081541473396,0.4924938880355143,0.4128211552850427,0.4810081801705699,0.27002431853233183,603.2259557018541,2.473285408376591,Stage 2 — Advancing,714.9117694929535,819.5,False,417.9330556788151,0.29055153445955406,0.6041308767425112,5676386707.60228,715.7000048828126,True,11.508799987134744,False,-17.919460108107078,True,False,True,True,True,False,False,False,599.3303934733073,565.4719728088379,True,4.715887453641451,2,0.6293700580470405,22.410009080422512,0.6271147462862183,False,819.5,0.02904837784731984,0.034458151417409884,False,21.831557311524197,80.0,True,True,4,True,True,True,True,False,True,True,True,7,False,False,,Himadri Speciality Chemical Ltd.,Chemicals,EQ,INE019C01026,REDUCE,Stage 2 + RS 80; distribution warning (U/D 0.60) triggers REDUCE.
HINDALCO,2026-09-04,1011.0,-0.09712678274713504,0.10248873282268378,0.25342145605437727,0.3751087104869133,0.10735306677394085,993.672012120077,0.45505963653325043,Stage 2 — Advancing,994.7652133118872,1169.8969824893504,False,728.1514177780007,0.8050493085235626,0.5908435073445729,3878962803.9834075,995.6954528808594,False,1.743833746806689,False,-13.582134569767291,True,True,True,True,True,True,False,False,992.2844311523437,962.521220703125,True,2.1608735101108785,2,1.1173731675883585,14.275954763152487,0.5627956541279698,False,1087.949951171875,0.04347610998540667,0.050634792086899756,False,7.611271134705744,61.0,True,True,5,True,True,True,True,True,True,True,False,7,False,False,,Hindalco Industries Ltd.,Metals & Mining,EQ,INE038A01020,REDUCE,Stage 2 + RS 61; distribution warning (U/D 0.59) triggers REDUCE.
HAL,2026-09-04,4856.0,0.16102118059807768,0.25511758782795346,0.09105757595372066,0.10578726909320246,0.1548009588142064,4354.388785584332,0.7874533665397365,Stage 2 — Advancing,4677.268506816789,5149.89990234375,False,3472.0644756594256,1.7341408786474686,1.5291352602213788,4489833524.499781,4683.6165625,False,11.519669903530549,False,-5.706905142175566,True,True,True,True,False,False,False,False,4350.851043294271,4358.652979736328,True,1.9166274417510003,3,1.010608769487115,17.2553801353753,0.6630159708237142,False,5149.89990234375,0.20882293777362493,0.2172338540218736,False,6.052304413998155,68.0,True,True,5,True,False,True,True,True,True,True,False,6,False,False,,Hindustan Aeronautics Ltd.,Capital Goods,EQ,INE066F01020,HOLD,Stage 2 + RS 68; trend/leadership is adequate without a stronger entry trigger.
HCC,2026-09-07,23.540000915527344,-0.01998332777221845,0.47033107926266493,0.18291464154640535,-0.18348938682545402,0.08595793568783588,20.978219228248072,1.4051212244369005,Stage 2 — Advancing,22.490980484906366,30.0,False,13.649999618530273,1.0701155362999557,1.9041728203226183,938815749.8849783,22.42700008392334,False,12.211626065141523,False,-21.533330281575523,True,True,True,True,False,False,False,False,20.93700004577637,20.60476445198059,False,4.8033745646886095,2,0.9985077519202884,25.559353295275567,1.644704343286179,False,26.3700008392334,0.0010165744685970129,0.0012630089317144577,False,12.022089267801794,58.0,True,True,5,True,True,False,True,True,True,True,False,6,False,False,,Hindustan Construction Co. Ltd.,Construction,EQ,INE549A01026,HOLD,Stage 2 + RS 58; trend/leadership is adequate without a stronger entry trigger.
HINDCOPPER,2026-09-07,509.1000061035156,-0.03277281330396009,-0.08861434236637655,0.37129556287913235,1.0986192695901411,0.26315097269899534,529.972738605656,-1.1659642144873694,Stage 4 — Declining,513.937255859375,758.8333740234375,False,239.89629567400652,0.6323485831361739,1.200470074055088,9056483235.155079,514.2920007324219,True,-3.9384539961538345,False,-32.91017191241888,False,False,False,False,False,False,False,False,531.9180212402343,514.6969194030762,True,3.8190658654825556,2,1.8339932539190675,20.068172134639966,2.7058430202714465,False,586.75,0.021985473578552045,0.03280051473961458,False,15.252404825290022,80.0,True,True,1,False,True,True,False,False,True,False,True,4,False,False,,Hindustan Copper Ltd.,Metals & Mining,EQ,INE531E01026,SELL,Stage 4 takes precedence: the guide requires SELL regardless of RS.
HINDPETRO,2026-09-07,356.8999938964844,-0.02535499011303899,-0.07325089751611658,-0.16667689179695866,-0.011476857032200471,-0.06042292531427074,369.97320138591607,-1.006850743080412,Stage 4 — Declining,371.9108150706572,483.5386775606495,False,300.70788795552824,0.6407688799544564,0.7063775680538994,1904392342.2473311,371.93879760742186,True,-3.533555252234377,False,-26.189980148647162,False,False,True,False,False,False,False,False,371.7193416341146,387.4711103820801,False,1.8792784297300413,2,1.4389236585867313,10.340680047791587,0.6907627452753593,False,389.8646431617943,0.01541271909629694,0.019881373313176624,False,9.236382692365908,30.0,True,False,1,False,False,False,False,False,False,False,False,0,False,False,,Hindustan Petroleum Corporation Ltd.,Oil Gas & Consumable Fuels,EQ,INE094A01015,SELL,Stage 4 takes precedence: the guide requires SELL regardless of RS.
HINDUNILVR,2026-09-04,1973.4000244140625,-0.0413231467239189,-0.11843962202293767,-0.19036933689997482,-0.24655250584400823,-0.1276015516429517,2162.078017979452,-1.055855334248923,Stage 4 — Declining,2093.0000071806066,2625.3480621978892,False,1950.4000244140625,1.3571070230932525,0.45967762275428337,2430801869.7788634,2091.3760083007815,True,-8.72669681650603,False,-24.83282301387606,False,False,False,False,True,True,False,False,2166.796826171875,2209.8784924316406,False,1.4022197129333775,2,0.8819632652400321,12.901353910354722,0.7600626143675053,False,2239.300048828125,0.08486227151991096,0.1133003522685711,False,13.47420802292798,16.0,True,False,0,False,False,False,False,False,False,True,False,1,False,False,,Hindustan Unilever Ltd.,Fast Moving Consumer Goods,EQ,INE030A01027,SELL,Stage 4 takes precedence: the guide requires SELL regardless of RS.
HINDZINC,2026-09-07,589.1500244140625,0.03943196383634606,0.02226185892018462,0.20440537357603117,0.3631318792896929,0.13373260789172017,573.1517747852901,-0.5313639918532398,Stage 3 — Topping,559.6058888154871,719.8477125036038,False,423.0210179813643,0.7528329112865573,1.2088258256040263,4062042968.5000215,560.2880065917968,False,2.791276295840772,False,-18.156296924939795,True,True,False,False,False,False,False,False,574.1518676757812,575.2045962524414,True,3.348045429139564,3,1.6238692556862677,18.520567688760877,1.6242444613325127,False,632.0,0.025442432017816503,0.03129602394616798,False,7.273185743911981,65.0,True,True,3,True,False,True,False,True,True,True,False,5,False,False,,Hindustan Zinc Ltd.,Metals & Mining,EQ,INE267A01025,REDUCE,Stage 3 with RS 65; the guide requires REDUCE when RS is 50 or higher.
POWERINDIA,2026-09-04,31650.0,-0.13326333031242055,0.29214514369899836,0.5761791215209708,0.6727903281899257,0.2549175865570108,30889.774186643837,3.0810651135217526,Stage 2 — Advancing,33063.12281709559,38775.74235339215,False,16107.154467866794,0.6090144917466322,1.0238557088357236,4232444027.3482423,33045.2474609375,True,2.4610921684395715,False,-18.376804468241925,True,False,True,True,False,False,False,False,30578.731119791668,27683.489301757814,True,3.113129314337999,2,0.6715528491044972,16.917190620678078,0.5082649635009453,False,36581.26495424107,1.3610473600772712,1.6964216012159596,False,15.58061596916611,79.0,True,True,4,True,True,True,True,False,True,True,True,7,False,False,,Hitachi Energy India Ltd.,Capital Goods,EQ,INE07Y701011,HOLD,Stage 2 + RS 79; trend/leadership is adequate without a stronger entry trigger.
HOMEFIRST,2026-09-04,1210.0999755859375,0.14257388677255012,0.1315666013434782,0.12061493348526375,-0.028095613736317526,0.10184673892750493,1128.2469734981141,0.14626574820624239,Stage 2 — Advancing,1196.9843079810048,1311.570558920454,False,889.5428439967044,0.7059113280461373,1.055302320740972,140585893.174646,1197.0899951171875,False,7.254883373100429,False,-7.736570681949151,True,True,True,True,False,False,False,False,1129.266885579427,1125.4396853637695,False,2.3244835537389896,2,0.7291877147845817,11.964944919272769,0.6178133785771331,False,1289.5999755859375,0.052038021396550095,0.05591746489297765,False,6.569705115604663,61.0,True,True,5,True,True,False,True,True,True,True,False,6,False,False,,Home First Finance Company India Ltd.,Financial Services,EQ,INE481N01025,HOLD,Stage 2 + RS 61; trend/leadership is adequate without a stronger entry trigger.
HONASA,2026-09-04,471.04998779296875,0.136513079420169,0.6463450885736122,0.7040544383631573,0.568959709338174,0.43847707902305627,382.98063053496895,3.610050046076685,Stage 2 — Advancing,464.53721708409927,506.64561650495574,False,246.8630140577539,0.6304848113053965,2.715917840977556,1052414171.4069504,465.52565124511716,False,22.995773215731454,True,-7.025744929471589,True,True,True,True,False,False,False,False,380.1296455891927,354.35726959228515,True,3.231388856249366,3,0.4359688937324177,18.360141544258436,0.47300352748713154,True,506.64561650495574,0.020256598494472384,0.021177834851429843,False,7.55665632829432,89.0,True,True,5,True,True,True,True,True,True,True,True,8,True,False,,Honasa Consumer Ltd.,Fast Moving Consumer Goods,EQ,INE0J5401028,WAIT,"Stage 2 + RS 89; wait because price is more than 20% above the 30-week line (currently +23%) — the guide treats that as poor entry timing, not a failed trend."
HONAUT,2026-09-04,35655.0,0.0368510792012513,0.18691489679180395,0.02599172748308698,-0.009808640546958847,0.055360028426086935,33801.80921336207,0.7264058794086647,Stage 2 — Advancing,37744.94937193627,41495.0,False,26146.075333867524,0.35324822784510695,0.8521797926460172,110602230.25,37713.9703125,True,5.482519515273032,False,-14.073984817447883,True,False,True,True,False,False,False,False,33780.8890234375,33776.251953125,True,2.31183765049983,3,0.8135824520384709,16.134474033016026,0.5638686065653491,False,41495.0,1.5332746800491344,1.7230636262479326,False,16.37918945449446,52.0,True,True,4,True,True,True,True,False,True,True,False,6,False,False,,Honeywell Automation India Ltd.,Capital Goods,EQ,INE671A01010,HOLD,Stage 2 + RS 52; trend/leadership is adequate without a stronger entry trigger.
HUDCO,2026-09-07,179.24000549316406,-0.11708134006535897,0.03869735043009381,-0.18213441358372817,-0.13708157079768069,-0.10293626281640661,194.14040719646297,-0.3058815664741976,Stage 4 — Declining,194.67804433785233,239.21868833933843,False,156.7442971017576,0.30552505282482173,0.6510701026376008,340826578.0618286,194.47141052246093,True,-7.675064618680983,False,-25.07274129063567,False,False,True,False,True,False,False,False,194.0019839477539,198.43259925842284,False,2.512991186039291,1,1.0204865912201255,18.452932609445536,0.7822492800621702,False,214.7594150063791,0.007740476051356051,0.009945563460849956,False,19.816675086282398,21.0,True,False,1,False,False,False,False,False,False,False,False,0,False,False,,Housing & Urban Development Corporation Ltd.,Financial Services,EQ,INE031A01017,SELL,Stage 4 takes precedence: the guide requires SELL regardless of RS.
HYUNDAI,2026-09-04,2205.0,0.15196502963302905,0.07104371286805233,-0.061843743874683166,-0.10214282518900697,0.04219744061408405,1979.377766648384,0.21229547931942427,Stage 2 — Advancing,2080.609774720435,2862.6621204739863,False,1642.3163104887294,0.694883871883047,0.7554218714174146,1542386582.684607,2083.2065576171876,False,11.398644420142933,False,-22.973794768524535,True,True,True,True,False,False,False,False,1984.4472111002603,2058.687172241211,False,2.4868787265650307,1,1.2294408708280584,18.25977184160644,1.0547876661987554,False,2281.0,0.09482178290585729,0.11848116013376947,False,3.4467120181405964,50.0,True,True,5,True,False,False,True,True,True,True,False,5,False,False,,Hyundai Motor India Ltd.,Automobile and Auto Components,EQ,INE0V6F01027,HOLD,Stage 2 + RS 50; trend/leadership is adequate without a stronger entry trigger.
ICICIBANK,2026-09-07,1427.5,0.14058674174031238,0.0960366745196366,0.033777068835078916,0.026186532126640794,0.08743475179239622,1338.8995729211258,0.3429846345356591,Stage 2 — Advancing,1418.1701229319854,1467.6271961496604,True,1177.67166509731,0.7157097986874834,0.9878340805107224,12172438829.306316,1419.0135327148437,False,6.617406478483767,False,-2.7341545765119823,True,True,True,True,False,False,False,False,1340.2214371744792,1346.0938848876954,True,1.4355780262931574,2,0.6713752504617465,7.695949553850149,0.8055073919459302,False,1467.6271961496604,0.06164655894150915,0.06212997021403192,False,2.811011989468337,58.0,True,True,5,True,False,True,True,True,False,True,False,5,False,False,,ICICI Bank Ltd.,Financial Services,EQ,INE090A01021,HOLD,Stage 2 + RS 58; trend/leadership is adequate without a stronger entry trigger.
ICICIGI,2026-09-04,1510.0,-0.1286283232002554,-0.18311325016047275,-0.23563621708788618,-0.18746552700032737,-0.17269432812983943,1762.8951892591504,-0.9666082382183028,Stage 4 — Declining,1664.9039234834559,2057.089271774458,False,1507.4000244140625,0.7005523227125963,0.284193907229516,1450027328.44776,1661.9300024414063,True,-14.34544667204115,False,-26.595310144344666,False,False,False,False,True,True,False,False,1765.1402962239583,1805.0416882324218,False,1.884580844962157,2,1.3224018316175443,17.982479765479415,1.183980038737089,False,1837.9000244140625,0.06493464498314942,0.08583928231133418,False,21.7152334049048,10.0,True,False,0,False,False,False,False,False,False,False,False,0,False,False,,ICICI Lombard General Insurance Company Ltd.,Financial Services,EQ,INE765G01017,SELL,Stage 4 takes precedence: the guide requires SELL regardless of RS.
ICICIAMC,2026-09-04,2970.89990234375,,,,,,3153.9446018166736,0.35253393594629756,Stage 1 — Basing,3153.2549019607845,,False,,0.5863420214805851,0.3679066700830558,2041095548.893982,3149.782001953125,True,-5.803675161811328,False,,False,False,False,True,True,True,False,False,3150.507548828125,,False,3.1063207257732834,2,1.302956806637005,14.068198289498806,1.9855771882027764,False,3428.300048828125,0.12775783472792365,,False,15.396013380441765,,True,False,1,False,False,False,False,False,False,False,False,0,False,False,1.0,ICICI Prudential Asset Management Company Ltd.,Financial Services,EQ,INE346A01027,AVOID,Stage 1 + RS unavailable; weak RS in a basing stage is AVOID.
ICICIPRULI,2026-09-04,494.54998779296875,0.040172415807238515,-0.2069256889023917,-0.1935219244459082,-0.17261373960151893,-0.09854330426706837,534.6329387508026,-1.5987654346840574,Stage 4 — Declining,503.3215685077742,704.3556293706895,False,459.5,0.5787357683520975,1.1537203364170208,631467499.5173508,503.56700012207034,True,-7.497284221112476,False,-29.78689071672115,False,False,False,False,False,False,False,False,537.7275105794271,564.3290353393554,False,2.614208789376545,1,1.013042011264065,9.982142097000173,0.7385223234061775,False,531.9500122070312,0.021267170783945237,0.029107652936680727,False,7.562435615652885,22.0,True,False,0,False,False,False,False,False,False,False,False,0,False,False,,ICICI Prudential Life Insurance Company Ltd.,Financial Services,EQ,INE726G01019,SELL,Stage 4 takes precedence: the guide requires SELL regardless of RS.
IDBI,2026-09-07,90.75,0.24178978826238362,-0.16659013216389917,-0.06827516860060845,0.02115446377085073,0.05397374790622208,83.97554784278347,-0.7831062405407763,Stage 3 — Topping,85.47333317176968,118.37999725341797,False,61.0099983215332,0.6831954977075638,3.7682910211566956,1126209524.1558533,85.46359985351563,False,8.067172327234417,False,-23.340089453009526,True,True,True,False,False,False,False,False,84.5445332845052,88.58794986724854,False,3.775679563171795,2,1.3731814860132212,16.706495408887985,0.8322088652378687,False,96.25,0.003919036934460214,0.005026723426993623,False,6.060606060606055,52.0,True,True,4,True,False,False,False,True,True,True,False,4,False,False,,IDBI Bank Ltd.,Financial Services,EQ,INE008A01015,REDUCE,Stage 3 with RS 52; the guide requires REDUCE when RS is 50 or higher.
IDFCFIRSTB,2026-09-07,86.44000244140625,0.19825765112029448,0.23883872728513267,0.07201602460840895,0.19413142180073817,0.18030029518697377,74.91689789131897,0.15681490651475727,Stage 2 — Advancing,83.1298916386623,88.50001826783308,True,57.90987854420542,0.5282265212054094,1.1722955464492293,1188531380.5822349,83.23307067871093,False,15.381182182427944,False,-2.3277010183122004,True,True,True,True,False,False,False,False,75.18299664815267,77.03798192977905,True,1.8683486151542255,1,1.21946246196587,12.7196982593577,0.80696531741738,False,88.50001826783308,0.00373290977611793,0.003762785280857485,False,2.3831741881581214,71.0,True,True,5,True,False,True,True,True,True,True,True,7,False,False,,IDFC First Bank Ltd.,Financial Services,EQ,INE092T01019,HOLD,Stage 2 + RS 71; trend/leadership is adequate without a stronger entry trigger.
IFBIND,2026-09-04,1305.699951171875,0.029082519643525373,0.2024126731891489,-0.18708754148619966,-0.14019493470090238,-0.01334095274218048,1207.1071911119434,1.1710634386964625,Stage 2 — Advancing,1343.1549000459559,2019.800048828125,False,883.2000122070312,0.22427261053318662,0.7634096084463964,46787355.992407225,1344.4499975585939,True,8.167688900031456,False,-35.3549896223919,True,False,True,True,False,False,False,False,1204.1516658528647,1283.2037475585937,False,2.6231148043291572,2,0.8790798828958651,16.469072529415836,0.29864479360332297,False,1476.0999755859375,0.05614911442639818,0.08174889524202437,False,13.050473369561466,39.0,False,False,3,True,False,False,True,False,True,False,False,3,False,False,,IFB Industries Ltd.,Consumer Durables,EQ,INE559A01017,WAIT,Stage 2 + RS 39; wait because the close is below its 50-session average — short-term timing has weakened even though the 30-week trend is intact.
IFCI,2026-09-07,102.51000213623047,0.2878141218753627,0.8778164837827149,1.0759416751495654,0.9551783623795038,0.696912953012502,68.66554806330433,3.566019743458848,Stage 2 — Advancing,78.63725520115273,107.5,False,46.22999954223633,4.503103494064898,4.784008882036263,8763414601.217808,78.66640029907227,False,49.28884284404775,True,-4.641858477925142,True,True,True,True,False,False,False,False,68.39993344624837,64.43100004196167,True,5.260809619120691,1,3.279089559348713,36.60464974336846,3.8027586042714043,False,107.5,0.004426892391443335,0.004426892391443335,True,4.8678155885101715,96.0,True,True,5,True,True,True,True,True,True,True,True,8,True,False,,IFCI Ltd.,Financial Services,EQ,INE039A01010,WAIT,"Stage 2 + RS 96; wait because price is more than 20% above the 30-week line (currently +49%) — the guide treats that as poor entry timing, not a failed trend."
IIFLCAPS,2026-09-04,341.20001220703125,0.008423248269851413,0.07026356735185724,0.08533702605142723,0.16284791621835182,0.06705900123226782,323.671882002321,0.2421374044895952,Stage 2 — Advancing,337.0431368958716,407.5051309315702,False,240.39999389648438,1.0720494300352774,1.4878773254277409,80171341.23305817,336.9649993896484,False,5.415400959847516,False,-16.27098990703829,True,True,True,True,False,False,False,False,323.51735951741534,326.3524353790283,True,1.1995507103258656,2,1.1613447969622905,3.473840757857922,0.747639042268488,False,344.0,0.0146726501065628,0.016315836879667943,False,0.8206294527532965,56.0,True,True,5,True,False,True,True,True,True,True,False,6,False,False,,IIFL Capital Services Ltd.,Financial Services,EQ,INE489L01022,HOLD,Stage 2 + RS 56; trend/leadership is adequate without a stronger entry trigger.
IIFL,2026-09-07,654.0499877929688,0.2653317022655861,0.34827866329360724,0.15726605438006946,0.5146883405400065,0.3101792925489711,520.0386994244301,1.7292290045337166,Stage 2 — Advancing,594.6852937586167,705.0,False,409.1000061035156,1.9321364346209622,1.438454649424561,1939712780.9818695,596.7929998779297,False,25.76948379358306,True,-7.226952086103722,True,True,True,True,False,False,False,False,519.8146673583984,535.6282708740234,True,4.523463244426519,3,0.775342917604441,30.255317417442374,1.5375804438327128,False,705.0,0.028245135637949274,0.029619233975100214,False,7.789926329477859,83.0,True,True,5,True,False,True,True,True,True,True,True,7,False,False,,IIFL Finance Ltd.,Financial Services,EQ,INE530B01024,WAIT,"Stage 2 + RS 83; wait because price is more than 20% above the 30-week line (currently +26%) — the guide treats that as poor entry timing, not a failed trend."
INOXINDIA,2026-09-04,2247.800048828125,0.4953509990254301,0.9847456582154814,0.9496691678309921,0.93958727210428,0.7729408192403227,1598.8111078967786,4.1903450288127475,Stage 2 — Advancing,1966.7411702473958,2320.0,False,1066.9168905614442,2.984472351954212,4.563066490097787,957463811.362738,1968.6179931640625,False,40.591970979303824,True,-3.112066860856677,True,True,True,True,False,False,False,False,1586.2113582356772,1472.354546508789,True,4.371893848404573,2,1.6321136845368012,22.913792051117994,2.603674271387584,False,2320.0,0.09666231666474188,0.09666231666474188,True,3.212027297958109,97.0,True,True,5,True,True,True,True,True,True,True,True,8,True,False,,INOX India Ltd.,Capital Goods,EQ,INE616N01034,WAIT,"Stage 2 + RS 97; wait because price is more than 20% above the 30-week line (currently +41%) — the guide treats that as poor entry timing, not a failed trend."
IRB,2026-09-07,19.25,-0.08843015395776299,-0.0513650789950727,-0.09464975096136696,-0.08293977378037887,-0.0811629823304689,20.64511586541999,-0.39779555437895464,Stage 4 — Declining,19.807240168253582,23.835262248930352,False,18.760000228881836,0.4065762960140421,0.8102582848957913,235155180.18326122,19.7718595123291,True,-6.757607341680116,False,-19.23730564003391,False,False,False,False,False,False,False,False,20.65449166615804,20.683610830307007,False,2.2523197039602416,2,0.7013509848283409,13.651456748330817,1.7818902878774918,False,21.725902397918208,0.0008313108648855,0.0010733572304050993,False,12.861830638536143,25.0,True,False,0,False,False,False,False,False,False,True,False,1,False,False,,IRB Infrastructure Developers Ltd.,Construction,EQ,INE821I01022,SELL,Stage 4 takes precedence: the guide requires SELL regardless of RS.
IRCON,2026-09-07,117.70999908447266,-0.138034554855884,-0.19897923423617536,-0.21731169120396177,-0.2937760408465486,-0.19722721519969078,136.01826654721611,-1.7524983152297557,Stage 4 — Declining,127.17235310872395,188.0146956609217,False,114.5,0.9750815574928656,0.43913277220662117,161789832.35604018,127.09140014648438,True,-13.460153498124527,False,-37.393192233888584,False,False,False,False,True,True,False,False,136.48880798339843,142.50933143615723,False,2.7215795977375614,2,1.252183695923257,15.283335963967637,0.8862697974835237,False,137.47000122070312,0.005083303955562824,0.007914376689757415,False,16.78702089025592,7.0,True,False,0,False,False,False,False,False,False,False,False,0,False,False,,IRCON International Ltd.,Construction,EQ,INE962Y01021,SELL,Stage 4 takes precedence: the guide requires SELL regardless of RS.
ITCHOTELS,2026-09-04,161.22999572753906,0.037983607976143086,-0.010142639029070533,-0.21872179185807294,-0.3317943301130605,-0.09693830900958356,163.71614471853596,-0.7045680645898611,Stage 4 — Declining,169.3333324357575,249.5935228905489,False,136.40565982941717,0.8581085998912995,0.5923805341017429,217096480.5502594,169.24639923095702,True,-1.5185728904569151,False,-35.40297285749631,False,False,True,False,True,True,False,False,164.2545597330729,171.8012538909912,False,1.99980509590651,2,0.88154480491256,17.127657951192653,0.38178431871418084,False,188.0,0.00693338578357778,0.01061274118749227,False,16.603612839945292,22.0,True,False,1,False,False,False,False,False,False,False,False,0,False,False,,ITC Hotels Ltd.,Consumer Services,EQ,INE379A01028,SELL,Stage 4 takes precedence: the guide requires SELL regardless of RS.
ITC,2026-09-07,263.5,-0.06127542379422957,-0.12599738235529312,-0.3175666383503932,-0.32158735820845097,-0.17754044530051932,290.2292024795323,-0.9359914243010081,Stage 4 — Declining,278.4147051642923,406.5707642578344,False,255.5,0.44846089153172464,0.534826038371485,3749975363.396875,278.1689990234375,True,-9.20968746465729,False,-35.18963408965221,False,False,False,False,True,True,False,False,290.666982421875,306.69159240722655,False,1.997832548783122,1,1.6410916837802945,12.66449815037703,1.0804207975161815,False,292.54998779296875,0.011379242228432687,0.017130008440590008,False,11.024663299039371,10.0,True,False,0,False,False,False,False,False,False,False,False,0,False,False,,ITC Ltd.,Fast Moving Consumer Goods,EQ,INE154A01025,SELL,Stage 4 takes precedence: the guide requires SELL regardless of RS.
ITI,2026-09-04,272.5,-0.0970841251758704,0.07579943433446767,-0.10066006600660071,-0.12280700030915437,-0.06836717646660564,284.4530825680249,-0.33503743355831617,Stage 4 — Declining,282.6784320906097,372.8500061035156,False,237.0,0.7195692086313219,0.6563913162038205,86578440.84457092,282.30000061035156,True,-4.202127978404457,False,-26.91430989963699,False,False,False,False,True,False,False,False,284.58000040690104,289.2900003051758,False,2.0943633913212647,2,0.7565397562353147,14.348249311202219,0.2823399596652218,False,308.3999938964844,0.011718338250270344,0.015433147186098159,False,13.174309686783259,28.0,True,False,0,False,False,False,False,False,False,False,False,0,False,False,,ITI Ltd.,Telecommunication,EQ,INE248A01017,SELL,Stage 4 takes precedence: the guide requires SELL regardless of RS.
INDGN,2026-09-04,601.5,0.16618281696730897,0.2810453251318501,0.12912992736657847,0.11116603375337131,0.17074138403728356,507.2607940255779,1.461530270180611,Stage 2 — Advancing,537.3494783289292,615.5,True,412.19021062389317,1.40418132948953,2.32522298073277,459416451.88958436,537.7807611083985,False,18.578058285669563,False,-2.2745735174654724,True,True,True,True,False,False,False,False,506.6813250732422,507.99580444335936,True,2.6249864607918445,2,1.0848411431193883,22.040101086542908,2.34342975212631,False,615.5,0.02586635030289032,0.02608276783087006,False,2.327514546965914,70.0,True,True,5,True,False,True,True,True,True,True,True,7,False,False,,Indegene Ltd.,Healthcare,EQ,INE065X01017,HOLD,Stage 2 + RS 70; trend/leadership is adequate without a stronger entry trigger.
INDIACEM,2026-09-04,362.5,-0.047306176084099816,-0.06967790150587583,-0.12046583678696954,-0.09713574097135746,-0.0763783662864805,390.6773978455426,-1.4034179728086738,Stage 4 — Declining,382.92352833467373,485.79998779296875,False,342.3500061035156,0.17251230429373507,0.8852259999383456,47987453.65548096,382.9049987792969,True,-7.2124463818310725,False,-25.380813275259896,False,False,False,False,False,False,False,False,392.49266723632815,402.81000061035155,False,2.1783260852832513,2,1.0940627809063395,14.937555860031024,0.44734208270270387,False,416.3999938964844,0.015588615103570642,0.020376574788219425,False,14.868963833512927,26.0,False,False,0,False,False,False,False,False,False,False,False,0,False,False,,India Cements Ltd.,Construction Materials,EQ,INE383A01012,SELL,Stage 4 takes precedence: the guide requires SELL regardless of RS.
INDIAGLYCO,2026-09-04,260.3999938964844,-0.7351640031563851,-0.6930246906695956,-0.7591710343231473,-0.6889172972570957,-0.7222882057125217,990.8211369971707,0.18624422981514677,Stage 1 — Basing,1061.806864719765,1219.0,False,217.0,0.08327105130116753,1.3198149813873454,415075163.7585548,1063.9340017700194,True,-73.71876878952493,False,-78.638228556482,False,False,True,True,False,False,False,False,987.7840231323243,990.9076374053955,False,41.67215362510346,2,7.328353212805755,82.19852337981952,1.6970499465841036,False,1219.0,0.011198000766412246,0.051243507743298056,False,368.12597103384866,1.0,True,False,2,False,False,False,True,False,False,False,False,1,False,False,1.0,India Glycols Ltd.,Fast Moving Consumer Goods,BE,INE560A01023,AVOID,Stage 1 + RS 1; weak RS in a basing stage is AVOID.
INDIASHLTR,2026-09-04,677.0999755859375,-0.09881077627934376,-0.013402865377623807,-0.19607391280969177,-0.24736115884717202,-0.13089189791863504,744.6200687803071,-1.05467228631827,Stage 4 — Declining,725.1107823988971,911.9719209725083,False,620.1500244140625,0.540313202961645,0.9187188666693218,85779606.64939575,724.237998046875,True,-9.067724068324933,False,-25.754295717362453,False,False,False,False,False,False,False,False,746.0248425292968,763.7608587646484,False,2.943752335483032,2,1.5121329592035837,25.21555328139132,0.6587576738741029,False,829.25,0.02911738180978278,0.03884308007212202,False,22.47083590313195,16.0,True,False,0,False,False,False,False,False,False,False,False,0,False,False,,India Shelter Finance Corporation Ltd.,Financial Services,EQ,INE922K01024,SELL,Stage 4 takes precedence: the guide requires SELL regardless of RS.
INDIAMART,2026-09-04,1726.4000244140625,-0.1092893476687592,-0.14640048159518382,-0.22512105335596244,-0.30647544366406876,-0.1793151347905467,1953.8484471987372,-1.356313732340808,Stage 4 — Declining,1818.1901999080883,2556.182504015267,False,1722.300048828125,0.3835236813236018,1.8042612742939808,157598405.13786012,1815.4460034179688,True,-11.641047344832245,False,-32.46178542798792,False,False,False,False,False,False,False,False,1960.291796875,2013.534930419922,False,1.7120677251837784,3,0.521941876932072,12.966798343535057,0.420456627647976,False,1978.9000244140625,0.07424051171140904,0.10990410749172533,False,14.625810729219491,9.0,True,False,0,False,False,False,False,False,False,False,False,0,False,False,,Indiamart Intermesh Ltd.,Consumer Services,EQ,INE933S01016,SELL,Stage 4 takes precedence: the guide requires SELL regardless of RS.
INDIANB,2026-09-04,879.7000122070312,0.07308444850789719,-0.04319489282797384,0.1194119225522241,0.35266483702379303,0.11501015275276753,861.2513456997806,0.16035887572529717,Stage 2 — Advancing,850.7451028262867,980.0229061203939,False,646.3313747021122,0.33653613398516874,0.7052498085000154,942483216.4048431,851.1080053710938,False,2.142076944130733,False,-10.236790720587319,True,True,False,True,False,False,False,False,860.8940026855469,849.7549560546875,True,2.1500849902075045,2,0.3868527748232256,15.159370283061893,0.4539502333130299,True,906.7000122070312,0.037829806612142906,0.04266820985262522,False,3.069228103369137,62.0,True,True,4,True,True,True,False,True,True,True,False,6,False,False,,Indian Bank,Financial Services,EQ,INE562A01011,HOLD,Stage 2 + RS 62; trend/leadership is adequate without a stronger entry trigger.
IEX,2026-09-07,117.5,-0.03987577515067864,-0.019722526205989133,-0.16871757525929532,-0.1490408464769779,-0.08344649964872393,123.61626700832419,-0.146050463456604,Stage 4 — Declining,123.89431373745788,155.8999783750524,False,112.81550713216181,0.721295138110428,0.22136497247483533,342783916.3856777,123.87600006103516,True,-4.947784912411501,False,-24.631163374938147,False,False,True,False,True,True,False,False,123.58971104939779,126.41563369750976,False,1.7051664311835109,2,0.7724054517628586,13.728104129350513,0.6910618665247436,False,134.75999450683594,0.0050742351493011035,0.00626898329963675,False,14.689357027094418,25.0,True,False,1,False,False,False,False,False,False,True,False,1,False,False,,Indian Energy Exchange Ltd.,Financial Services,EQ,INE022Q01020,SELL,Stage 4 takes precedence: the guide requires SELL regardless of RS.
INDHOTEL,2026-09-07,716.2000122070312,0.09396236258603574,0.15314530821488037,-0.015748234918538273,-0.07145573042431874,0.05077321360881898,679.1542814071864,0.5693879181682071,Stage 2 — Advancing,729.3127465341605,789.0359805542071,False,562.4948988120375,1.0020852320344908,0.782136678725743,1114733642.258307,729.7580017089844,True,5.4546856014935585,False,-9.231007221751398,True,False,True,True,False,False,False,False,679.2291768391927,686.5350988769532,True,2.252962875483109,3,0.6950938806419166,7.433330738493132,0.8985137316857834,False,757.4000244140625,0.030929083198900403,0.033914050922410816,False,5.752584683721218,52.0,True,True,4,True,False,True,True,False,False,True,False,4,False,False,,Indian Hotels Co. Ltd.,Consumer Services,EQ,INE053A01029,HOLD,Stage 2 + RS 52; trend/leadership is adequate without a stronger entry trigger.
IMFA,2026-09-04,1288.4000244140625,-0.15678801128535713,0.10682377383765429,-0.07641049985670878,0.43946740142710117,0.03126093056746649,1377.9383712141482,0.5669038455514475,Stage 1 — Basing,1378.998477711397,1670.7880501060147,False,900.3541314769026,1.0626081748953222,0.6220382393315881,163428176.049646,1380.1824047851562,True,-6.4979935729048925,False,-22.886686654700995,False,False,True,True,True,False,False,False,1374.7649243164062,1357.3721496582032,True,3.652925743994705,2,0.764253189746764,20.47909407346867,0.6821395987178162,False,1541.5,0.05540516435868093,0.07192204438583523,False,19.64451806813976,48.0,True,False,2,False,True,True,True,False,True,True,False,5,False,False,2.0,Indian Metals & Ferro Alloys Ltd.,Metals & Mining,EQ,INE919H01018,AVOID,Stage 1 + RS 48; weak RS in a basing stage is AVOID.
IOC,2026-09-07,135.14999389648438,-0.013781706928310489,-0.18144590131482452,-0.13048433742060084,0.019011514456549028,-0.06409642762709947,144.7975109570647,-1.1619934886549887,Stage 4 — Declining,138.9423325482537,184.95879041358242,False,129.06965104614895,0.5550137546242782,0.801945497483747,1094119227.537561,138.9621694946289,True,-6.66276443345839,False,-26.929672499328984,False,False,False,False,False,False,False,False,145.4475182088216,148.39356781005858,False,1.730882722720992,3,0.9257669220139322,6.668620498783697,0.6175113593813712,False,143.91730631439802,0.00583644978261592,0.00792081525055965,False,6.487097901483296,29.0,True,False,0,False,False,False,False,False,False,False,False,0,False,False,,Indian Oil Corporation Ltd.,Oil Gas & Consumable Fuels,EQ,INE242A01010,SELL,Stage 4 takes precedence: the guide requires SELL regardless of RS.
IOB,2026-09-07,33.099998474121094,0.005162410184326394,-0.02875596550116921,-0.12387507825279187,-0.14003645022860922,-0.05646853472278351,34.051643894143304,-0.3855109910483989,Stage 4 — Declining,33.760980269488165,41.79999923706055,False,31.200000762939453,0.4561728564624826,0.8343302081662752,75960429.59386405,33.755999908447265,True,-2.794712123093379,False,-20.813399334289684,False,False,False,False,False,False,False,False,34.07320007324219,34.59545007705688,False,1.5709980226465599,1,1.1305781065324698,12.071825268322323,0.6027672322931106,False,36.20000076293945,0.0014294227719080692,0.001740563272676508,False,9.36556625898961,30.0,True,False,0,False,False,False,False,False,False,True,False,1,False,False,,Indian Overseas Bank,Financial Services,EQ,INE565A01014,SELL,Stage 4 takes precedence: the guide requires SELL regardless of RS.
IRCTC,2026-09-04,476.04998779296875,-0.0975355681649882,-0.13985007264776994,-0.2895847365887493,-0.32197652858827197,-0.18929649483095354,530.3118183710803,-1.5872364743585887,Stage 4 — Declining,498.01078347598803,729.6618113637422,False,470.70001220703125,0.7080861390132045,0.36471144283248264,385420843.9825058,497.6889996337891,True,-10.23206134548984,False,-34.75744785063802,False,False,False,False,True,True,False,False,532.5352793375652,564.103016204834,False,1.4666831668959854,1,1.2586841914943854,10.683109638134487,0.7552606832331222,False,527.0,0.02047161387521129,0.030966191524191142,False,10.702660122572905,8.0,True,False,0,False,False,False,False,False,False,False,False,0,False,False,,Indian Railway Catering And Tourism Corporation Ltd.,Consumer Services,EQ,INE335Y01020,SELL,Stage 4 takes precedence: the guide requires SELL regardless of RS.
IRFC,2026-09-04,83.4000015258789,-0.1317925916559869,-0.13765385535935648,-0.2661235201752161,-0.30116682468836076,-0.19370587670698144,96.09257397586352,-2.072148257430473,Stage 4 — Declining,87.75529435101677,135.7285614195044,False,81.30000305175781,0.9780861332228021,0.4024613596579181,590200575.7534767,87.67500030517579,True,-13.208692331597572,False,-38.55383078281547,False,False,False,False,True,True,False,False,96.56955958048502,101.8630598449707,False,1.796846530053286,2,1.2110815881700447,11.81256004041204,0.7074595690678885,False,92.19000244140625,0.003586456616342429,0.005560734506083041,False,10.539569250247327,8.0,True,False,0,False,False,False,False,False,False,False,False,0,False,False,,Indian Railway Finance Corporation Ltd.,Financial Services,EQ,INE053F01010,SELL,Stage 4 takes precedence: the guide requires SELL regardless of RS.
IREDA,2026-09-04,113.63999938964844,-0.07789677572644071,0.006364919339582276,-0.16458835776093184,-0.20670410996433553,-0.10414421996771331,123.28332289604292,-0.7337235289347266,Stage 4 — Declining,120.28470596612668,162.48846681097575,False,108.07695869934327,0.5895818472883825,0.7827548768086257,482378615.17622644,120.14100006103516,True,-7.8220827277068805,False,-30.062728992423292,False,False,False,False,False,False,False,False,123.43533020019531,126.73781730651855,False,2.1100462768222643,2,0.9851145718944497,14.203677017484049,1.0158840832426441,False,130.60000610351562,0.004886869547186847,0.006813297234383063,False,14.924328409853981,20.0,True,False,0,False,False,False,False,False,False,False,False,0,False,False,,Indian Renewable Energy Development Agency Ltd.,Financial Services,EQ,INE202E01016,SELL,Stage 4 takes precedence: the guide requires SELL regardless of RS.
INDIGOPNTS,2026-09-04,1185.800048828125,0.24590164775458212,0.31105669635934174,-0.0839748399584972,0.03299156822004479,0.15037534402601072,971.7724584292059,0.9564018024475818,Stage 2 — Advancing,1096.60140692019,1340.211918083566,False,705.057642497368,0.7540673679543114,4.850920115344742,231259562.65876466,1098.4934875488282,False,22.024455266501164,True,-11.521451732517196,True,True,True,True,False,False,False,False,973.062402750651,1027.131369934082,True,2.960749052074975,2,0.590702134283047,18.420842966787383,0.6089825524355776,True,1215.7402795565497,0.050993049795798384,0.055421421697475395,False,2.524897073331478,67.0,True,True,5,True,False,True,True,True,True,True,False,6,False,False,,Indigo Paints Ltd.,Consumer Durables,EQ,INE09VQ01012,HOLD,Stage 2 + RS 67; trend/leadership is adequate without a stronger entry trigger.
ICIL,2026-09-04,449.79998779296875,0.35569803468089,0.8223688619348777,0.4367897349253551,0.888994523355584,0.5719098379155194,334.6488987125762,3.7051839630388494,Stage 2 — Advancing,417.649460736443,474.6499938964844,False,216.04358355223812,0.5600970368657073,4.098702882272764,934917040.8468735,417.5081219482422,False,34.40952279340792,True,-5.235437990742953,True,True,True,True,False,False,False,False,333.42188385009763,318.59152648925783,True,6.37187973844634,3,0.9784495198273523,21.773940257556404,0.5741955396829955,False,474.6499938964844,0.019342783126332034,0.02001889183005417,False,5.5246791413772645,94.0,True,True,5,True,True,True,True,True,True,True,True,8,True,False,,Indo Count Industries Ltd.,Textiles,EQ,INE483B01026,WAIT,"Stage 2 + RS 94; wait because price is more than 20% above the 30-week line (currently +34%) — the guide treats that as poor entry timing, not a failed trend."
IGL,2026-09-04,158.0399932861328,-0.024745508732537447,0.004002221011160989,-0.1684665960268389,-0.25318075514966876,-0.09342722952608432,159.00759647317128,-0.8981826306718399,Stage 4 — Declining,152.7156862745098,219.28693712723197,False,141.74000549316406,3.987465364258767,1.9027901224324417,400428694.2002243,152.36239990234375,False,-0.6085263902481097,False,-27.93004665187293,False,True,False,False,False,False,False,False,159.29971638997395,165.7722452545166,False,2.249430122934718,2,0.6316724268913022,14.491227356313964,1.0973174089520332,False,171.0,0.00679620586567838,0.009305269053182694,False,8.200460177445713,23.0,True,False,1,False,False,False,False,True,False,False,False,1,False,False,,Indraprastha Gas Ltd.,Oil Gas & Consumable Fuels,EQ,INE203G01027,SELL,Stage 4 takes precedence: the guide requires SELL regardless of RS.
INDUSTOWER,2026-09-07,376.45001220703125,-0.09084722138079038,-0.13589757797315027,-0.060338029593814846,0.15772819176398234,-0.0440403717129127,401.5354248464924,-0.6683460820694709,Stage 4 — Declining,378.4476976581648,464.0362575162202,False,322.75335706887773,0.7722421494546529,1.5807740116592246,1848102025.9013321,378.40992614746096,True,-6.247372233483839,False,-18.874871066756548,False,False,False,False,False,False,False,False,402.1959794108073,402.414893951416,True,2.3433194595701488,4,0.49909942500248416,10.484449434570749,0.8186156435663491,False,399.851793842494,0.016256986245921253,0.019638748882378987,False,6.216438006805736,33.0,True,False,0,False,False,True,False,False,False,True,False,2,False,False,,Indus Towers Ltd.,Telecommunication,EQ,INE121J01017,SELL,Stage 4 takes precedence: the guide requires SELL regardless of RS.
INDUSINDBK,2026-09-07,998.0,0.10479274332206479,0.08908482205894663,0.14885244611602966,0.32041006343143463,0.1535865636501081,929.3867914905287,0.7227704410809555,Stage 2 — Advancing,1006.2607840743719,1077.8499755859375,False,709.4508644993872,0.7333848281371004,0.5161177759153419,1220261595.7656586,1008.0779992675781,True,7.382632197669925,False,-7.408264359103378,True,False,True,True,True,True,False,False,928.9750024414062,914.9510537719726,True,2.008302581027009,3,0.47520358936043117,14.974251244118319,0.7621164332901913,True,1077.8499755859375,0.04309861003406384,0.046199943950625245,False,8.000999557709164,67.0,True,True,4,True,True,True,True,False,True,True,False,6,False,False,,IndusInd Bank Ltd.,Financial Services,EQ,INE095A01012,REDUCE,Stage 2 + RS 67; distribution warning (U/D 0.52) triggers REDUCE.
NAUKRI,2026-09-07,1302.5,0.32178684172922867,0.3330479024735973,-0.057109736934705335,-0.026208396046746074,0.17866069059012066,1084.4212278601242,0.6469519330107865,Stage 2 — Advancing,1238.1024445178462,1423.5479277231257,False,905.5050975494345,0.3667719993160065,1.468581398146339,2305535807.6378846,1243.1892224121093,False,20.110153373722504,True,-8.503256221006495,True,True,True,True,False,False,False,False,1086.9045149739584,1147.6641717529296,False,2.5928169503615983,3,0.27801815386810563,30.48056952653114,0.47431001712607906,True,1391.0,0.05624843644225266,0.060208384184109634,False,6.794625719769676,71.0,True,True,5,True,False,False,True,True,True,True,True,6,False,False,,Info Edge (India) Ltd.,Consumer Services,EQ,INE663F01032,HOLD,Stage 2 + RS 71; trend/leadership is adequate without a stronger entry trigger.
INFY,2026-09-07,1087.5,-0.07220643406841976,-0.1508462275623068,-0.31256474509962784,-0.2191323102150463,-0.1653912302027641,1175.3883437065228,-2.5719343474483014,Stage 4 — Declining,1109.7588237687653,1691.3991593070652,False,982.4000244140625,0.6511280447408918,0.7411373956923691,8959781028.99828,1111.2200012207031,True,-7.47738772271399,False,-35.70411845034093,False,False,False,False,False,False,False,False,1184.627139892578,1284.3536837768554,False,2.5011473406711824,4,0.49705165358149245,17.790792936061717,0.6229867241423444,False,1195.0,0.04696366574353149,0.07217847184942537,False,9.885057471264357,11.0,True,False,0,False,False,False,False,False,False,False,False,0,False,False,,Infosys Ltd.,Information Technology,EQ,INE009A01021,SELL,Stage 4 takes precedence: the guide requires SELL regardless of RS.
INOXGREEN,2026-09-04,175.10000610351562,0.03676953482331413,0.15030879450354795,-0.17943668117368328,0.15562302775977677,0.04000684214725394,175.7541084812112,0.01697747040565467,Stage 1 — Basing,184.9386267568551,279.0,False,132.5800018310547,1.1345383214645903,1.0872706381865282,185026465.7545746,184.5543994140625,True,-0.37216903965889836,False,-37.24014118153561,False,False,True,True,False,False,False,False,175.75979888916015,181.48189910888672,False,3.836990251330933,2,1.157416145073508,24.378275205753763,0.9814444439797093,False,209.89999389648438,0.007529838895946414,0.011431836155096374,False,19.874349845765103,50.0,True,True,3,False,False,False,True,False,True,False,False,2,False,False,2.0,Inox Green Energy Services Ltd.,Services,EQ,INE510W01014,WATCH,Stage 1 + RS 50; adequate RS in a basing stage remains WATCH.
INOXWIND,2026-09-07,75.5999984741211,-0.1289319313672721,-0.098497520583262,-0.41953320573155894,-0.48155263559937467,-0.25148944492974795,87.097533970663,-2.6141138889945847,Stage 4 — Declining,77.87549007640166,159.3000030517578,False,68.0,1.2381284025415409,1.390581030970526,988490077.2222226,77.66939987182617,True,-13.20075893355902,False,-52.54237474838085,False,False,False,False,False,False,False,False,87.63966644287109,96.14964984893798,False,2.675736265781238,2,0.9353450685730756,25.658686900062023,1.2727390184122616,False,91.47000122070312,0.003264784421655277,0.0066041739705053155,False,20.99206754880365,4.0,True,False,0,False,False,False,False,False,False,False,False,0,False,False,,Inox Wind Ltd.,Capital Goods,EQ,INE066P01011,SELL,Stage 4 takes precedence: the guide requires SELL regardless of RS.
INTELLECT,2026-09-07,682.1500244140625,-0.07671976685417536,0.011337561105031257,-0.3478639178371319,-0.24028359873641925,-0.14604989783537412,706.230823255565,-1.5125491668412816,Stage 4 — Declining,719.5203857421875,1232.7256944645226,False,589.5214019484429,0.5091252223582808,1.1313258176867493,207628630.85288087,719.5075341796875,True,-3.409763217427342,False,-44.663275254404574,False,False,True,False,False,False,False,False,708.1953361002604,776.4679238891601,False,2.5476177225416197,3,0.5215489679432413,14.808896263285925,0.739061756330281,False,790.6341839103262,0.029458635157263335,0.0501014388916525,False,15.90326989864832,13.0,True,False,1,False,False,False,False,False,False,False,False,0,False,False,,Intellect Design Arena Ltd.,Information Technology,EQ,INE306R01017,SELL,Stage 4 takes precedence: the guide requires SELL regardless of RS.
INDIGO,2026-09-04,4977.0,0.10384142467930002,0.1329645816296916,-0.08452129127195807,-0.12607550482879715,0.026010126977507295,4788.924829943427,0.5022853429475171,Stage 2 — Advancing,5241.9137274050245,5970.0,False,3895.199951171875,0.4885760087717243,0.3840149807746636,2663933556.875,5237.752001953125,True,3.9272942619731133,False,-16.633165829145725,True,False,True,True,True,True,False,False,4790.111339518229,4877.391004638672,False,2.249634030827521,2,1.0133644183233397,11.292665214233843,0.6147288514584263,False,5508.0,0.21402630998750644,0.2509773956769637,False,10.669077757685352,48.0,True,False,3,True,False,False,True,False,False,True,False,3,False,False,,InterGlobe Aviation Ltd.,Services,EQ,INE646L01027,REDUCE,Stage 2 + RS 48; distribution warning (U/D 0.38) triggers REDUCE.
IGIL,2026-09-04,323.5,-0.09961261195759052,0.0075432334212679475,0.011718546069186209,-0.040168256826356274,-0.04402634025021664,342.2104241358091,0.49979271760551836,Stage 1 — Basing,344.467056573606,386.08705544308634,False,282.67090105928503,0.6068560105862743,0.9728153246188354,164677179.43305206,344.21625732421876,True,-5.467520220361177,False,-16.210607053701754,False,False,True,True,False,False,False,False,341.5193048095703,334.9288148498535,True,3.1229786972044646,2,0.8666569919116514,12.864052115058838,0.8341825751482818,False,368.61940450933116,0.013911495133807178,0.0165258491567183,False,13.947265690674238,33.0,True,False,2,False,True,True,True,False,False,True,False,4,False,False,2.0,International Gemological Institute Ltd.,Services,EQ,INE0Q9301021,AVOID,Stage 1 + RS 33; weak RS in a basing stage is AVOID.
IKS,2026-09-04,1759.9000244140625,0.040929836896383076,0.3222389364493332,0.05598226940770412,0.120884053104513,0.11619298655086331,1637.8917846679688,0.5888968825670693,Stage 2 — Advancing,1808.4294146369484,1933.0,False,1262.0,1.0471701832646385,1.1019114496043447,263004150.1904358,1810.512001953125,True,7.449102613993941,False,-8.954990977027288,True,False,True,True,False,False,False,False,1637.9400032552082,1643.2790020751954,True,2.9908370621805314,3,0.4289091952441113,13.600622059703182,0.69647423270121,True,1933.0,0.07568111476235971,0.08257953193059515,False,9.835784600524056,63.0,True,True,4,True,False,True,True,False,True,True,False,5,False,False,,Inventurus Knowledge Solutions Ltd.,Information Technology,EQ,INE115Q01022,HOLD,Stage 2 + RS 63; trend/leadership is adequate without a stronger entry trigger.
IONEXCHANG,2026-09-07,439.1000061035156,0.2564742121334693,0.269690648761868,0.2964033088833866,0.05592012057150386,0.22699250049673944,383.25430067924606,0.43705909323570324,Stage 2 — Advancing,402.48343493891696,484.3644916198611,False,311.64769712027083,6.36937676578126,6.227411546152999,208463241.40781862,402.3208331298828,False,14.571449120151714,False,-9.345128782039192,True,True,True,True,False,False,False,False,382.79921366373696,376.85633834838865,False,3.133712873857273,2,1.0882041425864115,25.52096484332634,0.8523663049560443,False,484.3644916198611,0.018962524978968408,0.019989551842960335,False,10.308468432513429,76.0,True,True,5,True,True,False,True,True,True,True,True,7,False,False,,Ion Exchange (India) Ltd.,Utilities,EQ,INE570A01022,HOLD,Stage 2 + RS 76; trend/leadership is adequate without a stronger entry trigger.
IPCALAB,2026-09-07,1959.0999755859375,0.19733333015018228,0.3156884789610479,0.3473385421528876,0.47258553989445495,0.30605584426175103,1632.1645156651327,2.224136869627369,Stage 2 — Advancing,1819.2220387178309,2001.5,True,1247.2697331943216,0.20687901545062246,5.329789592896088,1347325333.9786744,1822.7764599609375,False,20.0307908169155,True,-2.118412411394577,True,True,True,True,False,False,False,False,1626.5126424153646,1581.668427734375,True,2.3626009321893293,2,0.4152064269641637,18.55405964303803,0.5916231565013343,True,2001.5,0.08460369325202637,0.08515888852654667,False,2.1642603717240805,82.0,True,True,5,True,True,True,True,True,True,True,True,8,True,False,,Ipca Laboratories Ltd.,Healthcare,EQ,INE571A01038,WAIT,"Stage 2 + RS 82; wait because price is more than 20% above the 30-week line (currently +20%) — the guide treats that as poor entry timing, not a failed trend."
JKCEMENT,2026-09-04,5083.5,0.03707735469472628,-0.07681912425662762,-0.0918535637458382,-0.23599300175704596,-0.06610219607401184,5381.1881454676795,-0.5200100272939268,Stage 4 — Declining,5388.125076593137,6974.042464956463,False,4654.177313328525,0.2511824725699449,0.704080179773055,143151932.575,5384.76119140625,True,-5.53201518735984,False,-27.10827291999096,False,False,True,False,False,False,False,False,5387.392604166666,5449.126726074219,False,2.1231154013685734,2,0.7572145793930014,14.490500863557859,0.44014736335314975,False,5790.0,0.21860613759724512,0.2960093074286557,False,13.897904986721743,29.0,True,False,1,False,False,False,False,False,False,False,False,0,False,False,,J.K. Cement Ltd.,Construction Materials,EQ,INE823G01014,SELL,Stage 4 takes precedence: the guide requires SELL regardless of RS.
JAIBALAJI,2026-09-04,69.7300033569336,-0.00909477568095618,0.139937967046303,0.06653420443954228,-0.31042324502616225,-0.024428124980445866,68.21301381881923,0.01786801591627807,Stage 2 — Advancing,65.96725516225777,108.0,False,53.650001525878906,0.49022123949624846,1.4933146168668998,70157531.33132896,65.9228002166748,False,2.2239004746860136,False,-35.43518207691334,True,True,False,True,False,False,False,False,68.28486676534017,67.98230026245118,False,4.62703038191971,0,1.993972391986592,23.04582099383253,2.4461407236205686,False,74.19999694824219,0.0029986046441432455,0.004492189718243741,False,6.410430770277764,37.0,True,False,3,True,True,False,False,True,False,False,False,3,False,False,,JAI BALAJI INDUSTRIES Ltd.,Metals & Mining,EQ,INE091G01026,WAIT,Stage 2 + RS 37; wait because relative strength is below 50 — the trend has turned up but the stock still lags most of the universe.
JBMA,2026-09-07,613.5999755859375,-0.09724883836100362,0.17570405610696538,0.03991185201283609,0.0,0.004223646279558846,627.1523957971024,0.747594704949428,Stage 1 — Basing,657.9480327531403,790.0,False,477.0,0.3394997007648561,4.397617381583429,600257013.6657073,657.4169934082031,True,-2.160945298461292,False,-22.329117014438292,False,False,True,True,False,False,False,False,625.986665242513,617.9374989318848,False,3.006262924605522,2,0.8729952601024188,15.225391304170877,0.3439439708177026,False,719.8499755859375,0.02649830267002947,0.03173478517462856,False,17.31584162768911,44.0,True,False,2,False,True,False,True,False,False,True,False,3,False,False,2.0,JBM Auto Ltd.,Automobile and Auto Components,EQ,INE927D01051,AVOID,Stage 1 + RS 44; weak RS in a basing stage is AVOID.
JKLAKSHMI,2026-09-04,515.7000122070312,-0.12968325923292034,-0.2025367685332501,-0.303211769390046,-0.44165200181066644,-0.24135341163996066,606.7216821957941,-2.3847531803355526,Stage 4 — Declining,560.3328665939032,935.2845101260218,False,512.0,2.4293670932189393,0.6491778703770945,84077432.63944702,559.7816064453125,True,-15.002211501547979,False,-44.861696454531796,False,False,False,False,True,False,False,False,610.6056461588541,649.7406951904297,False,2.1205578131955676,2,1.0985510118245483,17.684887459807076,0.7813532236674107,False,622.0,0.022176686894350598,0.0401849623883253,False,20.61275650121448,5.0,True,False,0,False,False,False,False,False,False,False,False,0,False,False,,JK Lakshmi Cement Ltd.,Construction Materials,EQ,INE786A01032,SELL,Stage 4 takes precedence: the guide requires SELL regardless of RS.
JKPAPER,2026-09-07,420.04998779296875,0.179696451088041,0.2704421811749649,0.1496607196552069,0.060341695665665274,0.1679674997343838,360.5040967217807,1.5327628248912095,Stage 2 — Advancing,378.74590286554076,440.18408478548275,False,301.6864340741184,3.7635830273607915,2.426114525596478,210644675.86136168,379.5191455078125,False,16.517396504690108,False,-4.574017482328118,True,True,True,True,False,False,False,False,359.30947550455727,357.0369812011719,True,3.202849159827547,2,1.189873430497504,21.78827109532726,1.0899366343143049,False,429.70001220703125,0.01813985031934112,0.01831822602483999,False,2.2973514330439038,69.0,True,True,5,True,True,True,True,True,True,True,False,7,False,False,,JK Paper Ltd.,Forest Materials,EQ,INE789E01012,HOLD,Stage 2 + RS 69; trend/leadership is adequate without a stronger entry trigger.
JKTYRE,2026-09-04,367.3500061035156,-0.037618529544481305,-0.15613795443464273,-0.21720221435334175,0.0769008280470116,-0.0743352799659871,413.11420451125053,-2.1109903632883675,Stage 4 — Declining,391.91820870193783,605.8045982960336,False,337.751665862027,0.40145401053398455,0.6523283028528581,193795678.5640045,391.89269653320315,True,-11.07785641548633,False,-39.361634570491375,False,False,False,False,True,False,False,False,416.2309560139974,432.14435943603513,False,1.8666504868339577,2,0.685087185998199,13.86255924170616,0.3243946485078927,False,422.0,0.015797180285357326,0.025180719417435705,False,14.876818562263615,26.0,True,False,0,False,False,False,False,False,False,False,False,0,False,False,,JK Tyre & Industries Ltd.,Automobile and Auto Components,EQ,INE573A01042,SELL,Stage 4 takes precedence: the guide requires SELL regardless of RS.
JMFINANCIL,2026-09-04,132.05999755859375,0.10643041075251847,0.09629883347265045,-0.06682227744219527,-0.2565401939955462,-0.0028405632920108087,127.33812468019251,0.25317699651747905,Stage 2 — Advancing,126.70941162109375,190.76608727773456,False,110.30581750563591,1.4976998267667279,1.317273601455258,353731860.270232,126.72739990234375,False,3.708137598429495,False,-30.77386057285494,True,True,False,True,False,False,False,False,127.26284342447917,130.18080898284913,False,3.022976179306901,2,0.8810773251289948,13.646372477667928,1.06850675605937,False,136.3000030517578,0.005678986131087991,0.008194937956664873,False,3.210666039337773,42.0,True,False,3,True,False,False,False,True,False,False,False,2,False,False,,JM Financial Ltd.,Financial Services,EQ,INE780C01023,WAIT,Stage 2 + RS 42; wait because relative strength is below 50 — the trend has turned up but the stock still lags most of the universe.
JSWCEMENT,2026-09-04,124.06999969482422,-0.0202178944000162,0.04349174432702019,0.11706402373914315,-0.18228177440211213,-0.012432359027196235,126.56379198048212,0.47365685468010454,Stage 1 — Basing,132.02213033040366,152.88278968659597,False,106.25579106571017,0.7667305122640238,0.6022857774508003,143649926.8817436,132.00144561767578,True,-1.970383667109532,False,-18.846326686500745,False,False,True,True,True,False,False,False,126.29729136149089,124.08060073852539,False,2.0293843387203454,2,0.7168873490674758,14.679216400496198,0.5569363198365429,False,143.39999389648438,0.0053353916445317015,0.006551060495229295,False,15.579909929238545,39.0,True,False,2,False,True,False,True,False,False,True,False,3,False,False,2.0,JSW Cement Ltd.,Construction Materials,EQ,INE718I01012,AVOID,Stage 1 + RS 39; weak RS in a basing stage is AVOID.
JSWDULUX,2026-09-04,3174.5,0.04738367782143915,0.11381986166372715,-0.08971628611442573,-0.05655167449853271,0.01246385133872941,2991.287510702055,0.7284134092483852,Stage 2 — Advancing,3070.2551508884803,3687.5560372755367,False,2626.091386571249,1.1409463987710189,1.9661771776742574,58960857.35529785,3068.6596630859376,False,6.1248705997821284,False,-13.913172629495719,True,True,True,True,False,False,False,False,2986.2779459635417,3034.54171875,False,1.999189424339885,3,0.3160195492071477,13.924812030075188,0.7892795269350793,True,3325.0,0.13651326523113103,0.15139538994177704,False,4.740904079382591,45.0,True,False,4,True,False,False,True,True,False,True,False,4,False,False,,JSW Dulux Ltd.,Consumer Durables,EQ,INE133A01011,WAIT,Stage 2 + RS 45; wait because relative strength is below 50 — the trend has turned up but the stock still lags most of the universe.
JSWENERGY,2026-09-07,530.0,-0.09277646537916129,0.08931291590839785,0.15121235964515134,0.05495451775775262,0.02198537251059585,536.5263678145735,0.9837904204088588,Stage 1 — Basing,551.787260167739,615.2574202859911,False,426.30011443485296,1.2074130643060517,0.3113606361361957,1102303265.380899,551.0980053710938,True,-1.2164113836860002,False,-13.85719496830461,False,False,True,True,True,True,False,False,534.6772932942708,520.6221546936035,True,2.2661724244809216,1,0.7697983408606953,13.071561361912961,1.249675725603011,False,588.2999877929688,0.02288803939684753,0.02617438407642368,False,10.999997696786568,47.0,True,False,2,False,True,True,True,False,False,True,False,4,False,False,1.0,JSW Energy Ltd.,Power,EQ,INE121E01018,AVOID,Stage 1 + RS 47; weak RS in a basing stage is AVOID.
JSWINFRA,2026-09-04,333.0,0.22435619367992077,0.3538887215582245,0.24419566028693573,0.10141580471859535,0.22964251478471942,291.0838881192142,1.8128485592493027,Stage 2 — Advancing,332.5019615023744,355.79998779296875,False,232.71809982894663,0.6351488757546425,1.148477280254053,819292036.3865783,332.5540008544922,False,14.400010990515199,False,-6.408091224060275,True,True,True,True,False,False,False,False,290.31888071695965,285.37466789245605,True,2.3477057641486354,3,0.7088034294954509,12.844289841866106,0.4438240768229032,False,355.79998779296875,0.0143200243572111,0.015042585699478571,False,6.846843181071693,77.0,True,True,5,True,True,True,True,True,True,True,True,8,True,False,,JSW Infrastructure Ltd.,Services,EQ,INE880J01026,HOLD,Stage 2 + RS 77; trend/leadership is adequate without a stronger entry trigger.
JSWSTEEL,2026-09-07,1302.0,0.01984308199986695,0.06142385257630534,0.12672399805289625,0.2202763416367013,0.08962207125312736,1247.855658544253,0.5908614253082423,Stage 2 — Advancing,1272.5881802428003,1351.0,False,1067.0708089952848,0.7652918899403391,1.0244362423062752,2141795410.8431334,1273.5327099609376,False,4.33899073863333,False,-3.626943005181349,True,True,True,True,False,False,False,False,1247.282332356771,1221.0980883789061,True,1.972788981709115,2,0.9437732587335359,10.89670160878299,0.9648860523315291,False,1351.0,0.056226843952255634,0.05814229118094478,False,3.7634408602150504,59.0,True,True,5,True,True,True,True,True,False,True,False,6,False,False,,JSW Steel Ltd.,Metals & Mining,EQ,INE019A01038,HOLD,Stage 2 + RS 59; trend/leadership is adequate without a stronger entry trigger.
JAINREC,2026-09-04,277.95001220703125,,,,,,382.4989732716181,-1.9606144353470412,Stage 4 — Declining,320.376470229205,,False,,0.756780578502044,0.8246927338590034,350130920.6033188,319.7929998779297,True,-27.33313508539672,False,,False,False,False,False,False,False,False,False,382.9576672363281,387.25350021362306,False,3.823915973919059,2,1.075991467665525,25.60393523892635,0.693837719924715,False,366.3500061035156,0.011952705540215646,,False,31.80427775287866,,True,False,0,False,False,False,False,False,False,False,False,0,False,False,,Jain Resource Recycling Ltd.,Metals & Mining,EQ,INE0YD401026,SELL,Stage 4 takes precedence: the guide requires SELL regardless of RS.
JPPOWER,2026-09-07,16.790000915527344,-0.11770886444003681,0.21139980746237108,-0.11257923637301726,-0.11955945546845959,-0.05123132265183589,17.223493197192884,0.5670979714644142,Stage 1 — Basing,17.282745211732152,24.5,False,13.149999618530273,1.7721606118153017,0.6299263539033774,541850325.3310788,17.27220012664795,True,-2.5168662169889666,False,-31.46938401825574,False,False,True,True,True,False,False,False,17.175266710917153,17.233050065040587,False,2.4078956601645984,2,0.7297233787757362,16.908714277898905,0.616117926107455,False,19.280000686645508,0.0007250758536371622,0.0009957592261320373,False,14.830253932954939,31.0,True,False,2,False,False,False,True,False,False,False,False,1,False,False,2.0,Jaiprakash Power Ventures Ltd.,Power,EQ,INE351F01018,AVOID,Stage 1 + RS 31; weak RS in a basing stage is AVOID.
J&KBANK,2026-09-04,150.02000427246094,0.015845149734107666,0.2906057039701666,0.4480695606374492,0.49840191926665156,0.25375349666849656,140.62089063043464,2.063180531554565,Stage 2 — Advancing,161.50372583725874,201.75,False,97.3499984741211,0.3720301489558342,0.98477661834824,318654477.6659912,161.56580047607423,True,6.684009466792573,False,-25.64064224413336,True,False,True,True,False,False,False,False,139.6342002360026,130.38135021209717,True,2.6177452007808495,3,0.2147532328288061,28.624535315985128,0.4085663549953286,True,201.75,0.00645132166741908,0.008251100318368638,False,34.482065227507185,79.0,True,True,4,True,True,True,True,False,True,False,True,6,False,False,,Jammu & Kashmir Bank Ltd.,Financial Services,EQ,INE168A01041,HOLD,Stage 2 + RS 79; trend/leadership is adequate without a stronger entry trigger.
JAMNAAUTO,2026-09-04,120.69000244140625,-0.01814184641033012,-0.12033523960692383,-0.017022286680809406,0.16014572336395827,-0.002699099148887038,127.42397235191032,-0.13439004742882288,Stage 4 — Declining,130.06058861227598,152.60000610351562,False,88.92074939495755,0.33974722128985085,0.33305628065724235,237367661.9463257,130.04600051879882,True,-5.284696267282174,False,-20.910879676153716,False,False,True,False,True,True,False,False,127.42006637573242,126.19159980773925,True,2.262585525110906,3,0.5996009610570809,21.168568122963915,0.4500806429427416,False,148.89999389648438,0.005190041365263677,0.006363834321958058,False,23.37392566445078,42.0,True,False,1,False,True,True,True,False,True,True,False,5,False,False,,Jamna Auto Industries Ltd.,Automobile and Auto Components,EQ,INE039C01032,SELL,Stage 4 takes precedence: the guide requires SELL regardless of RS.
JSFB,2026-09-04,535.0999755859375,0.13224707717996154,0.4399891463857406,0.20871913447270218,0.09617941672945962,0.20187637038956513,458.6804788667862,2.6895273686302845,Stage 2 — Advancing,527.9441145354626,606.9500122070312,False,330.0,0.41940184285564597,0.8534119779037659,583567298.8610413,529.5329968261718,False,16.660725764469618,False,-11.837883709702545,True,True,True,True,False,False,False,False,455.9073329671224,446.9347496032715,True,4.306939960090303,2,1.641340595788686,27.67114405292134,1.0830699587062713,False,606.9500122070312,0.023010944996797865,0.024748938868217957,False,13.427404204684844,74.0,True,True,5,True,True,True,True,True,True,True,True,8,True,False,,Jana Small Finance Bank Ltd.,Financial Services,EQ,INE953L01027,HOLD,Stage 2 + RS 74; trend/leadership is adequate without a stronger entry trigger.
JAYNECOIND,2026-09-07,89.66999816894531,-0.07039188243803685,0.22199511481677758,0.3528967987391469,0.4712058580230405,0.18106280134057828,90.00431499742481,1.8138893601206796,Stage 1 — Basing,91.23333336325253,117.0,False,60.75,1.5019761833080432,0.9444888297886006,670421436.265044,91.3647999572754,True,-0.3714453340254442,False,-23.358975923978363,False,False,True,True,False,False,False,False,89.61446660359701,86.56894996643067,True,5.423854936265401,1,1.5815563849318237,21.536561681301826,1.848271153122247,False,105.16999816894531,0.0038723970769925778,0.005047578282087515,False,17.285603118667158,71.0,True,True,3,True,True,True,True,False,True,True,True,7,False,False,2.0,Jayaswal Neco Industries Ltd.,Capital Goods,EQ,INE854B01010,WATCH,Stage 1 + RS 71; adequate RS in a basing stage remains WATCH.
JSLL,2026-09-04,516.2999877929688,-0.20800741147842894,-0.15305116720729905,-0.2615846985424627,-0.33646060404490297,-0.23342225855030452,611.5852742652371,-1.7494510962297816,Stage 4 — Declining,552.1784314922257,849.5,False,492.0,1.6952966229436432,0.36537936869010196,357113013.3776245,551.1770001220704,True,-15.580049174131073,False,-39.223073832493384,False,False,False,False,True,True,False,False,613.6186671956381,635.0074998474121,False,3.3237887334749647,2,0.8228914180542098,19.27002109692445,0.6111970628308977,False,612.3499755859375,0.022202487690159478,0.035692623931371875,False,18.603523157835888,5.0,True,False,0,False,False,False,False,False,False,False,False,0,False,False,,Jeena Sikho Lifecare Ltd.,Consumer Services,EQ,INE0J5801029,SELL,Stage 4 takes precedence: the guide requires SELL regardless of RS.
JINDALSAW,2026-09-07,309.54998779296875,0.23538324118909548,0.8735871788276659,0.9331802607887318,0.5548573090219682,0.5664782462033114,235.33088537764877,3.8020209110736225,Stage 2 — Advancing,273.2352929208793,319.5,False,151.60325107352764,0.9807368688679433,5.056543234466009,912410134.1372284,273.498798828125,False,31.53819027885625,True,-3.114244822232004,True,True,True,True,False,False,False,False,234.0034740193685,216.96059410095214,True,3.9942770014559037,1,1.1537050061292509,22.848200312989047,1.9085384614245922,False,319.5,0.013367910029998379,0.013367910029998379,True,3.214347471945622,94.0,True,True,5,True,True,True,True,True,True,True,True,8,True,False,,Jindal Saw Ltd.,Capital Goods,EQ,INE324A01032,WAIT,"Stage 2 + RS 94; wait because price is more than 20% above the 30-week line (currently +32%) — the guide treats that as poor entry timing, not a failed trend."
JSL,2026-09-04,737.8499755859375,0.06342897150313243,-0.018552057211851047,-0.008008107315251922,-0.006746421527485946,0.01871027139033519,730.5878517464415,-0.65148701708162,Stage 3 — Topping,717.9545000861673,879.2203373423794,False,649.5262533837296,1.575427737540238,1.0937965602115414,328517791.628421,718.4706408691407,False,0.9940110312724348,False,-16.07905956586062,True,True,False,False,False,False,False,False,732.1738260904948,745.6483972167969,False,2.3472907523396564,2,0.8654074157405368,10.800264823015167,1.1464874889991004,False,752.8429758154451,0.03172981868576048,0.03578657691643869,False,2.031984919102481,47.0,True,False,2,False,False,False,False,True,False,True,False,2,False,False,,Jindal Stainless Ltd.,Metals & Mining,EQ,INE220G01021,SELL,Stage 3 + RS 47; RS below 50 in Stage 3 triggers SELL.
JINDALSTEL,2026-09-04,1165.0,-0.0251534969960463,-0.001124505255366559,0.16035609682465268,0.13106179497371717,0.04799727851018214,1157.1223545858304,0.2004610095018622,Stage 2 — Advancing,1088.3174689797795,1303.865138167474,False,975.3534332608737,0.8766477643961954,1.6847059578361587,897087593.9151917,1088.9316943359374,False,0.6807962341190077,False,-10.650268505732342,True,True,False,True,False,False,False,False,1157.011368815104,1126.6204870605468,True,2.4926885263742022,2,0.9109320842377449,15.722635213958055,0.7009218201771164,False,1196.4000244140625,0.050098583712164954,0.056214877653154575,False,2.6952810655847648,51.0,True,True,4,True,True,True,False,True,False,True,False,5,False,False,,Jindal Steel Ltd.,Metals & Mining,EQ,INE749A01030,HOLD,Stage 2 + RS 51; trend/leadership is adequate without a stronger entry trigger.
JIOFIN,2026-09-04,239.5,0.018329034032813052,-0.005135169550853802,-0.20575391853527203,-0.22423368233217345,-0.07969294047053464,242.78893144163368,-0.46023050212939953,Stage 4 — Declining,243.15933197619867,320.84859669700336,False,222.77828210111295,0.7126152526990666,0.7996061063866177,3037513433.434488,243.24510711669922,True,-1.354646367980883,False,-25.354200558909014,False,False,True,False,False,False,False,False,243.2712680053711,254.92697402954101,False,1.6925146214968407,2,0.7986923125645248,14.615960663401015,0.6331253897559307,False,267.5733794386435,0.010299236737393568,0.013566059760016097,False,11.721661561020236,26.0,True,False,1,False,False,False,False,False,False,False,False,0,False,False,,Jio Financial Services Ltd.,Financial Services,EQ,INE758E01017,SELL,Stage 4 takes precedence: the guide requires SELL regardless of RS.
JUBLFOOD,2026-09-07,475.3999938964844,0.11599248702896348,-0.03099189811582226,-0.19630478566262743,-0.2732438783797301,-0.05371111762005057,462.2912817131983,-0.20356452431588012,Stage 3 — Topping,460.412711947572,665.8563753476858,False,407.64069289260294,0.13791694110074615,2.08487969119054,1187496421.5806427,461.29065673828126,False,2.8355958033010387,False,-28.603222632170798,True,True,False,False,False,False,False,False,464.00657633463544,485.90949020385744,False,2.643638657160884,2,1.1199771863774186,22.601116474532436,0.3717506937161644,False,527.8499755859375,0.020530139225592093,0.028842854524606467,False,11.032810762061928,31.0,True,False,2,False,False,False,False,True,False,False,False,1,False,False,,Jubilant Foodworks Ltd.,Consumer Services,EQ,INE797F01020,SELL,Stage 3 + RS 31; RS below 50 in Stage 3 triggers SELL.
JUBLINGREA,2026-09-07,675.3499755859375,0.0820339151447611,0.19510364251185597,-0.010348869979815989,-0.05240014387503422,0.059284491789305595,666.5848070954623,0.626313755079333,Stage 2 — Advancing,712.8430187748928,792.3323631991859,False,535.497064674972,0.23552187597620516,0.46740275994241054,197115076.7801544,714.9218798828125,True,1.3149367338070705,False,-14.764307637379693,True,False,True,True,True,True,False,False,665.7419307454427,670.7375668334961,True,3.071423006874045,3,0.4041304159665715,24.528302688375007,0.5185169460041821,True,792.3323631991859,0.02916497518466218,0.03299535569137568,False,17.321743072805162,53.0,True,True,4,True,False,True,True,False,False,True,False,4,False,False,,Jubilant Ingrevia Ltd.,Chemicals,EQ,INE0BY001018,REDUCE,Stage 2 + RS 53; distribution warning (U/D 0.47) triggers REDUCE.
JUBLPHARMA,2026-09-07,950.2999877929688,-0.01887864535474959,0.16767891107036115,-0.11307356907437704,-0.10760492711973502,-0.01815137516665002,924.9925116177263,-0.39928263192605673,Stage 3 — Topping,939.2380993412991,1178.6978642896322,False,782.0015188448107,1.3403518738733156,2.9565071576085997,353633674.2676819,939.0361560058594,False,2.7359655194377774,False,-19.37713500773266,True,True,True,False,False,False,False,False,926.179326171875,956.0954013061523,False,2.94005014588532,2,2.015315201963671,18.21119444206682,0.9406565973452058,False,1036.6332773809527,0.04103868596118716,0.04963438379353612,False,9.084845911498896,37.0,True,False,3,False,False,False,False,True,False,True,False,2,False,False,,Jubilant Pharmova Ltd.,Healthcare,EQ,INE700A01033,SELL,Stage 3 + RS 37; RS below 50 in Stage 3 triggers SELL.
JLHL,2026-09-04,286.45001220703125,0.08899788207736248,0.11008569747851049,-0.004968693236117039,-0.005106854309812614,0.05560118281746117,273.63657076064857,0.981747722530657,Stage 2 — Advancing,306.2672555960861,340.0,False,235.42042234373233,0.5156230848167302,0.2778390551933112,54931149.315907285,306.89140075683594,True,4.682649475822687,False,-15.749996409696687,True,False,True,True,True,True,False,False,272.9349643961589,274.22988540649413,True,3.8662945840238843,2,1.4559000535687556,19.35882568359375,0.9526375967801656,False,340.0,0.012318231687471785,0.01423338133931052,False,18.69435695965884,53.0,True,True,4,True,False,True,True,False,False,True,False,4,False,False,,Jupiter Life Line Hospitals Ltd.,Healthcare,EQ,INE682M01020,REDUCE,Stage 2 + RS 53; distribution warning (U/D 0.28) triggers REDUCE.
JWL,2026-09-07,244.99000549316406,-0.1184238543581222,-0.17953784164279818,-0.08260619100610767,-0.2423380211264502,-0.14826595249832009,269.53363099816727,-1.6839092424951296,Stage 4 — Declining,253.41470576267616,358.25,False,235.64999389648438,0.6131325440835297,1.0258339966106957,181635693.82283098,253.10099975585936,True,-9.105960326401751,False,-31.61479260483906,False,False,False,False,False,False,False,False,270.459067586263,278.05055046081543,False,2.4904796620293923,3,0.6602963166074762,12.83275616808591,0.5511663293980712,False,272.3500061035156,0.010579888485964965,0.014841153504622675,False,11.16780276618876,12.0,True,False,0,False,False,False,False,False,False,False,False,0,False,False,,Jupiter Wagons Ltd.,Capital Goods,EQ,INE209L01016,SELL,Stage 4 takes precedence: the guide requires SELL regardless of RS.
JUSTDIAL,2026-09-04,692.8499755859375,0.31770633638497503,0.32336928992521785,-0.053354348306501764,-0.1565524800171072,0.1497750268743118,591.4239733970329,0.324847872181544,Stage 2 — Advancing,670.9470597809436,878.5999755859375,False,480.5,0.04704479497121503,1.6136644046884638,189177516.2413147,673.6120007324218,False,17.149457369191822,False,-21.141589478889244,True,True,True,True,False,False,False,False,593.4170005289714,624.5972499084472,False,3.2819924618159484,2,1.5531085705727046,37.7132253349125,0.17804049821117793,False,838.2999877929688,0.02979468025911033,0.03723382372422942,False,20.9930024294257,67.0,True,True,5,True,False,False,True,True,True,True,False,5,False,False,,Justdial Ltd.,Consumer Services,EQ,INE599M01018,HOLD,Stage 2 + RS 67; trend/leadership is adequate without a stronger entry trigger.
JYOTHYLAB,2026-09-07,195.10000610351562,-0.009635894193847805,-0.18653012124232027,-0.3156367271332142,-0.4017233599051597,-0.18463239933367798,215.36224501100304,-1.134079887701156,Stage 4 — Declining,201.76568663354013,328.41230490948914,False,188.10000610351562,0.901610958260831,0.3625843951795405,332445597.91727906,201.8888003540039,True,-9.408445248354557,False,-40.59296707616195,False,False,False,False,True,True,False,False,216.0065149943034,229.77292533874513,False,3.1946989469056053,2,1.1783046180774173,13.278003044441558,2.168941948039077,False,216.89999389648438,0.008425389860419734,0.014006672613890424,False,11.173750441300424,9.0,True,False,0,False,False,False,False,False,False,False,False,0,False,False,,Jyothy Labs Ltd.,Fast Moving Consumer Goods,EQ,INE668F01031,SELL,Stage 4 takes precedence: the guide requires SELL regardless of RS.
JYOTICNC,2026-09-04,1003.9000244140625,0.6787625826322115,0.26126014073474524,0.04388064019068194,0.13556929842881327,0.35964704892373267,781.3171257123555,1.7409897543604336,Stage 2 — Advancing,853.0950987572763,1055.9000244140625,False,580.0999755859375,0.9063579277540385,3.82332865950178,1347196949.8518188,854.9280004882812,False,28.488163304851398,True,-4.924708665373478,True,True,True,True,False,False,False,False,782.1746691894531,822.4835021972656,True,4.431289205291938,2,1.2840375971897073,29.494272479574192,0.8885103767153211,False,1048.0,0.04317078919463722,0.04417611752111671,False,4.392865276766678,86.0,True,True,5,True,False,True,True,True,True,True,True,7,False,False,,Jyoti CNC Automation Ltd.,Capital Goods,EQ,INE980O01024,WAIT,"Stage 2 + RS 86; wait because price is more than 20% above the 30-week line (currently +28%) — the guide treats that as poor entry timing, not a failed trend."
KPRMILL,2026-09-04,1186.300048828125,0.07768906608309689,0.3927330216339189,0.21346207610264467,0.20244721815522482,0.19280408961159645,999.0203410109428,1.6071383870266187,Stage 2 — Advancing,1116.3954431870404,1331.0754095910231,False,794.3546009216013,0.6067472656125983,4.509906633325977,358352970.103186,1114.9495874023437,False,18.746335798094705,False,-10.876570907983396,True,True,True,True,False,False,False,False,997.7988126627604,983.246376953125,True,3.0250117636786116,2,0.7271524488596723,17.365544780096794,0.3708131039237192,False,1228.3011938530076,0.05101455133387227,0.05257125633811476,False,3.540516167589569,73.0,True,True,5,True,True,True,True,True,True,True,True,8,True,False,,K.P.R. Mill Ltd.,Textiles,EQ,INE930H01031,HOLD,Stage 2 + RS 73; trend/leadership is adequate without a stronger entry trigger.
KEI,2026-09-07,4704.0,-0.1183581669946584,-0.04409672830725464,0.13115638756692105,0.1663991340806812,0.0033484918702061627,5013.818503183861,1.6791524606205588,Stage 1 — Basing,5290.001953125,5899.0,False,3724.290243524651,2.5619142036797684,0.3793775615293028,2706976627.0713134,5286.7619921875,True,-6.179292349476173,False,-20.2576707916596,False,False,True,True,True,True,False,False,4998.089342447916,4798.986428222656,True,4.518798442577365,2,1.8421917851564478,20.698423461603664,1.6670153327999375,False,5899.0,0.20314214589202034,0.24923137160901312,False,25.403911564625847,43.0,True,False,2,False,True,True,True,False,False,True,False,4,False,False,1.0,KEI Industries Ltd.,Capital Goods,EQ,INE878B01027,AVOID,Stage 1 + RS 43; weak RS in a basing stage is AVOID.
KNRCON,2026-09-07,122.75,-0.05808783685367347,8.149043836191971e-05,-0.1763403274143197,-0.3822848922277513,-0.13494388058221124,127.83931544055677,-1.3325326604649135,Stage 4 — Declining,127.12568679510379,220.0,False,108.6500015258789,0.8010373909590992,0.6186901909368657,212905772.39660034,127.0024006652832,True,-3.981025260514026,False,-44.20454545454545,False,False,False,False,True,False,False,False,128.51220031738282,134.28000030517578,False,3.6915916462849143,2,1.4318166128332965,20.850543045701183,1.4177692141394984,False,145.32000732421875,0.005300956294269876,0.00896907649957373,False,18.38697134355907,14.0,True,False,0,False,False,False,False,False,False,False,False,0,False,False,,KNR Constructions Ltd.,Construction,EQ,INE634I01029,SELL,Stage 4 takes precedence: the guide requires SELL regardless of RS.
KPIGREEN,2026-09-04,307.0,-0.24430769230769234,-0.11654676258992802,-0.30469675360109094,-0.37173617952757376,-0.2563190160667955,394.2976040774829,-1.5590876721428892,Stage 4 — Declining,364.62745157877606,541.6977805031639,False,301.20001220703125,0.5448620843397272,0.3017194670150862,564759059.273407,363.9460003662109,True,-22.140029047787003,False,-43.32633231119416,False,False,False,False,True,True,False,False,394.52300130208334,404.68396072387696,False,2.8420201120070385,2,1.6087369417040438,28.26863143958882,0.81307844494266,False,419.8999938964844,0.013201944377368791,0.022605437866118155,False,36.77524231155842,4.0,True,False,0,False,False,False,False,False,False,False,False,0,False,False,,KPI Green Energy Ltd.,Power,EQ,INE542W01025,SELL,Stage 4 takes precedence: the guide requires SELL regardless of RS.
KPITTECH,2026-09-07,562.25,-0.27102390317906366,-0.18832207807221135,-0.5514685031395584,-0.5391002374368983,-0.3641877250013591,687.5223012427762,-4.135762701949597,Stage 4 — Declining,587.1410701976102,1313.886868193049,False,538.453356900547,0.32196278554663393,0.5550571181832749,829185629.5365295,584.7591589355469,True,-18.220834584759217,False,-57.20712234735657,False,False,False,False,True,True,False,False,694.8837373860678,812.7116259765625,False,2.7497944895151814,2,0.3012069115456625,24.16200774720661,0.4220050869187973,False,710.0047626599895,0.024280755001655704,0.055248253867351056,False,26.279193003110635,2.0,True,False,0,False,False,False,False,False,False,False,False,0,False,False,,KPIT Technologies Ltd.,Information Technology,EQ,INE04I401011,SELL,Stage 4 takes precedence: the guide requires SELL regardless of RS.
KRBL,2026-09-04,421.95001220703125,0.20196560854426138,0.3165366995539196,0.059377416868904076,-0.06637675291648004,0.14269371611897327,358.12241316170525,1.7333008963694496,Stage 2 — Advancing,381.30980188706343,474.8487044763946,False,274.6499938964844,0.5001260392181279,3.1383581969298233,476671066.10478055,381.2289978027344,False,17.82284400516019,False,-11.140115108388803,True,True,True,True,False,False,False,False,357.902666015625,364.0932490539551,True,4.056843666789323,2,1.2509629874751773,25.022082784324695,2.8680275623790568,False,452.79998779296875,0.01814514850549612,0.020258971438044938,False,7.311286809680406,66.0,True,True,5,True,False,True,True,True,True,True,False,6,False,False,,KRBL Ltd.,Fast Moving Consumer Goods,EQ,INE001B01026,HOLD,Stage 2 + RS 66; trend/leadership is adequate without a stronger entry trigger.
KRN,2026-09-04,1578.699951171875,0.29646055225064694,0.7175650429626663,1.0313966436044915,0.8238216216483019,0.6331408825433507,1148.3705465238388,5.34039988744941,Stage 2 — Advancing,1326.735294117647,1668.0,False,589.7999877929688,2.639956868303045,1.556869152111873,427684816.5666565,1329.45,False,37.4730443889091,True,-5.353719953724523,True,True,True,True,False,False,False,False,1135.7373319498697,1035.752498779297,True,5.02493069345647,2,1.2553987957970711,31.05515587529976,1.7652222808576408,False,1668.0,0.0678889542147424,0.06841475134348911,False,5.656556127834,95.0,True,True,5,True,True,True,True,True,True,True,True,8,True,False,,KRN HEAT EXCHANGER AND REFRIGERATION Ltd.,Capital Goods,EQ,INE0Q3J01015,WAIT,"Stage 2 + RS 95; wait because price is more than 20% above the 30-week line (currently +37%) — the guide treats that as poor entry timing, not a failed trend."
KSB,2026-09-04,813.5499877929688,0.022625856672986666,0.10646654224468755,0.08143936259252005,0.0026590483090906947,0.04716333329845432,838.7791229666096,0.7813649647199883,Stage 1 — Basing,858.6313680013021,1023.2461180887996,False,663.373535570316,0.5889689514610763,2.204170998922655,143070637.4613037,857.1169958496093,True,-3.007840143232221,False,-20.493225098913392,False,False,True,True,False,False,False,False,835.2313940429688,810.2100567626953,True,2.7349266761968334,1,1.1841113841146793,20.18277894135699,1.4198152053289124,False,973.8499755859375,0.0349851520750874,0.04360534111391643,False,19.703766234185196,51.0,True,True,3,False,True,True,True,False,False,True,False,4,False,False,2.0,KSB Ltd.,Capital Goods,EQ,INE999A01023,WATCH,Stage 1 + RS 51; adequate RS in a basing stage remains WATCH.
KAJARIACER,2026-09-07,1220.5,0.1261302316046986,0.3058363752412445,0.15720115341230922,0.007688125865874085,0.144597223545765,1111.5821901086258,2.013831996374482,Stage 2 — Advancing,1218.7666685814952,1285.36522978804,False,869.5999755859375,0.44268900547418105,1.3958236986328512,307570913.9733826,1219.0240014648436,False,9.79844863120114,False,-5.046443476515739,True,True,True,True,False,False,False,False,1106.4996655273437,1082.9894979858398,True,2.5768137818132937,0,1.1969817455570912,9.145096124387255,0.8688035172861894,False,1275.0,0.0527072680827404,0.05430438763459336,False,4.4653830397378025,66.0,True,True,5,True,True,True,True,True,True,True,False,7,False,False,,Kajaria Ceramics Ltd.,Consumer Durables,EQ,INE217B01036,HOLD,Stage 2 + RS 66; trend/leadership is adequate without a stronger entry trigger.
KPIL,2026-09-04,1406.5999755859375,0.09810070127542403,0.2631336226198131,0.21268189649093827,0.12404276503859868,0.15921193734003963,1252.2378832673373,1.5419537365200187,Stage 2 — Advancing,1348.1450913373162,1468.0,False,999.0966928066694,0.6166637094848754,3.4636595207807006,505091517.6868164,1347.643994140625,False,12.326898457650781,False,-4.182562970985182,True,True,True,True,False,False,False,False,1248.5251196289062,1225.40025390625,True,2.2541692841844707,3,0.8957646031281469,14.291556459681539,0.5255956339616759,False,1468.0,0.06048812585958908,0.062064352686721995,False,4.365137599869895,69.0,True,True,5,True,True,True,True,True,True,True,False,7,False,False,,Kalpataru Projects International Ltd.,Construction,EQ,INE220B01022,HOLD,Stage 2 + RS 69; trend/leadership is adequate without a stronger entry trigger.
KALYANKJIL,2026-09-04,598.7999877929688,0.6536867652572929,0.5205688327948197,0.2217914310053981,0.19306633806508833,0.44856002647597837,446.192463914009,3.5719178663991658,Stage 2 — Advancing,549.1774453555836,648.9500122070312,False,327.04998779296875,0.363897269552396,1.3639844747547674,5807995977.09361,552.604994506836,False,34.20217422326759,True,-7.7278717113365865,True,True,True,True,False,False,False,False,444.37933166503905,451.09674880981447,True,3.2994565590682963,3,0.3852491953670041,46.32098011389154,0.38479439052627235,False,648.9500122070312,0.025750241472351415,0.027173596920235462,False,8.375087748231813,90.0,True,True,5,True,False,True,True,True,True,True,True,7,False,False,,Kalyan Jewellers India Ltd.,Consumer Durables,EQ,INE303R01014,WAIT,"Stage 2 + RS 90; wait because price is more than 20% above the 30-week line (currently +34%) — the guide treats that as poor entry timing, not a failed trend."
KANSAINER,2026-09-04,194.1999969482422,-0.08021106356457108,0.00812035256632404,-0.14433120619998097,-0.19210287636488377,-0.09774717142553657,199.98514656856142,-0.8390117776525319,Stage 4 — Declining,202.8258819580078,260.8927950067185,False,156.051448925647,9.27702234719372,0.4621281462358159,61622126.02898331,202.68419952392577,True,-2.892789649423233,False,-25.563296240802213,False,False,True,False,True,True,False,False,200.78261728922527,207.74086647033693,False,2.3789904991980158,3,1.039694463615634,12.53891186757126,1.228606671541291,False,218.44000244140625,0.008351197256664111,0.010829992117594113,False,12.481980367705404,22.0,True,False,1,False,False,False,False,False,False,False,False,0,False,False,,Kansai Nerolac Paints Ltd.,Consumer Durables,EQ,INE531A01024,SELL,Stage 4 takes precedence: the guide requires SELL regardless of RS.
KTKBANK,2026-09-07,333.6000061035156,0.2732824660439528,0.5316804473333234,0.5649482055121329,0.9697701665566283,0.5225927502979981,261.76876684737533,3.9641207091009933,Stage 2 — Advancing,297.89215626436123,345.8999938964844,False,168.72774797088326,0.3964448194233506,2.1533119962146703,923716863.5862335,298.4779992675781,False,27.44072187115494,True,-3.5559375570991536,True,True,True,True,False,False,False,False,260.0796664428711,244.63289962768556,True,3.241692170402615,3,1.0473252611107249,24.530213241029493,0.8929250705910775,False,345.8999938964844,0.014406509589595929,0.014625346460330292,False,3.687046633072333,92.0,True,True,5,True,True,True,True,True,True,True,True,8,True,False,,Karnataka Bank Ltd.,Financial Services,EQ,INE614B01018,WAIT,"Stage 2 + RS 92; wait because price is more than 20% above the 30-week line (currently +27%) — the guide treats that as poor entry timing, not a failed trend."
KARURVYSYA,2026-09-07,341.70001220703125,0.23271002911121297,0.10176796309684177,0.3876993051666606,0.6708275350747546,0.3251429723121366,304.8151008919494,1.119270623876889,Stage 2 — Advancing,327.03055108762254,358.6499938964844,False,202.02872964995075,0.2926301816513984,1.8928817230620223,551024417.3850174,327.6402893066406,False,12.100749341863093,False,-4.726051018516209,True,True,True,True,False,False,False,False,304.98317260742186,293.3089277648926,True,2.4363486070580564,2,0.804234405191698,20.0972558460044,0.4658475287600669,False,358.6499938964844,0.01475630819112795,0.01505114112342994,False,4.960486123478214,84.0,True,True,5,True,True,True,True,True,True,True,True,8,True,False,,Karur Vysya Bank Ltd.,Financial Services,EQ,INE036D01028,HOLD,Stage 2 + RS 84; trend/leadership is adequate without a stronger entry trigger.
KSCL,2026-09-04,744.0999755859375,-0.13264954608883406,0.04128183740254321,-0.23201573244264462,-0.3681869738037211,-0.16484399220429813,853.9510325464709,-0.9254538987053085,Stage 4 — Declining,817.1490179323682,1218.7102069676118,False,705.0999755859375,0.4209936750380612,0.8417867609178281,131274626.51734924,814.9799987792969,True,-12.863859023972246,False,-38.94364949667543,False,False,False,False,False,False,False,False,856.0593314615885,877.1904983520508,False,2.4550266607411464,2,0.9932285087139877,20.76334820419099,0.5180776371573346,False,928.7999877929688,0.03199858791168411,0.052002503523755135,False,24.821934990871377,11.0,True,False,0,False,False,False,False,False,False,False,False,0,False,False,,Kaveri Seed Company Ltd.,Fast Moving Consumer Goods,EQ,INE455I01029,SELL,Stage 4 takes precedence: the guide requires SELL regardless of RS.
KAYNES,2026-09-04,3598.0,0.12772292744084002,-0.027672658373732006,-0.27721976697468864,-0.46838061465721037,-0.10356543702479021,3632.4328847388697,0.494488135741733,Stage 1 — Basing,3546.1431525735293,7705.0,False,2995.0,0.9353004491015143,0.4936969425533691,5055991980.186157,3551.7720166015624,False,-0.9479290005201313,False,-53.30304996755353,False,True,False,True,True,True,False,False,3631.680675455729,3782.1520056152344,False,4.053243768704588,2,1.5827335063292207,24.47606610763152,0.9930350445261373,False,4117.89990234375,0.15472506797971633,0.3271505202611,False,14.449691560415513,20.0,True,False,2,False,False,False,False,True,False,False,False,1,False,False,2.0,Kaynes Technology India Ltd.,Capital Goods,EQ,INE918Z01012,AVOID,Stage 1 + RS 20; weak RS in a basing stage is AVOID.
KEC,2026-09-07,401.6499938964844,-0.18260255036990813,-0.256557900712585,-0.42274719392669213,-0.5236759139439066,-0.3136372218646,513.7312325255511,-2.711805935078271,Stage 4 — Declining,461.26631972369023,927.0025895267679,False,399.54998779296875,0.581499844562093,0.533526000275795,480967784.9021805,460.3023272705078,True,-21.817096476316,False,-56.672182102368716,False,False,False,False,True,True,False,False,516.3252848307292,559.6211764526367,False,2.6168843991778514,3,0.6243011528324636,26.641774588582617,0.5195956327712825,False,544.6560158075788,0.017345246951030763,0.037956167467320695,False,35.60463689387004,2.0,True,False,0,False,False,False,False,False,False,False,False,0,False,False,,Kec International Ltd.,Construction,EQ,INE389H01022,SELL,Stage 4 takes precedence: the guide requires SELL regardless of RS.
KFINTECH,2026-09-07,922.5,0.0761246031969236,0.02436685658563098,-0.12322694696042336,-0.14023835622828085,-0.017369848041845208,904.6017439332727,-0.3736108036330954,Stage 3 — Topping,918.2961569393383,1198.7685004367224,False,774.4636355142945,0.24314711755288515,1.2705150999629056,977686647.0696045,919.5083447265625,False,1.9785785498162234,False,-23.046026012201292,True,True,True,False,False,False,False,False,906.8322041829427,941.0343814086914,False,2.9454139180761225,2,0.6691884508799366,16.686325902430323,0.6064175315647832,False,992.4000244140625,0.03983814404451292,0.04867624646633792,False,7.57723841886857,37.0,True,False,3,False,False,False,False,True,False,True,False,2,False,False,,Kfin Technologies Ltd.,Financial Services,EQ,INE138Y01010,SELL,Stage 3 + RS 37; RS below 50 in Stage 3 triggers SELL.
KIRLOSBROS,2026-09-04,1862.0,0.15084131695414738,0.2526515415612731,0.14435888273511122,-0.0740245921423448,0.12493369321246686,1732.7877230709546,1.3854345734823026,Stage 2 — Advancing,1902.9441827512255,2180.905610301624,False,1329.942047366491,0.19918107056290899,1.4056910427784248,79734512.3298767,1900.786015625,True,7.456901685571005,False,-14.622623225657104,True,False,True,True,False,False,False,False,1728.0337296549478,1697.5422790527343,True,2.323922237333608,4,0.32815074432391145,14.35616938598093,0.1478557432715894,True,2090.0513057002313,0.08007172778716837,0.08895682802785479,False,12.247653367359357,64.0,True,True,4,True,True,True,True,False,True,True,False,6,False,False,,Kirloskar Brothers Ltd.,Capital Goods,EQ,INE732A01036,HOLD,Stage 2 + RS 64; trend/leadership is adequate without a stronger entry trigger.
KIRLOSENG,2026-09-04,2201.89990234375,0.13162483029985173,0.557751699859562,0.8972112894709716,1.5112937790083518,0.6459012857877178,1828.423802205961,3.545855559604183,Stage 2 — Advancing,2215.8345372817093,2714.2611782271474,False,852.4932940420172,0.6715430732668096,1.1209787840800147,973498674.3154968,2210.5700561523436,True,20.426123291941224,True,-18.876638696135075,True,False,True,True,False,False,False,False,1811.2792122395833,1650.4505749511718,True,3.641984127001727,2,1.0331505810461104,22.114058889555317,0.5177153331663282,False,2566.5735965947383,0.09468846917028001,0.11061827096550143,False,16.56177439595785,95.0,True,True,4,True,True,True,True,False,True,True,True,7,False,False,,Kirloskar Oil Eng Ltd.,Capital Goods,EQ,INE146L01010,WAIT,"Stage 2 + RS 95; wait because price is more than 20% above the 30-week line (currently +20%) — the guide treats that as poor entry timing, not a failed trend."
KIRLPNU,2026-09-04,760.4500122070312,-0.04400626576079392,0.34011849719127407,0.4479925731651433,0.19693482710500443,0.1794066731879668,723.3772098070955,1.5105180804891427,Stage 2 — Advancing,797.6677413641238,1093.5391904117103,False,491.28502367158194,0.42538506297517503,3.7484440646037207,138047955.1788147,794.7157250976562,True,5.124961347596502,False,-30.459738537516255,True,False,True,True,False,False,False,False,719.4185656738281,671.5628533935546,True,3.1424061168917445,2,0.5455834879592288,30.403133525909148,0.29267630204931744,True,1015.3474721123118,0.032701689781520014,0.04475052491308403,False,33.51929197364325,71.0,True,True,4,True,True,True,True,False,True,False,True,6,False,False,,Kirloskar Pneumatic Company Ltd.,Capital Goods,EQ,INE811A01038,HOLD,Stage 2 + RS 71; trend/leadership is adequate without a stronger entry trigger.
KITEX,2026-09-04,128.85000610351562,-0.21514279380744294,-0.20399079514252594,-0.35834864961880764,-0.2805669916405231,-0.25463840480334854,158.68267142935974,-2.3272798241784742,Stage 4 — Declining,142.4070587158203,232.6999969482422,False,122.75,1.390178638410101,1.0055841512829873,85977218.40718803,142.00660003662108,True,-18.80020361210306,False,-44.62827340209428,False,False,False,False,False,False,False,False,159.66346689860026,165.6718000793457,False,3.2773435304682956,3,1.1796487152770285,24.647019890005577,0.6708228067406236,False,162.89999389648438,0.005540946624111539,0.009377031919872613,False,26.426066107915936,4.0,True,False,0,False,False,False,False,False,False,False,False,0,False,False,,Kitex Garments Ltd.,Textiles,EQ,INE602G01020,SELL,Stage 4 takes precedence: the guide requires SELL regardless of RS.
KOTAKBANK,2026-09-07,422.1000061035156,0.12022443408364447,0.05760071423399182,-0.01891337318859243,0.08668394346190356,0.07316403053491838,390.7455049279618,0.1355428255473301,Stage 2 — Advancing,394.9697828105852,452.4189269358333,False,344.9045390549985,0.48393951284969966,1.1182302900913017,4776273321.9273205,394.9728112792969,False,8.024276870781755,False,-6.7015146863247494,True,True,True,True,False,False,False,False,391.36822713216145,399.9863731384277,False,1.816597879121824,1,0.777082398564729,14.293853452722729,1.013812464870969,False,429.1000061035156,0.018228380319069527,0.01870494643148277,False,1.6583747687232586,57.0,True,True,5,True,False,False,False,True,False,True,False,3,False,False,,Kotak Mahindra Bank Ltd.,Financial Services,EQ,INE237A01036,HOLD,Stage 2 + RS 57; trend/leadership is adequate without a stronger entry trigger.
KIMS,2026-09-04,764.0999755859375,-0.0010459521539927241,0.08183489847363723,0.08145211066061453,0.035225580354964814,0.039284137036246225,740.082193034969,1.3697736299365548,Stage 2 — Advancing,797.3490205652573,858.0,False,575.7999877929688,0.2725206737604496,0.9647520726631466,417620286.4517517,797.3890014648438,True,3.2452858313581467,False,-10.944058789517774,True,False,True,True,False,False,False,False,736.5206681315104,713.0947500610351,True,2.615588804129691,3,0.5934516934084261,12.785549208278702,1.1367335516043986,False,858.0,0.03285864943463973,0.036506782289869845,False,12.288971000431825,49.0,True,False,3,True,True,True,True,False,True,True,False,6,False,False,,Krishna Institute of Medical Sciences Ltd.,Healthcare,EQ,INE967H01025,WAIT,Stage 2 + RS 49; wait because the close is below its 50-session average — short-term timing has weakened even though the 30-week trend is intact.
LTF,2026-09-07,312.5,0.16344003313077282,0.16115281610174237,0.019759127715569313,0.369647448867777,0.1754878917893269,290.20748660989005,0.8018822725286645,Stage 2 — Advancing,314.75490016563265,338.6000061035156,False,228.35887304229814,0.3304929529779911,0.9617383814900226,1447335404.3692093,315.0689984130859,True,7.681577636236714,False,-7.708211941241494,True,False,True,True,False,False,False,False,289.9944692993164,291.9485540008545,True,2.7462862723214285,3,0.6107372334155786,12.241586373261699,0.6875704170416006,False,338.6000061035156,0.013495306248141232,0.014321103240890995,False,8.352001953124999,71.0,True,True,4,True,False,True,True,False,True,True,True,6,False,False,,L&T Finance Ltd.,Financial Services,EQ,INE498L01015,HOLD,Stage 2 + RS 71; trend/leadership is adequate without a stronger entry trigger.
LTTS,2026-09-04,3493.300048828125,0.06760182896920441,0.0649617769670714,-0.24597321738734512,-0.14977319650847765,-0.03911619579806851,3420.4463308674017,-0.32867551213193735,Stage 3 — Topping,3442.3666609221814,4673.3032272251885,False,2976.4372238818078,0.3064233727610197,2.0664814526704154,370011803.5388794,3444.76599609375,False,2.129947700195256,False,-25.249874040330567,True,True,True,False,False,False,False,False,3428.9243115234376,3643.5399279785156,False,2.482711169666814,2,0.650721533692414,18.284789644012946,0.6770114104407506,False,3708.0,0.1502226480068032,0.19592790201720264,False,6.1460495282648075,34.0,True,False,3,False,False,False,False,True,False,False,False,1,False,False,,L&T Technology Services Ltd.,Information Technology,EQ,INE010V01017,SELL,Stage 3 + RS 34; RS below 50 in Stage 3 triggers SELL.
LGEINDIA,2026-09-04,1640.699951171875,,,,,,1555.6541146056293,0.9501800329685395,Stage 2 — Advancing,1589.3294199027266,,False,,0.6210155289215002,1.6875775579783465,1830705750.1032531,1589.6900073242186,False,5.466885972130475,False,,True,True,True,True,False,False,False,False,1554.0180045572918,1544.2685040283204,False,2.5093825964455836,1,1.711290380529518,15.39600861378205,0.6649075741543002,False,1755.0,0.07055514493590484,,False,6.966541855900332,,True,False,4,True,True,False,True,True,False,False,False,4,False,False,,LG Electronics India Ltd.,Consumer Durables,EQ,INE324D01010,WAIT,Stage 2 + RS unavailable; wait for a clearer entry trigger; no breakout setup is present.
LICHSGFIN,2026-09-04,562.0499877929688,0.05093024046723493,0.1068243551606558,0.048240241943966256,0.034340623545417115,0.05825314031690182,523.5013254244034,0.35584817534868307,Stage 2 — Advancing,523.3403194651884,586.4255760885916,False,449.86740023054796,3.450592411460353,2.1203955469351055,1708863942.6893418,523.0265814208984,False,7.3636226875479105,False,-4.156637992873014,True,True,False,True,False,False,False,False,522.8523598225911,523.0792161560058,False,2.5901360445162265,2,2.395956490997471,16.215051475367353,3.185068748353049,False,579.4000244140625,0.02416987842392046,0.025656417299230884,False,3.086920558298223,53.0,True,True,4,True,False,False,False,True,False,True,False,3,False,False,,LIC Housing Finance Ltd.,Financial Services,EQ,INE115A01026,HOLD,Stage 2 + RS 53; trend/leadership is adequate without a stronger entry trigger.
LTFOODS,2026-09-07,448.95001220703125,0.1693616503083255,0.1436565602115849,0.1383432051378677,0.020567376919747637,0.12825808857717025,402.2401557817851,1.1687481861652804,Stage 2 — Advancing,406.56975540460326,490.70001220703125,False,331.4598565571745,0.47931477823812096,10.28059598386008,1224779668.0666442,407.220126953125,False,11.612429975933637,False,-8.508253303728319,True,True,True,True,False,False,False,False,402.2738950602214,397.1926225280762,True,3.807295606713791,2,0.9165942444704523,25.540656696657667,0.5687498316539803,False,490.70001220703125,0.01938789729549002,0.020026340335039063,False,9.299476303554965,64.0,True,True,5,True,True,True,True,True,True,True,False,7,False,False,,LT Foods Ltd.,Fast Moving Consumer Goods,EQ,INE818H01020,HOLD,Stage 2 + RS 64; trend/leadership is adequate without a stronger entry trigger.
LTM,2026-09-07,4448.0,0.10448948498464206,0.050235220535464586,-0.28359671959085875,-0.12898977391703437,-0.030674460600628884,4291.19498976616,-1.9685499242060978,Stage 3 — Topping,4302.2451076133575,6344.474916122625,False,3528.0,0.7752162367484784,0.7822998441783242,1646066247.4192872,4314.5680078125,False,3.6541105824320796,False,-29.891755286214295,True,True,True,False,False,False,False,False,4328.0391455078125,4749.868302001953,False,2.862602931745006,3,0.3458316450825739,27.25773195876289,0.6628959908865024,False,4850.0,0.19208679101354303,0.2704860136237232,False,9.037769784172657,36.0,True,False,3,False,False,False,False,True,False,False,False,1,False,False,,LTM Ltd.,Information Technology,EQ,INE214T01019,SELL,Stage 3 + RS 36; RS below 50 in Stage 3 triggers SELL.
LT,2026-09-07,3999.0,0.011585563440712932,0.02234536764048234,-3.473648166330001e-05,0.1363292271694998,0.03636219704194894,3959.734184369649,0.20546745985701165,Stage 2 — Advancing,3980.5333371629904,4397.052414797838,False,3256.294765660181,0.7298701109831099,0.6624687564592373,5302458279.619861,3976.84,False,0.9916275639245242,False,-9.052710253310426,True,True,True,True,True,False,False,False,3961.4749088541666,3960.4761474609377,True,1.236021983313909,2,0.5150318460008374,11.297625703495045,0.6713386853360203,True,4193.7998046875,0.1726967349962137,0.18630503379242058,False,4.871212920417611,49.0,True,False,4,True,True,True,True,True,False,True,False,6,False,False,,Larsen & Toubro Ltd.,Construction,EQ,INE018A01030,REDUCE,Stage 2 + RS 49; distribution warning (U/D 0.66) triggers REDUCE.
LATENTVIEW,2026-09-04,267.25,-0.1269193248247682,-0.15266326832044075,-0.4160384495483045,-0.3771122069604691,-0.23993051489575018,304.9808217923935,-2.9853878322322336,Stage 4 — Declining,290.6509794347426,517.5,False,248.0,0.34513001668138554,0.5936545793125977,145475116.58124238,290.5059991455078,True,-12.37153915798601,False,-48.35748792270531,False,False,False,False,True,True,False,False,308.79033325195314,345.96350021362304,False,3.0014688567523886,3,0.6064175746916792,19.319582006880363,0.6271926126061174,False,324.79998779296875,0.011492572100494494,0.02135119358331008,False,21.534139492224046,5.0,True,False,0,False,False,False,False,False,False,False,False,0,False,False,,Latent View Analytics Ltd.,Information Technology,EQ,INE0I7C01011,SELL,Stage 4 takes precedence: the guide requires SELL regardless of RS.
LAURUSLABS,2026-09-04,1840.0,0.2892377122695209,0.7871452660203992,0.8172984111804515,1.1088567048484403,0.6583551613176666,1359.3914995585403,4.558105112457178,Stage 2 — Advancing,1710.9647121055452,1949.0,False,821.6033975811163,0.3671084894445941,0.5824384233351583,6555576715.052478,1716.1840063476564,False,35.35467895727877,True,-5.5926115956901,True,True,True,True,True,True,False,False,1348.9407067871093,1271.1414825439454,True,2.4596277082928957,2,1.1977791121224297,25.695230827507697,2.504016169692438,False,1949.0,0.07912566011191718,0.08238926477124119,False,5.923913043478257,96.0,True,True,5,True,True,True,True,True,True,True,True,8,True,False,,Laurus Labs Ltd.,Healthcare,EQ,INE947Q01028,REDUCE,Stage 2 + RS 96; distribution warning (U/D 0.58) triggers REDUCE.
LXCHEM,2026-09-04,172.0399932861328,0.06965936547607887,0.5144812328820485,-0.021058658183004342,-0.1949697735589131,0.08755430641845774,151.41980706828915,1.2551752505064906,Stage 2 — Advancing,171.76216634114584,240.59049253763015,False,107.41716450845627,0.27091568730861765,1.1390240218816152,110947882.45693588,172.08291076660157,True,13.61789228046244,False,-28.492605226607417,True,True,True,True,False,False,False,False,151.2291970316569,154.481360206604,False,3.202329323396697,2,1.0159114005097498,26.645959160095135,0.42355704649194076,False,203.8000030517578,0.007398248931747315,0.010070835527316354,False,18.46082946120702,59.0,True,True,5,True,False,False,True,False,True,False,False,3,False,False,,Laxmi Organic Industries Ltd.,Chemicals,EQ,INE576O01020,HOLD,Stage 2 + RS 59; trend/leadership is adequate without a stronger entry trigger.
IXIGO,2026-09-04,166.75,0.09051073184507508,0.005426553291307368,-0.3217409157606871,-0.41603919758911656,-0.11026641927366923,178.80116366033684,-1.6540760998629334,Stage 4 — Declining,187.97666512283624,339.1499938964844,False,151.27000427246094,2.8150373126141766,1.0821451570494574,175451506.9578293,187.93959838867187,True,-6.73998055361098,False,-50.83296388001837,False,False,True,False,False,False,False,False,179.6311993408203,195.89914909362793,False,3.1814107856088696,2,0.577799196472128,30.371034138693187,0.9999184994024183,False,223.6999969482422,0.007170762947642495,0.014240062157543358,False,34.15292170809128,19.0,True,False,1,False,False,False,False,False,False,False,False,0,False,False,,Le Travenues Technology Ltd.,Consumer Services,EQ,INE0HV901016,SELL,Stage 4 takes precedence: the guide requires SELL regardless of RS.
THELEELA,2026-09-04,554.0499877929688,0.3257956350442286,0.26582127562496893,0.37056274036603276,0.3475617074494288,0.3271073987057776,456.80034579573004,2.0816160133267925,Stage 2 — Advancing,508.4490218817019,582.8499755859375,False,384.5,1.0454272370182187,2.516825159240506,346489861.78407896,508.94000244140625,False,21.289310065611545,True,-4.9412351375696995,True,True,True,True,False,False,False,False,456.09733439127604,446.40875061035155,True,3.5756174747180585,1,0.9035726910326047,20.897313699039543,1.0145230374348144,False,582.8499755859375,0.023825853814738212,0.024650918211160826,False,5.198084726559071,84.0,True,True,5,True,True,True,True,True,True,True,True,8,True,False,,Leela Palaces Hotels & Resorts Ltd.,Consumer Services,EQ,INE0AQ201015,WAIT,"Stage 2 + RS 84; wait because price is more than 20% above the 30-week line (currently +21%) — the guide treats that as poor entry timing, not a failed trend."
LEMONTREE,2026-09-04,104.94999694824219,-0.05501531374631996,-0.05857558496642501,-0.35256019126105365,-0.38607780741863684,-0.1814488422277511,113.34308221895401,-1.1461037922147699,Stage 4 — Declining,111.74078458898208,180.67999267578125,False,99.61000061035156,1.1913196692461103,0.7863036622976788,334141527.4238571,111.5818002319336,True,-7.405026496895695,False,-41.913880228804146,False,False,False,False,False,False,False,False,113.77919998168946,123.30715011596679,False,2.035663549434334,2,0.8521444048954333,14.635144194310753,0.9058360090102945,False,122.6500015258789,0.004513172710474651,0.0077771192634986785,False,16.865178744469866,9.0,True,False,0,False,False,False,False,False,False,False,False,0,False,False,,Lemon Tree Hotels Ltd.,Consumer Services,EQ,INE970X01018,SELL,Stage 4 takes precedence: the guide requires SELL regardless of RS.
LENSKART,2026-09-04,684.9000244140625,,,,,,532.9746607950289,2.735205415829234,Stage 2 — Advancing,582.0715762867648,,False,,1.185354594825723,3.4148093722129467,9614192379.230417,583.5350079345703,False,28.50517572306519,True,,True,True,True,True,False,False,False,False,530.7826696777344,506.3817529296875,False,3.505726315278099,3,0.8952532858357628,27.864130539338028,2.8729794343272594,False,694.7999877929688,0.02945280790349505,,False,1.445461093007805,,True,False,4,True,True,False,True,True,False,False,False,4,False,False,,Lenskart Solutions Ltd.,Consumer Services,EQ,INE956O01016,WAIT,"Stage 2 + RS unavailable; wait because price is more than 20% above the 30-week line (currently +29%) — the guide treats that as poor entry timing, not a failed trend."
LICI,2026-09-07,411.5,0.05312842208324775,0.024312396611846365,-0.03173689501651589,-0.03995880746705793,0.011774707658953611,406.92767333984375,0.17666374100313575,Stage 2 — Advancing,420.84215590533086,457.74492274879265,False,352.4872671490231,0.26449001623074614,2.042721611003346,4964180147.504161,420.6339990234375,True,1.12362145897551,False,-10.102771314444825,True,False,True,True,False,False,False,False,407.19952596028645,409.1692864990234,False,2.0812347311461226,2,1.0829007678969047,13.78463167240485,0.7669785731159988,False,447.6000061035156,0.017770619267552374,0.019348206075778064,False,8.772783986273547,45.0,True,False,3,True,False,False,True,False,False,True,False,3,False,False,,Life Insurance Corporation of India,Financial Services,EQ,INE0J1Y01017,WAIT,Stage 2 + RS 45; wait because the close is below its 50-session average — short-term timing has weakened even though the 30-week trend is intact.
LINDEINDIA,2026-09-04,6346.0,-0.10075513384878587,-0.04574616611066873,0.0959934358157879,-0.01544764318085834,-0.03334212823466219,6984.103813275899,0.4211663532855292,Stage 1 — Basing,6846.045065487132,8035.3727195912315,False,5663.395514756716,0.3702556363520027,0.27401606980811183,140614552.75,6842.773720703125,True,-9.136516729074728,False,-21.02419860963427,False,False,False,True,True,True,False,False,6956.7582421875,6701.844028320313,True,2.0777992886407635,2,0.807951713734745,15.032919674608932,0.7483176546938874,False,7426.405586534384,0.2728975212338187,0.3503575691914487,False,17.0249856056474,35.0,True,False,1,False,True,True,False,False,False,True,False,3,False,False,2.0,Linde India Ltd.,Chemicals,EQ,INE473A01011,AVOID,Stage 1 + RS 35; weak RS in a basing stage is AVOID.
LLOYDSENGG,2026-09-04,84.20999908447266,0.18083614307178197,0.9208735840340305,0.6834449026044913,0.32728073271905433,0.45865430110022803,69.01589615704262,3.917825963535626,Stage 2 — Advancing,88.63941955566406,99.47641802454628,False,37.297425311917706,0.42421313386685017,0.2459960469198629,648797928.3216664,88.7186654663086,True,22.015367145065422,True,-15.346771871406306,True,False,True,True,True,True,False,False,68.46093694051106,64.32879587173461,True,3.6015403282691114,3,0.7362882779372343,18.796992765754396,0.30360532967387477,False,99.47641802454628,0.0036212890030341525,0.004074471779904527,False,18.12898599459618,90.0,True,True,4,True,True,True,True,False,True,True,True,7,False,False,,Lloyds Engineering Works Ltd.,Capital Goods,EQ,INE093R01011,REDUCE,Stage 2 + RS 90; distribution warning (U/D 0.25) triggers REDUCE.
LLOYDSENT,2026-09-04,74.2300033569336,0.10651579633688257,0.6119878390244711,0.37658276651755007,0.053622762771777355,0.2510449921975127,66.7951951222877,1.4616966849496649,Stage 2 — Advancing,77.13135723039215,84.69999694824219,False,40.66239061884169,0.8074456325974055,0.5302848175418297,262222514.15445748,77.21157745361329,True,11.130753074430523,False,-12.361267967585066,True,False,True,True,True,True,False,False,66.62536244710286,64.9554460144043,True,3.454513952999226,3,0.982332575843649,17.93387881854813,0.48118908742871486,False,84.69999694824219,0.0031921184868082607,0.0035260937311646736,False,14.10480010483608,78.0,True,True,4,True,True,True,True,False,True,True,True,7,False,False,,Lloyds Enterprises Ltd.,Metals & Mining,EQ,INE080I01025,REDUCE,Stage 2 + RS 78; distribution warning (U/D 0.53) triggers REDUCE.
LLOYDSME,2026-09-07,1803.0,0.014324536582136504,0.5237141042973488,0.47838850966501245,0.3948334549036925,0.28511702840606534,1650.6115664129388,2.7733725644564444,Stage 2 — Advancing,1889.7058799594056,2125.0,False,1042.2770517704853,0.48733298006525955,0.5310891841754469,848475276.1128784,1891.3859985351562,True,9.232240745666598,False,-15.152941176470591,True,False,True,True,True,True,False,False,1639.7860872395834,1541.944535522461,True,2.5552650344663657,2,0.6575412566882487,19.581175321691177,0.5906045259766854,False,2125.0,0.07786251892927565,0.08861298601921899,False,17.859123682750976,81.0,True,True,4,True,True,True,True,False,True,True,True,7,False,False,,Lloyds Metals And Energy Ltd.,Metals & Mining,EQ,INE281B01032,REDUCE,Stage 2 + RS 81; distribution warning (U/D 0.53) triggers REDUCE.
LODHA,2026-09-04,1222.0,0.3907491217883392,0.34336756962581627,0.10526635976551257,0.028769318153440304,0.25178029822428954,997.6893594820206,1.8707855922976968,Stage 2 — Advancing,1183.6422394397212,1340.2415520455131,False,648.5216337409466,0.3533416813320749,1.0725428255546734,1593902400.1239502,1188.432420654297,False,22.483014215410368,True,-8.822406070387057,True,True,True,True,False,False,False,False,998.3113252766927,1015.9826177978516,True,3.1932439262242074,2,0.41180927817219243,30.778094002266577,0.523699156806521,True,1340.2415520455131,0.05254975905258848,0.05617112103836807,False,9.676068088830858,78.0,True,True,5,True,False,True,True,True,True,True,True,7,False,False,,Lodha Developers Ltd.,Realty,EQ,INE670K01029,HOLD,Stage 2 + RS 78; trend/leadership is adequate without a stronger entry trigger.
LUMAXTECH,2026-09-07,1935.5,0.16666065761050386,0.2675696880420739,0.27347185298818544,0.8169645757813246,0.3382654864065184,1663.950000501659,2.4072403809749066,Stage 2 — Advancing,1709.4680080039827,2148.699951171875,False,1053.376768746109,0.44754642055133737,2.534619662575285,999575787.8675293,1713.6907543945313,False,16.319600914478947,False,-9.922276540081754,True,True,True,True,False,False,False,False,1659.4278304036459,1617.5677099609375,True,3.8140753588958187,3,1.280924021863366,35.779049274211694,0.6593056239682478,False,2148.699951171875,0.08358452877848754,0.08863407303612461,False,11.015239016888412,86.0,True,True,5,True,True,True,True,True,True,True,True,8,True,False,,Lumax Auto Technologies Ltd.,Automobile and Auto Components,EQ,INE872H01027,HOLD,Stage 2 + RS 86; trend/leadership is adequate without a stronger entry trigger.
LUPIN,2026-09-07,2105.0,-0.06501612783416388,-0.09537380639395443,0.010226248977568408,0.09072628135113181,-0.024890706346716394,2297.800455171768,0.025171431959836177,Stage 1 — Basing,2334.7778559666053,2523.699951171875,False,1886.322723198068,0.8580899983944202,0.5706746273035015,1711570157.598938,2333.6342822265624,True,-8.390652666893816,False,-16.590718360851596,False,False,True,True,True,True,False,False,2294.593408203125,2246.2601190185546,True,1.7502521764718357,1,1.128491309809836,16.96318349242895,0.8973440657463071,False,2523.699951171875,0.09090438288747935,0.11190751564979398,False,19.890734022416858,36.0,True,False,2,False,True,True,True,False,False,True,False,4,False,False,2.0,Lupin Ltd.,Healthcare,EQ,INE326A01037,AVOID,Stage 1 + RS 36; weak RS in a basing stage is AVOID.
MMTC,2026-09-07,63.81999969482422,-0.06188445038975743,0.11886393181054866,0.12895809433834948,-0.01115589108288817,0.022579446857299023,63.55006837191647,-0.1892232488868384,Stage 3 — Topping,63.92235318352194,78.3499984741211,False,50.099998474121094,0.37751517885350716,3.0842317100543704,243386801.32628784,63.86580024719238,True,0.4247537883484531,False,-18.544989230722344,True,False,True,False,False,False,False,False,63.56333323160807,63.19934995651245,False,2.9524987616365816,2,0.6998519778057395,14.207960773853578,0.2929705154024742,False,69.81999969482422,0.002756065410041385,0.003293437165911991,False,9.401441599327676,47.0,True,False,2,True,True,False,True,False,False,True,False,4,False,False,,MMTC Ltd.,Services,EQ,INE123F01029,SELL,Stage 3 + RS 47; RS below 50 in Stage 3 triggers SELL.
MOIL,2026-09-04,252.3000030517578,-0.1479230062441994,-0.12121212926484737,-0.22087718159089886,-0.25348612035144824,-0.17828428873911867,289.7669866901554,-1.9100121198156739,Stage 4 — Declining,270.21431358187806,398.6210131186603,False,242.35000610351562,0.3766023427505077,0.658731650843229,255546296.70652467,270.02760009765626,True,-12.93003874125268,False,-36.70679799896702,False,False,False,False,True,False,False,False,290.73176239013674,302.48096473693846,False,3.058434629697377,2,1.3999402039877167,18.916258162074094,0.8492818502168076,False,304.5,0.01084967624332014,0.01674616854939135,False,20.68965371258187,9.0,True,False,0,False,False,False,False,False,False,False,False,0,False,False,,MOIL Ltd.,Metals & Mining,EQ,INE490G01020,SELL,Stage 4 takes precedence: the guide requires SELL regardless of RS.
MRF,2026-09-07,128890.0,0.04542295414716446,-0.06964280155606917,-0.15725129572347651,-0.12815607656705963,-0.052840853110455284,132589.82421875,-0.20405552022014772,Stage 4 — Declining,132454.282935049,163308.4863287346,False,121787.43505408362,0.6606725509914468,0.6562356595714639,620142993.25,132626.69140625,True,-2.7904284816351654,False,-21.075748788370575,False,False,False,False,True,False,False,False,132752.33380208333,136684.257890625,False,1.6689203418197134,2,0.4925662046584908,10.457588676305424,0.7954618380299053,False,138747.82947281824,5.566112071433355,6.819602465538783,False,7.648250037100035,31.0,True,False,0,False,False,False,False,False,False,True,False,1,False,False,,MRF Ltd.,Automobile and Auto Components,EQ,INE883A01011,SELL,Stage 4 takes precedence: the guide requires SELL regardless of RS.
MSTCLTD,2026-09-07,785.6500244140625,0.53342453762308,0.7803082849452558,0.7065675011867469,0.5944211998567359,0.6296292122469798,535.591442369435,3.777902024463753,Stage 2 — Advancing,660.4480399337469,795.0,True,362.1499938964844,2.0516570763407604,4.648657683091463,339598882.608078,659.8400012207031,False,46.68830796443992,True,-1.1760975579795607,True,True,True,True,False,False,True,True,533.3801249186198,518.9420666503906,True,4.055786589434971,2,0.8645671347426616,28.30188679245283,0.41292413227379754,False,795.0,0.03392828058664771,0.03392828058664771,True,1.1900942271223958,95.0,True,True,5,True,True,True,True,True,True,True,True,8,True,False,,MSTC Ltd.,Services,EQ,INE255X01014,WAIT,"Stage 2 + RS 95; wait because price is more than 20% above the 30-week line (currently +47%) — the guide treats that as poor entry timing, not a failed trend."
MTARTECH,2026-09-04,7161.0,-0.0766552769002643,1.043372806391782,1.843697934577253,4.063998390236033,1.3595517154809078,5867.16233010488,4.627292787444537,Stage 2 — Advancing,6710.833333333333,8714.0,False,1400.0,1.3602850606858492,1.1804071516012513,710682090.975,6685.52,False,22.052188044232814,True,-17.821895799862286,True,True,True,True,False,False,False,False,5797.022000325521,4971.623999023437,True,3.3235581622678394,2,0.45946727822434674,34.65022647206845,0.17149443668234446,True,7948.0,0.3079450282942603,0.36184012766427875,False,10.99008518363358,98.0,True,True,5,True,True,True,True,True,True,True,True,8,True,False,,MTAR Technologies Ltd.,Capital Goods,BE,INE864I01014,WAIT,"Stage 2 + RS 98; wait because price is more than 20% above the 30-week line (currently +22%) — the guide treats that as poor entry timing, not a failed trend."
MGL,2026-09-04,1096.5999755859375,0.037197621753730425,0.01195532338569616,-0.038439937357043985,-0.12544037822974863,-0.015505949738727123,1084.8344023605873,0.3575903651701129,Stage 2 — Advancing,1100.325980392157,1341.9214475373328,False,885.652283987356,1.0728831062789734,1.8145484081312764,301400109.094574,1099.2150073242187,True,1.0845501580470263,False,-18.281358599760388,True,False,True,True,False,False,False,False,1083.1146048990886,1086.6395852661133,False,2.5657244295631525,2,0.6624898371213046,12.120201804786815,0.7067932386090369,False,1191.8910991232556,0.04715717225377694,0.05680567525571492,False,8.689688642971372,38.0,True,False,3,True,False,False,True,False,False,True,False,3,False,False,,Mahanagar Gas Ltd.,Oil Gas & Consumable Fuels,EQ,INE002S01010,WAIT,Stage 2 + RS 38; wait because the close is below its 50-session average — short-term timing has weakened even though the 30-week trend is intact.
MAHSCOOTER,2026-09-04,13602.0,0.09943869492425805,0.05107828651375912,-0.054821763833966974,-0.18330544261802928,0.0023656939820558,12815.955051185345,0.2037438004771186,Stage 2 — Advancing,13195.400179993872,18282.171657913605,False,10848.184744150401,0.24852216748768474,1.0292580673732692,46480698.65,13210.4,False,6.133331036784129,False,-25.599648365011106,True,True,True,True,False,False,False,False,12832.3767578125,13116.575166015626,False,2.544268699981095,2,0.8744083052180105,13.194299238526447,1.2581872537029488,False,14125.0,0.5849278417621182,0.769153128744121,False,3.8450227907660617,43.0,False,False,4,True,False,False,True,True,False,False,False,3,False,False,,Maharashtra Scooters Ltd.,Financial Services,EQ,INE288A01013,WAIT,Stage 2 + RS 43; wait because relative strength is below 50 — the trend has turned up but the stock still lags most of the universe.
MAHSEAMLES,2026-09-04,688.0999755859375,0.13626793347904598,0.26851435533429924,0.2204284662682947,0.08013963654870548,0.1683236650218783,593.4285052573845,1.5071365210330034,Stage 2 — Advancing,597.355224609375,695.7999877929688,True,493.1502386104819,5.844500091577924,3.9771463676854553,219891873.3119232,596.9238342285156,False,15.95330684148577,False,-1.1066416128369228,True,True,True,True,False,False,True,True,591.4261350504557,578.9049652099609,True,3.3011706020960125,3,1.2284242417333358,21.127005665912748,2.6978539341489904,False,695.7999877929688,0.029590415647408372,0.029590415647408372,True,1.1190252114853694,70.0,True,True,5,True,True,True,True,True,True,True,True,8,True,False,,Maharashtra Seamless Ltd.,Capital Goods,EQ,INE271B01025,WAIT,"Stage 2 + RS 70; wait because a breakout without leadership is not an entry: RS needs 80, short by 10."
M&MFIN,2026-09-07,372.3500061035156,0.31353271358451784,0.0473932827467789,0.035852174916314095,0.413767108279933,0.22481559862241235,331.28292783972336,0.3103990845888527,Stage 2 — Advancing,364.11982756969974,415.0,False,260.19587027403276,0.3987483012672617,0.47365048306511126,724638926.036998,365.2330242919922,False,12.396376273171782,False,-10.277106963008286,True,True,True,True,True,True,False,False,332.15174255371096,338.40999114990234,True,2.724972223085723,3,0.7096091245196373,26.709205713709938,0.3309792380696403,False,415.0,0.01607992756436544,0.017364971922881205,False,11.45427506307799,76.0,True,True,5,True,False,True,True,True,True,True,True,7,False,False,,Mahindra & Mahindra Financial Services Ltd.,Financial Services,EQ,INE774D01024,REDUCE,Stage 2 + RS 76; distribution warning (U/D 0.47) triggers REDUCE.
M&M,2026-09-07,3160.0,0.05021695468597698,-0.041805025368178206,-0.14094735148618676,-0.10336544839382322,-0.03713678317524685,3192.055806199165,-0.39290650427563634,Stage 4 — Declining,3271.1144253599878,3799.9943064302024,False,2865.903724597869,0.7460378176171387,0.4840729000312029,5850462932.065943,3275.3195849609374,True,-1.0042370229527586,False,-16.841980666845448,False,False,True,False,True,True,False,False,3200.9595768229165,3301.8361047363283,False,2.0580916723765257,2,1.5609127832825904,14.276562501436551,0.763301731553162,False,3534.60009765625,0.13646453678120415,0.15939129556332166,False,11.854433470134484,35.0,True,False,1,False,False,False,False,False,False,True,False,1,False,False,,Mahindra & Mahindra Ltd.,Automobile and Auto Components,EQ,INE101A01026,SELL,Stage 4 takes precedence: the guide requires SELL regardless of RS.
MANAPPURAM,2026-09-07,325.6000061035156,0.05949259401115836,0.24473122559801985,0.17128656132774034,0.15363017526013079,0.13772663004164154,310.74604149387307,1.2235817258498871,Stage 2 — Advancing,345.85479796166516,380.45671483079525,False,244.06078978586396,1.6189393024553949,0.6053001925298293,2345934865.3506727,346.48097106933596,True,4.780097773163572,False,-14.41864648168364,True,False,True,True,True,False,False,False,310.284941813151,305.78289169311523,True,3.2500450191844195,1,1.3598843066866462,17.966182624709372,0.8947015048872446,False,380.45671483079525,0.014061029749643513,0.015805066337803163,False,16.84788319992827,66.0,True,True,4,True,True,True,True,False,True,True,False,6,False,False,,Manappuram Finance Ltd.,Financial Services,EQ,INE522D01027,REDUCE,Stage 2 + RS 66; distribution warning (U/D 0.61) triggers REDUCE.
MRPL,2026-09-07,173.19000244140625,0.11807623799613975,-0.1438208759863442,0.15027839842843038,0.39841696781437297,0.12820539324974772,170.28330157554313,0.10046895551407697,Stage 2 — Advancing,166.98588262819777,212.0,False,122.41735527756306,0.1543792567392794,2.0500516686361627,2159018486.4157305,167.3418002319336,False,1.7069793919714416,False,-18.306602621978186,True,True,False,True,False,False,False,False,170.5089862060547,165.45206604003906,True,3.163742148330939,3,0.4412150589610045,23.650792036106978,0.3698817504420467,True,189.0,0.007479206790601936,0.009617745955988098,False,9.128701042626641,64.0,True,True,4,True,True,True,False,True,True,True,False,6,False,False,,Mangalore Refinery & Petrochemicals Ltd.,Oil Gas & Consumable Fuels,EQ,INE103A01014,HOLD,Stage 2 + RS 64; trend/leadership is adequate without a stronger entry trigger.
MANKIND,2026-09-04,2327.89990234375,-0.010667274822035666,0.054684647445643275,0.05511483063249378,-0.09381447668713072,-0.0010699096506129983,2320.317236328125,0.7652815118710299,Stage 2 — Advancing,2468.060781441483,2674.0,False,1909.699951171875,0.31453558989384445,0.8613648086901113,816035106.4134156,2468.17599609375,True,0.326794366602412,False,-12.94315997218587,True,False,True,True,False,False,False,False,2313.1073291015623,2282.053497314453,True,2.0647048119135922,2,0.9842860319319542,12.301286903860712,0.6401711480918718,False,2642.0,0.10010685676490041,0.11444249673421647,False,13.492852391978328,42.0,True,False,3,True,True,True,True,False,False,True,False,5,False,False,,Mankind Pharma Ltd.,Healthcare,EQ,INE634S01028,WAIT,Stage 2 + RS 42; wait because the close is below its 50-session average — short-term timing has weakened even though the 30-week trend is intact.
MANORAMA,2026-09-04,1993.4000244140625,0.3648750595097998,0.4647659553627561,0.45439957677065856,0.5045663730707866,0.43069640484476024,1510.931505177119,2.6993192492662965,Stage 2 — Advancing,1695.6823586856617,2043.0,True,1060.5999755859375,1.0239070135423605,6.389665840369478,1958384762.0197754,1698.126005859375,False,31.931859093796966,True,-2.427801056580392,True,True,True,True,False,False,False,False,1506.9993310546874,1456.8504986572266,True,3.4452988876316883,2,1.0498518311669258,26.52471974616067,0.5915301400164698,False,2043.0,0.0857223330428666,0.0857223330428666,True,2.4882098413998355,89.0,True,True,5,True,True,True,True,True,True,True,True,8,True,False,,Manorama Industries Ltd.,Fast Moving Consumer Goods,EQ,INE00VM01036,WAIT,"Stage 2 + RS 89; wait because price is more than 20% above the 30-week line (currently +32%) — the guide treats that as poor entry timing, not a failed trend."
MARICO,2026-09-04,815.1500244140625,0.002482370411159618,0.06092860082633056,0.1458443956835922,0.10868905254672967,0.06408535797579434,807.4346296754602,0.7940647741496054,Stage 2 — Advancing,848.5645392922794,889.0999755859375,False,687.1576231263153,0.5311613655518642,0.7651084768535815,1273432325.1470916,849.0950146484375,True,0.955544195782565,False,-8.31739435412089,True,False,True,True,False,False,False,False,805.3935762532552,788.5705978393555,True,1.7582211632334213,2,0.7542532479964053,8.435496801197555,0.9966968337722604,False,889.0999755859375,0.03505395857174354,0.038037339301649396,False,9.071943686075578,54.0,True,True,4,True,True,True,True,False,False,True,False,5,False,False,,Marico Ltd.,Fast Moving Consumer Goods,EQ,INE196A01026,HOLD,Stage 2 + RS 54; trend/leadership is adequate without a stronger entry trigger.
MARKSANS,2026-09-04,326.75,0.3701254528079081,0.9137420967462728,0.7446846682283146,0.9096153479158295,0.6616586037012467,228.48162476003986,4.832717589582969,Stage 2 — Advancing,285.27664274327896,344.5490677430362,False,154.57339337516265,0.4704837021336647,2.2170959912308175,2037099622.6963959,285.8748712158203,False,43.00931216817341,True,-5.165902162971658,True,True,True,True,False,False,False,False,227.05151275634765,215.37589805603028,True,3.7509326990050695,2,0.8915571321357072,30.636756012781753,0.6499348223153962,False,344.5490677430362,0.014051255131287467,0.014317825103527531,False,5.447304588534396,96.0,True,True,5,True,True,True,True,True,True,True,True,8,True,False,,Marksans Pharma Ltd.,Healthcare,EQ,INE750C01026,WAIT,"Stage 2 + RS 96; wait because price is more than 20% above the 30-week line (currently +43%) — the guide treats that as poor entry timing, not a failed trend."
MARUTI,2026-09-07,12760.0,-0.012402338959573767,-0.0897557112495656,-0.20844190351383307,-0.13473319531877137,-0.09154709760026353,13489.681707512842,-0.7974817794654476,Stage 4 — Declining,13667.428519454657,17197.28603290768,False,12079.682710510879,0.929029883617216,0.4899863687359335,4370024119.0,13675.2042578125,True,-5.409184021787993,False,-25.802245914947044,False,False,True,False,True,True,False,False,13525.378951822917,14142.517231445312,False,1.9105463502015225,2,1.1176815928556842,12.69541811776739,0.9409845939670639,False,14452.849699252605,0.5510403447241028,0.7130239895045918,False,13.266847172826068,23.0,True,False,1,False,False,False,False,False,False,False,False,0,False,False,,Maruti Suzuki India Ltd.,Automobile and Auto Components,EQ,INE585B01010,SELL,Stage 4 takes precedence: the guide requires SELL regardless of RS.
MASTEK,2026-09-07,1691.699951171875,0.027682773751564804,0.09278521879784685,-0.20596597843233466,-0.2924454193641671,-0.07005212629910507,1649.962375588613,-1.1748737185111935,Stage 3 — Topping,1726.7425561044731,2531.933728972172,False,1322.9728365112476,0.39872325724462365,2.4808851262256812,794788296.4727905,1730.2804565429688,True,2.5296077171682363,False,-33.18545695670267,True,False,True,False,False,False,False,False,1660.5673274739584,1771.8008917236327,False,5.169075908277349,2,1.252524040304805,20.7483101197283,9.221432918941357,False,1929.327088644918,0.07305602854729608,0.10799504019184075,False,14.046648006842698,27.0,True,False,2,False,False,False,False,False,False,False,False,0,False,False,,Mastek Ltd.,Information Technology,EQ,INE759A01021,SELL,Stage 3 + RS 27; RS below 50 in Stage 3 triggers SELL.
MFSL,2026-09-04,1548.4000244140625,-0.02092948187539523,-0.11408629067595999,-0.08346158278818738,-0.011238809441850295,-0.05012912933135763,1626.0506876070206,-0.32014365594088545,Stage 4 — Declining,1555.9882405598958,1892.5,False,1433.5999755859375,0.7038341100574861,2.146271420614425,1110017400.4007568,1554.8800048828125,True,-4.775414677093048,False,-18.18229725685271,False,False,False,False,False,False,False,False,1627.5293351236978,1638.769000854492,False,2.2428679535826035,2,1.2535867436920913,11.702767749699158,0.5721734228909213,False,1662.0,0.06658596415710401,0.0796254649129504,False,7.336603835880551,32.0,True,False,0,False,False,False,False,False,False,True,False,1,False,False,,Max Financial Services Ltd.,Financial Services,EQ,INE180A01020,SELL,Stage 4 takes precedence: the guide requires SELL regardless of RS.
MAXHEALTH,2026-09-04,984.7999877929688,0.021062023379368133,-0.06372765257560498,-0.0898144503386169,-0.14967230029163647,-0.05221807128942442,1034.5564044273062,0.11466736567806723,Stage 1 — Basing,1067.7498432234222,1219.732372328196,False,901.3980430128952,0.6515669347128532,0.6457916578863179,2002355450.637207,1066.677696533203,True,-4.809444552409969,False,-19.260978052652156,False,False,True,True,True,False,False,False,1033.772930094401,1040.4600164794922,False,2.4471971652048854,2,0.7858367953320802,16.063021893951326,0.8131003562168708,False,1167.9000244140625,0.04234942886539491,0.05115934752246327,False,18.592611585164477,31.0,True,False,2,False,False,False,True,False,False,True,False,2,False,False,2.0,Max Healthcare Institute Ltd.,Healthcare,EQ,INE027H01010,AVOID,Stage 1 + RS 31; weak RS in a basing stage is AVOID.
MAZDOCK,2026-09-04,2475.0,0.014014416217028813,0.14503933192484997,-0.058309635327210785,-0.06917176891704357,0.009117352022930647,2447.132514849101,0.2859114855741751,Stage 2 — Advancing,2460.0139638863357,3039.742679715149,False,2053.692522278021,0.9119934193863418,1.929188862064453,1955796066.4511476,2459.8533544921875,False,1.1387812054231006,False,-18.578634418097206,True,True,True,True,False,False,False,False,2446.2730729166665,2459.972064208984,False,2.4215535521625378,2,0.980061864221658,14.709080148579151,0.8649681154288288,False,2656.800048828125,0.10643261346575818,0.12681044693484858,False,7.345456518308091,44.0,True,False,4,True,False,False,False,True,False,True,False,3,False,False,,Mazagoan Dock Shipbuilders Ltd.,Capital Goods,EQ,INE249Z01020,WAIT,Stage 2 + RS 44; wait because relative strength is below 50 — the trend has turned up but the stock still lags most of the universe.
MEDPLUS,2026-09-04,676.3499755859375,-0.21258517262478593,-0.17012272934240802,-0.16797889620750117,-0.1963044555918554,-0.1919152852782673,816.049312617861,-1.176560091007428,Stage 4 — Declining,730.2215683880975,1022.2000122070312,False,648.0,1.312694576218138,1.892416333747195,137379579.47348633,728.1259997558594,True,-17.11898225657128,False,-33.83389087174527,False,False,False,False,False,False,False,False,817.032002360026,814.4282507324219,False,2.971304625367797,2,1.2444886851851233,23.072354866603746,0.6022610644867157,False,842.3499755859375,0.029085129502671943,0.04220823098299065,False,24.54350646737149,8.0,True,False,0,False,True,False,False,False,False,False,False,1,False,False,,Medplus Health Services Ltd.,Consumer Services,EQ,INE804L01022,SELL,Stage 4 takes precedence: the guide requires SELL regardless of RS.
MEESHO,2026-09-04,209.0,,,,,,176.7676709318814,1.7859577375481495,Stage 2 — Advancing,193.50705943388098,,False,,1.664890966710471,1.2679550463994587,3019164312.4958625,193.64820068359376,False,18.234289617664047,False,,True,True,True,True,False,False,False,False,176.0937330118815,,False,3.8885840144128077,1,0.9340761723105014,19.924308180075826,0.892824032464774,False,216.6699981689453,0.008987642914886245,,False,3.6698555832274327,,True,False,4,False,False,False,False,True,False,False,False,1,False,False,,Meesho Ltd.,Consumer Services,EQ,INE0VDM01015,WAIT,Stage 2 + RS unavailable; wait for a clearer entry trigger; no breakout setup is present.
METROPOLIS,2026-09-04,588.7000122070312,0.08187078157524641,0.27793431515869305,0.22181668520665787,0.057065295715466924,0.14411157184626214,518.2750848221452,1.4534804528743006,Stage 2 — Advancing,566.4186281690411,609.0499877929688,False,411.4375158286193,0.8182428253872825,1.1514720805869434,156951342.06220397,566.8800012207031,False,13.588329720510007,False,-3.341265248141667,True,True,True,True,False,False,False,False,517.2286903889974,507.2285461425781,True,2.5206871762501515,2,0.7428569682815779,15.236842566773646,0.945807439676003,False,609.0499877929688,0.025315911453138617,0.025453630852621947,False,3.4567649335772277,66.0,True,True,5,True,True,True,True,True,True,True,False,7,False,False,,Metropolis Healthcare Ltd.,Healthcare,EQ,INE112L01020,HOLD,Stage 2 + RS 66; trend/leadership is adequate without a stronger entry trigger.
MINDACORP,2026-09-04,702.7999877929688,0.09033079856225679,0.3397895208630839,0.1922203330918455,0.40160031609018065,0.22285435343392473,609.828650744208,1.6172598635505908,Stage 2 — Advancing,702.8212184532016,769.0,False,467.97365403461544,0.396754785675123,1.7021477805915894,572800306.3282471,703.4837072753907,True,15.245485258080716,False,-8.608584162162714,True,False,True,True,False,False,False,False,608.6956140136718,601.2616787719727,True,3.210625323151296,2,0.9472986036467931,15.569608903273243,0.6289071242114953,False,769.0,0.030222561391720647,0.03175005485581512,False,9.419466897676232,75.0,True,True,4,True,True,True,True,False,True,True,True,7,False,False,,Minda Corporation Ltd.,Automobile and Auto Components,EQ,INE842C01021,HOLD,Stage 2 + RS 75; trend/leadership is adequate without a stronger entry trigger.
MIDHANI,2026-09-04,418.79998779296875,-0.055160772040679595,0.2464028373496574,0.32464710152201937,0.10488914023032625,0.11312350700412878,388.7679907393782,0.9901267373067846,Stage 2 — Advancing,415.7460799871707,456.6000061035156,False,266.6499938964844,0.5469652726390648,1.9748314916476155,760540610.255896,415.8000018310547,False,7.724915057043202,False,-8.27858471424927,True,True,True,True,False,False,False,False,387.9906884765625,373.76476669311523,True,2.7502052670493238,1,0.770018918947311,15.330705007509424,0.49015967239721303,False,456.6000061035156,0.01800968776575082,0.02013173797402143,False,9.025792600842465,62.0,True,True,5,True,True,True,True,True,True,True,False,7,False,False,,Mishra Dhatu Nigam Ltd.,Capital Goods,EQ,INE099Z01011,HOLD,Stage 2 + RS 62; trend/leadership is adequate without a stronger entry trigger.
MSUMI,2026-09-04,36.52000045776367,-0.03263526308817288,-0.10593455554198294,-0.1864279667232135,-0.1608138095165047,-0.1036893715916094,39.43270542197032,-0.9376667684245277,Stage 4 — Declining,39.71062933229933,52.823297143452564,False,35.189245537612464,1.163780660758743,0.347110409953533,341255858.7477196,39.691447982788084,True,-7.386520739669578,False,-30.8638376764213,False,False,True,False,True,True,False,False,39.55341860453288,41.052678394317624,False,2.530902531785177,2,1.0145977398861517,14.306017860950584,0.6654592455374856,False,42.220001220703125,0.0015704723606022111,0.002132528489373942,False,15.607887983275504,20.0,True,False,1,False,False,False,False,False,False,False,False,0,False,False,,Motherson Sumi Wiring India Ltd.,Automobile and Auto Components,EQ,INE0FS801015,SELL,Stage 4 takes precedence: the guide requires SELL regardless of RS.
MOTILALOFS,2026-09-07,1055.0,0.2334132578624286,0.4735665647211773,0.2015766578340794,0.2181610948193522,0.2720261666198932,850.7229463760167,2.2066026918232895,Stage 2 — Advancing,945.8911779067096,1088.3156211947492,False,614.9000244140625,1.2679021846113934,5.936184549171123,1273176905.4329865,945.8560009765625,False,24.01217158819806,True,-3.0612095008041296,True,True,True,True,False,False,False,False,848.9063342285157,848.3670962524415,False,2.8524038512398446,2,0.7219358507023675,21.135144363790502,0.8624861496660514,False,1058.9000244140625,0.0455601538937248,0.0455601538937248,True,0.369670560574642,80.0,True,True,5,True,True,False,True,True,True,True,True,7,False,False,,Motilal Oswal Financial Services Ltd.,Financial Services,EQ,INE338I01027,WAIT,"Stage 2 + RS 80; wait because price is more than 20% above the 30-week line (currently +24%) — the guide treats that as poor entry timing, not a failed trend."
MPHASIS,2026-09-04,2422.0,0.07385163340424139,0.0969182279714087,-0.14491370150771,-0.1308077358324592,-0.0062199885120555395,2269.975014882545,-0.6129252240447913,Stage 3 — Topping,2373.7011766620712,2957.899861042516,False,1960.4413570175507,0.28096931932922153,1.2653223451281028,1072130862.3835205,2377.089130859375,False,6.697209622164979,False,-18.117579573962907,True,True,True,False,False,False,False,False,2280.3253361002603,2400.983048706055,False,2.7666025993128467,3,0.41961921184902556,19.210021078205937,0.7483090309891717,False,2556.89990234375,0.10415345042992577,0.12528721305675106,False,5.569773011715529,41.0,True,False,3,True,False,False,False,True,False,True,False,3,False,False,,MphasiS Ltd.,Information Technology,EQ,INE356A01018,SELL,Stage 3 + RS 41; RS below 50 in Stage 3 triggers SELL.
BECTORFOOD,2026-09-04,225.9600067138672,0.3117381511637063,0.1704739867488425,-0.11145414460604885,-0.22872582833829846,0.09075406322638156,199.21452749591984,0.5808344720410252,Stage 2 — Advancing,212.44647097120097,295.67649512057756,False,165.0,0.07065404251026934,3.126735575993262,542605123.8497444,213.04200042724608,False,13.425466282068776,False,-23.57863731382497,True,True,True,True,False,False,False,False,199.86260681152345,210.24747970581055,False,4.163186325087772,2,1.5120460182531839,37.92324771342041,0.19866858462472817,False,265.79998779296875,0.009716975375069554,0.012365847326758508,False,17.631430295340223,59.0,True,True,5,True,False,False,True,True,True,True,False,5,False,False,,Mrs. Bectors Food Specialities Ltd.,Fast Moving Consumer Goods,EQ,INE495P01020,HOLD,Stage 2 + RS 59; trend/leadership is adequate without a stronger entry trigger.
MCX,2026-09-07,3330.199951171875,0.194404245689072,0.317478993788082,0.6138255542057547,1.194701165120041,0.5029628408984044,2808.5778056105523,2.1012025362888487,Stage 2 — Advancing,2914.2572380514707,3471.4939344339746,False,1492.3433377581114,0.6921329808746212,2.3992493490461433,8536669910.945996,2914.3948583984375,False,18.572465556029982,False,-4.070120413018596,True,True,True,True,False,False,False,False,2798.6445556640624,2645.0130072021484,True,3.251710785128322,3,0.4319443620263676,24.72854877718523,0.7814547655684857,True,3400.0,0.14381461826755018,0.15206239387447057,False,2.0959717089528818,92.0,True,True,5,True,True,True,True,True,True,True,True,8,True,False,,Multi Commodity Exchange of India Ltd.,Financial Services,EQ,INE745G01043,HOLD,Stage 2 + RS 92; trend/leadership is adequate without a stronger entry trigger.
MUTHOOTFIN,2026-09-07,2880.0,-0.08661320262533045,-0.10329068892385573,-0.23571702258974614,0.02341588893491786,-0.097763645565869,3223.4557871361303,-1.5212167251394515,Stage 4 — Declining,2993.1078287760415,4114.708242760882,False,2671.0,0.3164350262706346,1.3575473984837356,2882335238.915686,2992.545986328125,True,-10.654893686048428,False,-30.007188114324702,False,False,False,False,False,False,False,False,3234.2052506510418,3372.321903076172,False,3.2274300711495534,2,1.5435374629481329,17.72678268904975,0.5978679290123833,False,3246.5,0.12437274238286959,0.17538049541165746,False,12.725694444444446,22.0,True,False,0,False,False,False,False,False,False,False,False,0,False,False,,Muthoot Finance Ltd.,Financial Services,EQ,INE414G01012,SELL,Stage 4 takes precedence: the guide requires SELL regardless of RS.
NATCOPHARM,2026-09-04,828.6500244140625,-0.0964907248663397,-0.12910084162231006,-0.12408352528103117,-0.026393700868712955,-0.09451190350094672,972.1744694121896,0.08351244503785882,Stage 1 — Basing,913.9109437231924,1224.7250830949197,False,784.9091438882253,0.9280252326512187,0.35260638670338135,455132236.78404236,914.145732421875,True,-14.76323947129644,False,-32.33991563886017,False,False,False,True,True,True,False,False,968.4919596354167,947.483916015625,True,2.3689585746365838,3,0.6836355799904779,16.985829701371333,0.6411012199884103,False,995.6131549912668,0.03563450009973858,0.053171079410121364,False,20.148811399029864,23.0,True,False,1,False,True,True,False,False,False,False,False,2,False,False,3.0,NATCO Pharma Ltd.,Healthcare,EQ,INE987B01026,AVOID,Stage 1 + RS 23; weak RS in a basing stage is AVOID.
NBCC,2026-09-07,86.0,-0.18583551268376175,0.011145917747299894,-0.22626640775312878,-0.15073074562264988,-0.14750445219920047,93.85469629993177,-0.8224127893362132,Stage 4 — Declining,93.41739594702626,124.82730965446994,False,76.65010804466255,0.2571722855642066,0.3492650723064021,478140979.67371523,93.21307266235351,True,-8.368996554877228,False,-31.104819740124533,False,False,False,False,True,True,False,False,94.0235492960612,97.96999900817872,False,1.7711542259713644,3,0.5972592883550604,20.620968926984382,0.46489884426774614,False,105.61982831558079,0.0037139082794884672,0.005113476602206061,False,22.81375385532649,13.0,True,False,0,False,False,False,False,False,False,False,False,0,False,False,,NBCC (India) Ltd.,Construction,EQ,INE095N01031,SELL,Stage 4 takes precedence: the guide requires SELL regardless of RS.
NCC,2026-09-07,150.6699981689453,0.045910584752066885,0.08492270524713019,-0.09017725324502357,-0.2592436915216364,-0.034535414003079204,147.22533395845596,0.07167484622501163,Stage 2 — Advancing,142.8294001560585,218.9304972416292,False,128.02376544116242,1.652672207470941,2.002400613537336,416651641.03113097,142.73277496337892,False,2.339722463432392,False,-31.17907278004588,True,True,False,True,False,False,False,False,147.3473710123698,149.37884147644044,False,3.3763469278855722,1,1.1106518067445557,14.167786348195547,0.9913313860527815,False,153.86000061035156,0.006506680856629746,0.009108286799664222,False,2.117211442339917,35.0,True,False,3,True,False,False,False,True,False,False,False,2,False,False,,NCC Ltd.,Construction,EQ,INE868B01028,WAIT,Stage 2 + RS 35; wait because relative strength is below 50 — the trend has turned up but the stock still lags most of the universe.
NEOGEN,2026-09-04,2137.89990234375,0.135978580887822,0.568478603134436,0.9949022777093397,0.4510477331785874,0.45727715515960143,1755.1146332205158,3.566494837705836,Stage 2 — Advancing,2107.8645498238357,2483.89990234375,False,966.2326038611084,0.4996028609384825,2.437044724650096,489232183.6677124,2112.5439697265624,False,21.80970187803912,True,-13.929707862765428,True,True,True,True,False,False,False,False,1743.5685213216145,1595.3357376098634,True,4.293264466988133,2,0.6075994743809111,25.75756060639626,0.6249588369525895,False,2483.89990234375,0.09193627229682201,0.09987141152121497,False,16.184106637578545,90.0,True,True,5,True,True,True,True,True,True,True,True,8,True,False,,NEOGEN CHEMICALS LTD.,Chemicals,EQ,INE136S01016,WAIT,"Stage 2 + RS 90; wait because price is more than 20% above the 30-week line (currently +22%) — the guide treats that as poor entry timing, not a failed trend."
NESCO,2026-09-04,1047.5999755859375,-0.06942081172412329,-0.019759826886207588,-0.15054276763487529,-0.2757118426681676,-0.11697121212749942,1113.9192100787984,-0.5426581397011354,Stage 4 — Declining,1061.5155639648438,1628.413458753058,False,989.6270152436205,0.930569507766015,1.361490104772992,38882795.433459476,1061.1290808105468,True,-5.953684422784078,False,-35.66744551545729,False,False,False,False,False,False,False,False,1114.8415189615885,1138.2217483520508,False,2.1961778434587202,2,0.5832758928846796,14.629908959840545,1.0905345475008457,False,1173.2445911469965,0.04505002152253567,0.06787110634035919,False,11.993568011567035,18.0,False,False,0,False,False,False,False,False,False,False,False,0,False,False,,NESCO Ltd.,Services,EQ,INE317F01035,SELL,Stage 4 takes precedence: the guide requires SELL regardless of RS.
NHPC,2026-09-07,76.0,0.016512935001460782,0.027338533414559496,0.006677550517184994,-0.003024412984748981,0.012803508189983414,77.50476941670458,-0.029167223497761352,Stage 4 — Declining,78.04763734106923,87.39771312453149,False,71.42454681386315,0.6733970233721526,0.8084852849873552,627283517.2604904,77.9816423034668,True,-1.9415184743201808,False,-13.041202929750673,False,False,True,False,False,False,False,False,77.50422663370769,77.33112869262695,False,1.82988733277285,2,0.6627121074648258,10.236956627629732,0.6547841208051731,False,82.77348924493786,0.003282058479547948,0.0037401601265083773,False,8.912485848602447,45.0,True,False,1,False,True,False,True,False,False,True,False,3,False,False,,NHPC Ltd.,Power,EQ,INE848E01016,SELL,Stage 4 takes precedence: the guide requires SELL regardless of RS.
NLCINDIA,2026-09-07,269.29998779296875,-0.19994063306656595,0.055044026613001895,0.14091774194163564,0.2022252091736405,-0.0003388576809707708,295.20821882274055,0.4046430431936976,Stage 1 — Basing,290.859801049326,387.79998779296875,False,224.26593517324793,0.6473182516559197,0.9099736823569504,404176974.7049362,290.1219970703125,True,-8.776256681840067,False,-30.55698910007767,False,False,False,True,False,False,False,False,294.2149996948242,282.3086223602295,True,2.5118043344449563,3,0.4980188951683954,19.65212756030551,0.44521841156035297,False,327.70001220703125,0.011629714585237788,0.016401997085915443,False,21.68586225817397,43.0,True,False,1,False,True,True,False,False,False,False,False,2,False,False,3.0,NLC India Ltd.,Power,EQ,INE589A01014,AVOID,Stage 1 + RS 43; weak RS in a basing stage is AVOID.
NMDC,2026-09-07,83.8499984741211,-0.09741660821433651,0.05088353818784919,0.12998875294658108,0.1592505197721199,0.029057918895575432,85.15737648532816,0.5095170198609278,Stage 1 — Basing,84.86294091916552,97.48999786376953,False,70.10877049673599,0.8573616796521926,1.6331953584615047,1562544225.0321712,84.85119979858399,True,-1.5352492821714803,False,-13.991178262931836,False,False,False,True,False,False,False,False,85.06178721110027,82.98876266479492,True,2.553027867509514,2,1.3950763253556824,9.034787385211219,0.8174162572352283,False,89.0999984741211,0.0036210605066062055,0.004277598620446168,False,6.261180793724552,48.0,True,False,1,False,True,True,False,False,False,True,False,3,False,False,2.0,NMDC Ltd.,Metals & Mining,EQ,INE584A01023,AVOID,Stage 1 + RS 48; weak RS in a basing stage is AVOID.
NSLNISP,2026-09-04,46.02000045776367,-0.09266562795390831,0.20188036974169044,0.11052128336951195,0.10174766467377583,0.04576361237543232,42.44260286305049,0.41521483976783014,Stage 2 — Advancing,43.273137485279754,53.75,False,33.0099983215332,0.7430166165357615,2.213405886961197,592756256.2161344,43.26500022888184,False,8.428789361143485,False,-14.381394497183864,True,True,True,True,False,False,False,False,42.4210001373291,42.27670013427734,False,4.091389483275021,0,3.186534867083528,20.44534813126944,5.246955145440229,False,49.400001525878906,0.0019790015840061314,0.002336110461965611,False,7.344635016284573,51.0,True,True,5,True,True,False,True,True,True,True,False,6,False,False,,NMDC Steel Ltd.,Metals & Mining,EQ,INE0NNS01018,HOLD,Stage 2 + RS 51; trend/leadership is adequate without a stronger entry trigger.
NTPCGREEN,2026-09-04,89.36000061035156,-0.11384367457801514,0.04040052678264816,-0.019960514243614336,-0.13611757056009666,-0.06867298143541863,96.99198647067972,0.039962485506972456,Stage 1 — Basing,92.37803964053883,119.94999694824219,False,84.0,0.2701073776262129,1.026305556640957,169992926.80095062,92.31120040893555,True,-7.868676720664213,False,-25.502290217723022,False,False,False,True,False,False,False,False,96.71260019938151,95.63510005950928,False,1.3444807480612018,2,1.2779164579445674,11.746985067757986,0.36670107803122254,False,99.5999984741211,0.003842754910812712,0.00520826936892002,False,11.45926342192003,28.0,True,False,1,False,True,False,False,False,False,False,False,1,False,False,2.0,NTPC Green Energy Ltd.,Power,EQ,INE0ONG01011,AVOID,Stage 1 + RS 28; weak RS in a basing stage is AVOID.
NTPC,2026-09-07,332.0,-0.07206850962563649,-0.11827007757522201,0.04583988126292815,0.037392063642365025,-0.035835030384240366,362.73749092833634,-0.36833205156601156,Stage 4 — Declining,339.9699952368643,409.97128898871665,False,309.838511773213,0.5285516627521248,0.9110405267069134,2792127081.2770767,339.7235076904297,True,-8.473756282999966,False,-19.01871937936186,False,False,False,False,False,False,False,False,362.6256172688802,353.7541098022461,True,1.691733798992003,2,1.250597859411217,10.350561680430163,0.8583487666754391,False,356.9935890799953,0.014337413358025245,0.017862819865291035,False,7.528189481926284,35.0,True,False,0,False,True,True,False,False,False,True,False,3,False,False,,NTPC Ltd.,Power,EQ,INE733E01010,SELL,Stage 4 takes precedence: the guide requires SELL regardless of RS.
NH,2026-09-04,1858.5,-0.0444186119055896,0.06801563381692577,-0.038697751620246246,0.013670285270938498,-0.009169811268712238,1851.3731112545483,0.5259319266917251,Stage 2 — Advancing,1937.3427542892157,2092.89990234375,False,1585.4858653846154,0.6873656347388458,1.005436172514869,539733944.6207764,1937.0401586914063,True,0.3849515098889089,False,-11.199766509676623,True,False,True,True,False,False,False,False,1848.649774576823,1857.5093493652344,True,2.076943865690697,2,0.8072073086958853,14.90276252554967,0.8816456770639715,False,2092.89990234375,0.07992121702065114,0.08967376081226015,False,12.612316510290555,40.0,True,False,3,True,False,True,True,False,False,True,False,4,False,False,,Narayana Hrudayalaya Ltd.,Healthcare,EQ,INE410P01011,WAIT,Stage 2 + RS 40; wait because the close is below its 50-session average — short-term timing has weakened even though the 30-week trend is intact.
NATIONALUM,2026-09-07,365.8999938964844,-0.07295939993007272,-0.06939980774537013,0.3665524017850488,0.8072890064223079,0.19170456012036824,380.7061136324112,0.14432376696531524,Stage 1 — Basing,365.5567985983456,443.3731066930094,False,191.85563717985323,0.40255291665988746,1.2466477303413122,2937414628.025818,365.937548828125,True,-3.8891205593359013,False,-17.473570594837007,False,True,False,True,False,False,False,False,380.1518035888672,362.0212243652344,True,2.908045620987975,3,1.0479587742338374,21.48271563069084,0.4853069585780086,False,421.12967656991844,0.015801383916243406,0.019410088544956496,False,15.094201583687084,72.0,True,True,3,False,True,True,False,False,True,True,True,5,False,False,4.0,National Aluminium Co. Ltd.,Metals & Mining,EQ,INE139A01034,WATCH,Stage 1 + RS 72; adequate RS in a basing stage remains WATCH.
NFL,2026-09-04,70.51000213623047,-0.05355701830563131,-0.012879716715871958,-0.1584914504617928,-0.2773253077562897,-0.11116210230904341,74.24301398290346,-0.824095299205474,Stage 4 — Declining,72.14686330159505,99.79227722522971,False,63.349998474121094,0.5655284388129458,2.550307413716043,67997672.38375969,72.08620056152344,True,-5.028098465308295,False,-29.343227655692804,False,False,False,False,False,False,False,False,74.38980026245117,77.1439501953125,False,1.8204090015074073,1,1.4109913287876599,9.97916030345429,1.484851413003076,False,76.76000213623047,0.0030321469910445254,0.004263923845716205,False,8.863990654722343,19.0,True,False,0,False,False,False,False,False,False,False,False,0,False,False,,National Fertilizers Ltd.,Chemicals,EQ,INE870D01012,SELL,Stage 4 takes precedence: the guide requires SELL regardless of RS.
NAVA,2026-09-04,560.2000122070312,-0.06237666536553532,0.007723674979166706,0.06766193020979916,-0.16582086780898664,-0.043037718670218286,591.2322567456389,0.10119123593061996,Stage 1 — Basing,575.0580935010723,732.5560380476754,False,497.0066711243156,0.7093311822176536,0.7576750132585308,191270615.21790162,574.52865234375,True,-5.248740099097537,False,-23.528032927008258,False,False,False,True,False,False,False,False,590.4051599121094,580.0119900512695,False,2.703116175095842,2,0.8198226171550779,12.9258274350739,0.9281235328435761,False,622.3853285164525,0.024090323782926856,0.03174448497030011,False,11.100556043265431,34.0,True,False,1,False,True,False,False,False,False,True,False,2,False,False,1.0,Nava Ltd.,Power,EQ,INE725A01030,AVOID,Stage 1 + RS 34; weak RS in a basing stage is AVOID.
NAVINFLUOR,2026-09-07,8603.5,0.22486326795920797,0.31068936062716235,0.4923511781422498,0.8490947080324527,0.42037235654405625,7121.706947640197,2.4129977008495063,Stage 2 — Advancing,7968.823529411765,8775.5,True,4488.291781017636,0.35324194400872,1.0250320943269668,1149943520.85,7978.47,False,20.80671197585293,True,-1.9600022790724148,True,True,True,True,False,False,False,False,7100.295377604167,6797.602646484375,True,2.428828798910742,2,1.110371828363537,16.93920574326249,0.636511897993695,False,8775.5,0.3715419753788259,0.3739993552870577,False,1.9991863776370078,88.0,True,True,5,True,True,True,True,True,True,True,True,8,True,False,,Navin Fluorine International Ltd.,Chemicals,EQ,INE048G01026,WAIT,"Stage 2 + RS 88; wait because price is more than 20% above the 30-week line (currently +21%) — the guide treats that as poor entry timing, not a failed trend."
NAZARA,2026-09-04,368.6499938964844,0.36764982597450757,0.5065386125626292,0.5192664461955527,0.33206863196561653,0.4186346685345627,289.32575278086205,1.9787547548247408,Stage 2 — Advancing,330.78235102634807,379.3999938964844,True,215.6999969482422,0.4124319373590368,1.6759416960742106,681449642.5046036,331.3849981689453,False,27.416930692548203,True,-2.8334212369368283,True,True,True,True,False,False,False,False,289.0817325846354,281.05804931640625,True,2.855979651998964,1,1.7270098519082457,22.641010879910915,0.9290757921410479,False,379.3999938964844,0.015853083759409546,0.01592108284042874,True,2.916045077439655,88.0,True,True,5,True,True,True,True,True,True,True,True,8,True,False,,Nazara Technologies Ltd.,Media Entertainment & Publication,EQ,INE418L01047,WAIT,"Stage 2 + RS 88; wait because price is more than 20% above the 30-week line (currently +27%) — the guide treats that as poor entry timing, not a failed trend."
NESTLEIND,2026-09-07,1398.0,0.013360440241866778,0.12162269364182898,0.13265250717846344,0.16864249736728243,0.08992771573426167,1378.333174196008,0.7551608030112789,Stage 2 — Advancing,1464.5363171147364,1553.0,False,1133.4029066422722,0.43732346789112625,0.5597957421896369,2232706262.295752,1466.2137817382813,True,1.4268557248840574,False,-9.980682549903408,True,False,True,True,True,True,False,False,1376.058389485677,1347.594041748047,True,2.2169426957595673,2,1.284032466159196,11.097028427872054,0.5530807947622755,False,1553.0,0.06037260203168462,0.06554173207402043,False,11.08726752503577,59.0,True,True,4,True,True,True,True,False,False,True,False,5,False,False,,Nestle India Ltd.,Fast Moving Consumer Goods,EQ,INE239A01024,REDUCE,Stage 2 + RS 59; distribution warning (U/D 0.56) triggers REDUCE.
NETWEB,2026-09-04,5193.0,0.05310622978811552,0.5011517719220588,0.6246871771902331,0.9592914118016052,0.43826856409802567,4140.259467974101,3.4738023005654206,Stage 2 — Advancing,4730.280215992647,5813.0,False,2613.371070056485,1.1970168111334591,1.1846032524391814,10899266337.329784,4726.071416015625,False,25.426921674090686,True,-10.66574918286599,True,True,True,True,False,False,False,False,4114.686336263021,3888.5165405273438,True,5.086792257477442,3,0.7935355117690128,29.25448696632371,1.2516085071737302,False,5813.0,0.22331497443542714,0.23803350633167972,False,11.939148854226843,89.0,True,True,5,True,True,True,True,True,True,True,True,8,True,False,,Netweb Technologies India Ltd.,Information Technology,EQ,INE0NT901020,WAIT,"Stage 2 + RS 89; wait because price is more than 20% above the 30-week line (currently +25%) — the guide treats that as poor entry timing, not a failed trend."
NETWORK18,2026-09-07,27.639999389648438,-0.1727027980878787,-0.15577281696270184,-0.36092486960350434,-0.4885270369840682,-0.2701260639452064,31.98075349363562,-1.8374508851383031,Stage 4 — Declining,29.810392043169806,58.099998474121094,False,27.010000228881836,1.1701776808575397,1.1943420142105627,209118213.00229827,29.778599891662598,True,-13.573020113022105,False,-52.4268500592821,False,False,False,False,False,False,False,False,32.136800053914385,34.59534999847412,False,4.736924783742465,1,1.6049718649047964,19.946654163565483,1.410994354380609,False,33.7400016784668,0.0011936328206775756,0.002405299169300937,False,22.069473312300047,3.0,True,False,0,False,False,False,False,False,False,False,False,0,False,False,,Network18 Media & Investments Ltd.,Media Entertainment & Publication,EQ,INE870H01013,SELL,Stage 4 takes precedence: the guide requires SELL regardless of RS.
NEULANDLAB,2026-09-04,22660.0,0.3464933598687896,0.776916014026124,0.3357975487105469,0.5536462260746273,0.4718693017097755,16893.977773169947,4.080693548627878,Stage 2 — Advancing,20690.196652879902,23881.0,False,11478.786028437366,0.3131335726063452,1.0815574006746589,1209851260.5,20745.4432421875,False,34.130636989397026,True,-5.11285122063565,True,True,True,True,False,False,False,False,16797.62384765625,16409.194770507813,True,2.339553650233262,3,0.5070427563519295,24.999378370581976,0.5047365546827052,True,23881.0,0.9744497055087192,1.0040973069369759,False,5.388349514563107,91.0,True,True,5,True,True,True,True,True,True,True,True,8,True,False,,Neuland Laboratories Ltd.,Healthcare,EQ,INE794A01010,WAIT,"Stage 2 + RS 91; wait because price is more than 20% above the 30-week line (currently +34%) — the guide treats that as poor entry timing, not a failed trend."
NEWGEN,2026-09-04,524.7999877929688,0.068724561569671,0.11240999527133533,-0.4110153527555336,-0.4097706944379327,-0.11418538575655779,489.58220536741493,-0.5109011871278324,Stage 3 — Topping,524.6706901999081,1030.4143551726484,False,396.6099082577377,0.6639840462366859,2.147251407002017,739281315.6943878,525.8068591308594,True,7.193435962224992,False,-49.06903371847559,True,True,True,False,False,False,False,False,491.23699645996095,567.5987626647949,False,3.9933576083881213,2,0.6811195937194404,24.011528017171344,0.6238544945078962,False,600.2797887739138,0.022568013837415617,0.04138645363371108,False,14.382584362925233,18.0,True,False,3,False,False,False,False,False,True,False,False,1,False,False,,Newgen Software Technologies Ltd.,Information Technology,EQ,INE619B01017,SELL,Stage 3 + RS 18; RS below 50 in Stage 3 triggers SELL.
NAM-INDIA,2026-09-07,1195.0,0.0852996784712785,0.4042975972944136,0.4840872189889134,0.5293622319654991,0.31766928103827663,1054.9194490615637,2.13724008563303,Stage 2 — Advancing,1185.0137317133886,1269.5,False,777.4061103664408,1.647295542626773,0.600641279850896,1724035968.0114625,1185.3680053710937,False,13.278791197095607,False,-5.868452146514381,True,True,True,True,True,False,False,False,1051.1898478190103,1001.8617303466797,True,3.0155394851128214,2,1.3743327772294336,14.97439744670638,1.9192785066088625,False,1269.5,0.051606051092892076,0.053165491237445336,False,6.234309623430967,83.0,True,True,5,True,True,True,True,True,True,True,True,8,True,False,,Nippon Life India Asset Management Ltd.,Financial Services,EQ,INE298J01013,REDUCE,Stage 2 + RS 83; distribution warning (U/D 0.60) triggers REDUCE.
NIVABUPA,2026-09-04,80.11000061035156,-0.020061154613436494,0.10496552566002149,0.07660256239370011,-0.01415212276208111,0.0254587312129535,80.50634492019127,0.30328856635519763,Stage 1 — Basing,84.86156897451363,91.4000015258789,False,67.5,0.5632571643963178,0.5065525571079433,57749308.404756546,84.86300033569336,True,-0.4923143762552096,False,-12.352298388453208,False,False,True,True,True,True,False,False,80.44140009562174,79.33735008239746,True,2.38867855383023,1,1.1510777078184475,13.00875185027422,0.3030327419176208,False,91.4000015258789,0.003444976456445737,0.0037981593424445416,False,14.093122992772123,47.0,True,False,2,False,True,True,True,False,False,True,False,4,False,False,2.0,Niva Bupa Health Insurance Company Ltd.,Financial Services,EQ,INE995S01015,AVOID,Stage 1 + RS 47; weak RS in a basing stage is AVOID.
NUVAMA,2026-09-04,1815.5999755859375,0.15894293621884503,0.5319377308003799,0.2947400547357648,0.4342343900851935,0.31575960961180566,1526.6210293704517,2.0668191865059526,Stage 2 — Advancing,1803.8509712967218,2066.0,False,1086.5091731363827,0.5588116122137363,1.8851732418940166,667819029.015094,1804.9559912109376,False,18.929317797662915,False,-12.120039903875245,True,True,True,True,False,False,False,False,1521.6770874023437,1496.3246331787109,True,3.150080107082863,3,0.7166588476873533,23.591482304649684,0.727087418813462,False,2066.0,0.07807638400403154,0.08641705507598701,False,13.791585579486053,83.0,True,True,5,True,True,True,True,True,True,True,True,8,True,False,,Nuvama Wealth Management Ltd.,Financial Services,EQ,INE531F01023,HOLD,Stage 2 + RS 83; trend/leadership is adequate without a stronger entry trigger.
NUVOCO,2026-09-07,345.1000061035156,0.08130976877113172,0.15824800122418559,-0.017229069907807593,-0.2560896515542487,0.009509763460878555,320.59280897166633,-0.37481929195573027,Stage 3 — Topping,334.574509564568,467.0,False,276.25,0.42570868341045237,1.9419055172331363,127574867.8284607,335.18299987792966,False,7.644337753694042,False,-26.102782418947402,True,True,True,False,False,False,False,False,321.3200008138021,329.2107507324219,False,2.706255499546797,1,1.615644968873266,24.28391806444331,0.27968233355574695,False,398.0,0.014903136859527526,0.019811046205143665,False,15.328888137027906,45.0,True,False,3,True,False,False,True,True,False,False,False,3,False,False,,Nuvoco Vistas Corporation Ltd.,Construction Materials,EQ,INE118D01016,SELL,Stage 3 + RS 45; RS below 50 in Stage 3 triggers SELL.
OBEROIRLTY,2026-09-07,1847.5,0.1322993793597793,0.25578857887489725,0.11859284255848901,0.13992067782812878,0.15578017159621474,1689.4267670730064,1.5510291379957852,Stage 2 — Advancing,1855.5261254404106,1983.9545449282684,False,1387.9800889099738,0.37676247679905744,1.2115631904079807,1017200812.7094787,1857.5925439453124,True,9.356619417180244,False,-6.8779068188380315,True,False,True,True,False,False,False,False,1683.8515055338542,1669.8387530517577,True,2.211482698627489,3,0.43507294764150617,12.083983960837264,0.7543217187584411,True,1983.9545449282684,0.07978425053901096,0.08326765150753672,False,7.385902296523317,68.0,True,True,4,True,True,True,True,False,True,True,False,6,False,False,,Oberoi Realty Ltd.,Realty,EQ,INE093I01010,HOLD,Stage 2 + RS 68; trend/leadership is adequate without a stronger entry trigger.
ONGC,2026-09-07,233.6999969482422,-0.11352419752903486,-0.15865041174910477,-0.004198412830512921,0.05114118459734507,-0.06775120700806848,261.3780878145401,-0.5696380525400779,Stage 4 — Declining,239.33220986758963,306.19702215663295,False,219.12963487930207,0.41691766500230554,0.7814546187693915,2665415490.175443,239.4576889038086,True,-10.589292735945332,False,-23.676593814588255,False,False,False,False,False,False,False,False,261.2965702311198,254.8767074584961,False,1.4301728673267549,3,0.39577905650743983,10.444535176316695,0.6683834333395862,False,253.12287623311443,0.010092329692819839,0.013807635740805123,False,8.311031039154804,28.0,True,False,0,False,True,False,False,False,False,True,False,2,False,False,,Oil & Natural Gas Corporation Ltd.,Oil Gas & Consumable Fuels,EQ,INE213A01029,SELL,Stage 4 takes precedence: the guide requires SELL regardless of RS.
OIL,2026-09-07,487.0,0.009611864793886316,0.007215488103280876,0.20271681986254908,0.26000736832746707,0.09783268117621394,463.4989552955105,0.039498181100050545,Stage 2 — Advancing,453.36101217830884,529.9163379046904,False,380.2654279357917,0.882341337542321,3.5313647857264283,1258779395.3206756,454.1900793457031,False,5.0703554853766875,False,-8.098700650442915,True,True,False,True,False,False,False,False,464.1906085205078,452.7319842529297,True,2.4566285047819507,2,1.5724973325821368,17.820001425109595,0.6609408995603251,False,498.9795891941685,0.021031085257103295,0.023113724282284472,False,2.4598745778580122,60.0,True,True,4,True,True,True,False,True,False,True,False,5,False,False,,Oil India Ltd.,Oil Gas & Consumable Fuels,EQ,INE274J01014,HOLD,Stage 2 + RS 60; trend/leadership is adequate without a stronger entry trigger.
OLAELEC,2026-09-04,38.20000076293945,-0.1181901885492509,0.5496957952982346,0.05758587742422594,-0.40775192615597744,-0.007370126106403738,35.83958913202155,1.2153538881789494,Stage 2 — Advancing,39.59784309536803,64.72000122070312,False,22.25,0.6278866671594291,1.187875047471058,1918329593.4110756,39.55379997253418,True,6.586045454435596,False,-40.97651414950878,True,False,True,True,False,False,False,False,35.726866772969565,36.04455016136169,False,4.672775802927778,2,1.1164061151573474,21.630436441172723,0.8728022695890051,False,46.0,0.0016427175416539807,0.002628651531573385,False,20.418845762505544,41.0,True,False,3,True,False,False,True,False,True,False,False,3,False,False,,Ola Electric Mobility Ltd.,Automobile and Auto Components,EQ,INE0LXG01040,WAIT,Stage 2 + RS 41; wait because the close is below its 50-session average — short-term timing has weakened even though the 30-week trend is intact.
OLECTRA,2026-09-04,1229.0,-0.06985547976781425,0.35606313202416984,-0.008391176544456869,-0.2006662088822717,0.0014589574123625576,1229.5414391086526,1.1948446486676367,Stage 1 — Basing,1361.086274988511,1714.199951171875,False,866.5999755859375,0.5652732107735234,1.130536375124682,550678826.9587158,1358.44,True,-0.04403585690004874,False,-28.30474652855863,False,False,True,True,False,False,False,False,1225.0516670735676,1213.5527511596679,False,3.4203184935487623,2,0.9509616385824246,21.38817794525225,0.6444851657728383,False,1556.0,0.052850780585622946,0.07163910354658579,False,26.606997558991054,43.0,True,False,2,True,True,False,True,False,True,False,False,4,False,False,2.0,Olectra Greentech Ltd.,Automobile and Auto Components,EQ,INE260D01016,AVOID,Stage 1 + RS 43; weak RS in a basing stage is AVOID.
PAYTM,2026-09-04,1659.5,0.5677846008502598,0.5872788139646101,0.249059182970502,0.33712032281406756,0.4618055042899399,1215.8561643835617,2.8490694596324584,Stage 2 — Advancing,1431.2745098039215,1732.300048828125,False,930.5999755859375,1.247517437408916,2.487214161797079,7931898722.900922,1437.4039990234376,False,36.48818409711856,True,-4.202508039953767,True,True,True,True,False,False,False,False,1215.3513330078124,1234.0330004882812,True,3.423148318461348,3,0.4172052157640571,35.55388830189722,1.004507570249569,False,1732.300048828125,0.0713636048672427,0.07322278789820148,False,4.386866455445926,90.0,True,True,5,True,False,True,True,True,True,True,True,7,False,False,,One 97 Communications Ltd.,Financial Services,EQ,INE982J01020,WAIT,"Stage 2 + RS 90; wait because price is more than 20% above the 30-week line (currently +36%) — the guide treats that as poor entry timing, not a failed trend."
ONESOURCE,2026-09-04,1537.800048828125,-0.16328416758229913,0.15173764609445373,-0.0779469937606394,-0.18180364520982972,-0.08691626560812274,1576.989037918718,1.2998361060701402,Stage 1 — Basing,1600.556858436734,1925.0,False,1057.0,0.48091721315382674,0.8391714416954733,212293075.92419434,1601.4479956054688,True,-2.4850514587161587,False,-20.114283177759738,False,False,True,True,False,False,False,False,1566.4539965820313,1585.8184979248047,False,2.6986609052934396,3,0.5442586527390516,15.793069672022265,0.467604886809835,False,1755.199951171875,0.06613013259981732,0.08270828177269351,False,14.137072144679586,24.0,True,False,2,False,False,False,True,False,True,True,False,3,False,False,3.0,Onesource Specialty Pharma Ltd.,Healthcare,EQ,INE013P01021,AVOID,Stage 1 + RS 24; weak RS in a basing stage is AVOID.
OPTIEMUS,2026-09-04,569.2999877929688,0.25313670061643756,0.5038964632177516,0.03199485651732403,-0.059552307337709554,0.19652248272604828,459.36986301369865,2.616426186415133,Stage 2 — Advancing,567.842155306947,713.0,False,288.0,0.20265528323424617,2.4814750912373498,145417276.59168702,569.8129986572266,True,23.93063490453484,True,-20.154279411925845,True,True,True,True,False,False,False,False,458.1586669921875,468.50350051879883,False,3.9854712707983566,2,0.4505815642870502,30.97579425113464,1.3470923007312592,False,661.0,0.024481650725991875,0.02958205817975004,False,16.107502928733375,73.0,True,True,5,True,False,False,True,False,True,True,True,5,False,False,,Optiemus Infracom Ltd.,Telecommunication,EQ,INE350C01017,HOLD,Stage 2 + RS 73; trend/leadership is adequate without a stronger entry trigger.
OFSS,2026-09-07,11847.0,0.19227092034418547,0.8139925155953756,0.48271101324687216,0.49460614663105473,0.43517030323233474,9343.540333369006,3.4350030431077982,Stage 2 — Advancing,11542.196078431372,12540.0,False,6060.863819699785,0.5641263392101086,1.3351731946925236,2626722994.2,11555.55,False,26.79348060060569,True,-5.52631578947368,True,True,True,True,False,False,False,False,9289.188225911459,8879.424448242187,True,2.884395084952188,2,0.7791890750139743,20.757575757575758,0.7614404528165333,False,12540.0,0.5116124579895334,0.5347468250531646,False,5.84958217270195,89.0,True,True,5,True,True,True,True,True,True,True,True,8,True,False,,Oracle Financial Services Software Ltd.,Information Technology,EQ,INE881D01027,WAIT,"Stage 2 + RS 89; wait because price is more than 20% above the 30-week line (currently +27%) — the guide treats that as poor entry timing, not a failed trend."
ORIENTCEM,2026-09-07,126.55999755859375,-0.04753682622669497,-0.12608982790760204,-0.22279894800669153,-0.4327913843640613,-0.17535076254634896,138.87299894135575,-1.5363676657673686,Stage 4 — Declining,134.54509779986213,236.37657618219657,False,121.84914087413046,1.3267964139317077,0.411596483600956,27512005.668293,134.56019989013672,True,-8.866375376513336,False,-46.45831680841225,False,False,False,False,True,True,False,False,139.6199910990397,146.1973946762085,False,2.464104934697163,3,0.9185975329118131,13.118970969092555,0.6825712304005213,False,143.99000549316406,0.005465490962615134,0.010111042630313599,False,13.772130428890627,10.0,False,False,0,False,False,False,False,False,False,False,False,0,False,False,,Orient Cement Ltd.,Construction Materials,EQ,INE876N01018,SELL,Stage 4 takes precedence: the guide requires SELL regardless of RS.
ORKLAINDIA,2026-09-04,594.1500244140625,,,,,,596.5934912276595,0.173243161071035,Stage 1 — Basing,578.5441140567555,,False,,0.8943383501918823,1.0634913783310993,78572735.3811615,577.6889965820312,False,-0.40956980750306293,False,,False,True,False,True,False,False,False,False,595.4766642252604,600.7434979248047,False,3.1894314682668417,1,1.7743068156407833,13.390930940191403,2.236438050366413,False,625.0499877929688,0.025550278743083916,,False,5.20070051488748,,True,False,2,False,False,False,False,True,False,False,False,1,False,False,2.0,Orkla India Ltd.,Fast Moving Consumer Goods,EQ,INE16NZ01023,AVOID,Stage 1 + RS unavailable; weak RS in a basing stage is AVOID.
OSWALPUMPS,2026-09-04,279.20001220703125,-0.2991088039936466,-0.06355855132444654,-0.4513117640599311,-0.6529521290154987,-0.3532080104774339,359.79931515210296,-1.782178057778061,Stage 4 — Declining,347.3990209242877,840.0,False,275.20001220703125,1.3485682413301365,0.6967415250752103,191043961.7660431,345.71000122070313,True,-22.40118297918351,False,-66.76190330868675,False,False,False,False,True,False,False,False,360.4890000406901,396.2767492675781,False,3.139070989623618,2,0.9630469736469079,38.05986500830905,0.5712144157552413,False,444.29998779296875,0.012006459385400372,0.03615333735437106,False,59.13322649266692,2.0,True,False,0,False,False,False,False,False,False,False,False,0,False,False,,Oswal Pumps Ltd.,Capital Goods,EQ,INE0BYP01024,SELL,Stage 4 takes precedence: the guide requires SELL regardless of RS.
PNGJL,2026-09-04,609.0499877929688,0.10857291723370999,0.19433272519602274,-0.018848187204238864,0.03818283891026675,0.08616264227389414,591.3352732201145,0.4906708600289855,Stage 2 — Advancing,608.0519600662531,736.4000244140625,False,503.0,0.6942389800672889,0.7518566824497762,289612652.3755646,609.5599987792968,True,2.9957141701337786,False,-17.293594839628557,True,True,True,True,False,False,False,False,590.2243326822917,593.4224996948242,False,2.956010120152654,2,0.7077602024910506,26.638772663877262,0.9727263085908743,False,717.0,0.026191023002866173,0.03148948924704608,False,17.724327127599615,58.0,True,True,5,True,False,False,True,False,False,True,False,3,False,False,,P N Gadgil Jewellers Ltd.,Consumer Durables,EQ,INE953R01016,HOLD,Stage 2 + RS 58; trend/leadership is adequate without a stronger entry trigger.
POLICYBZR,2026-09-04,1836.0,0.1950790481328717,0.24054054054054053,-0.009868979316314141,-0.015232795560055856,0.12111937238598279,1608.0267124959867,1.062873377421858,Stage 2 — Advancing,1669.8450879863665,1964.199951171875,False,1364.0,0.23399721592872375,2.085840593863038,2150668581.2655153,1670.9379907226562,False,14.17720773743567,False,-6.526827938030888,True,True,True,True,False,False,False,False,1605.2666674804686,1652.2560034179687,True,2.6427799988267875,2,0.5592598790399022,19.88800130208333,0.5797102329121049,True,1875.0,0.07895364780732606,0.0832318098688407,False,2.12418300653594,63.0,True,True,5,True,False,True,True,True,True,True,False,6,False,False,,PB Fintech Ltd.,Financial Services,EQ,INE417T01026,HOLD,Stage 2 + RS 63; trend/leadership is adequate without a stronger entry trigger.
PCJEWELLER,2026-09-07,13.930000305175781,0.5174291766985999,0.5409292438006159,0.26063349002072633,0.05132077774911559,0.37754837299353156,9.400753413161187,0.5494465248769176,Stage 2 — Advancing,9.978431383768717,15.380000114440918,False,7.46999979019165,8.237561746264928e-06,1.3080720248905309,2944827702.5473366,10.007400016784668,False,48.179615962201325,True,-9.42782703820445,True,True,True,True,False,False,False,False,9.423466657002766,9.625849976539612,False,5.589170512465113,2,1.3936444400229575,39.77273019754198,1.2385483221085989,False,14.079999923706055,0.0006015667844961536,0.0006352337623037265,False,1.0768098725348896,87.0,True,True,5,True,False,False,True,True,True,True,True,6,False,False,,PC Jeweller Ltd.,Consumer Durables,EQ,INE785M01021,WAIT,"Stage 2 + RS 87; wait because price is more than 20% above the 30-week line (currently +48%) — the guide treats that as poor entry timing, not a failed trend."
PCBL,2026-09-04,317.0,0.09682987106716845,0.12386706687142857,0.018298771644638556,-0.1324626381081484,0.040672588508451124,294.8239411654538,1.1256731738483516,Stage 2 — Advancing,318.364854999617,413.2299507534673,False,223.3811204499978,0.30838624037401563,1.4280859512610862,312918452.2382523,318.47156311035155,True,7.521797160326638,False,-23.28726428904908,True,False,True,True,False,False,False,False,294.40274739583333,294.5802116394043,False,2.664489195979678,3,0.6083548438727582,21.122996509395563,0.32760479503385254,False,368.8500656499259,0.013631975138846602,0.01708205381173564,False,16.356487586727408,50.0,True,True,4,True,False,False,True,False,True,True,False,4,False,False,,PCBL Chemical Ltd.,Chemicals,EQ,INE602A01031,HOLD,Stage 2 + RS 50; trend/leadership is adequate without a stronger entry trigger.
PGEL,2026-09-07,559.5499877929688,0.15287932575739527,-0.0815757278736664,0.01020033061901926,0.010189644430741662,0.048914579738177005,551.6198651039437,0.27947243532087107,Stage 2 — Advancing,590.745101629519,644.4000244140625,False,436.54998779296875,0.3433315643664471,0.49029316223621805,718298754.6118743,591.8300036621093,True,1.4376064370942743,False,-13.16729258324375,True,False,True,True,True,True,False,False,552.3986686197917,557.4557514953614,True,2.4579699502610644,2,0.6753711983859723,17.602303668355468,0.38133616227419803,False,643.9500122070312,0.024164155028511367,0.027103384145937923,False,15.083553972891895,51.0,True,True,4,True,False,True,True,False,False,True,False,4,False,False,,PG Electroplast Ltd.,Consumer Durables,EQ,INE457L01029,REDUCE,Stage 2 + RS 51; distribution warning (U/D 0.49) triggers REDUCE.
PIIND,2026-09-07,2430.0,-0.1027181655109819,-0.20810430292861892,-0.2807252063132527,-0.33331627542660736,-0.20551642313808857,2819.566494876391,-1.6839583519273171,Stage 4 — Declining,2592.736677581189,3812.9263498994665,False,2353.5,0.40206911282837327,0.5104853042337049,798382509.5137329,2593.578515625,True,-13.816538662389998,False,-36.26942203947709,False,False,False,False,True,True,False,False,2827.905174153646,2935.569476318359,False,2.065548815494562,2,1.3584776141888808,16.978995274268346,0.7695543402404585,False,2834.82476245021,0.10493950138554622,0.1610899579720502,False,16.659455244864606,6.0,True,False,0,False,False,False,False,False,False,False,False,0,False,False,,PI Industries Ltd.,Chemicals,EQ,INE603J01030,SELL,Stage 4 takes precedence: the guide requires SELL regardless of RS.
PNBHOUSING,2026-09-04,1166.0,0.1758050254767325,0.5004782524346576,0.3319349130796938,0.5015328353098856,0.3371112103555404,986.881266136692,2.311606891586937,Stage 2 — Advancing,1108.9372103821997,1211.5,False,723.9501950006703,0.9603674850613892,2.6248775562762523,924606429.0766907,1110.3817651367187,False,18.14997811889747,False,-3.755674783326457,True,True,True,True,False,False,False,False,982.5508483886719,965.3841290283203,True,2.46569617826896,2,0.8370809238441047,16.114827061438554,0.7968481091043901,False,1211.5,0.050141586788312736,0.05029882335970473,True,3.9022298456260707,85.0,True,True,5,True,True,True,True,True,True,True,True,8,True,False,,PNB Housing Finance Ltd.,Financial Services,EQ,INE572E01012,HOLD,Stage 2 + RS 85; trend/leadership is adequate without a stronger entry trigger.
PNCINFRA,2026-09-04,183.11000061035156,-0.12920866619112958,-0.07234408441892803,-0.24991805557569613,-0.3985609423113934,-0.19584808293765535,213.3730819911173,-0.8374991670125898,Stage 4 — Declining,225.74097996132048,324.36408636405883,False,158.1699981689453,0.8464484913193021,0.377370245503265,138900592.41520843,225.60979949951172,True,-14.183176761736782,False,-43.54800413852442,False,False,True,False,True,True,False,False,213.70999989827473,221.28039962768554,False,3.162814577482064,1,1.8039641980079646,31.226053639846747,0.7353294523797876,False,261.0,0.007874293299667188,0.013685900006630435,False,42.53727220251298,7.0,True,False,1,False,False,False,True,False,False,False,False,1,False,False,,PNC Infratech Ltd.,Construction,EQ,INE195J01029,SELL,Stage 4 takes precedence: the guide requires SELL regardless of RS.
PTC,2026-09-07,154.77999877929688,-0.05350320456386404,0.10367755351447716,0.13518076431187898,0.011347529892776098,0.028639887718280837,159.95209931674069,0.19821812631382052,Stage 1 — Basing,157.14637247721353,203.5447632528218,False,130.34474084135397,0.4708423979056898,0.33425165895461084,286078810.89927447,157.06305633544923,True,-3.233530888020364,False,-23.957759312606086,False,False,False,True,True,True,False,False,159.86156422932942,154.77021072387694,True,2.017149794057187,3,0.6277277417836886,19.78452638345764,1.086829544164333,False,181.0981776697945,0.006684171150763319,0.008686815992933614,False,17.003604534217054,48.0,True,False,1,False,True,True,False,False,False,True,False,3,False,False,2.0,PTC India Ltd.,Power,EQ,INE877F01012,AVOID,Stage 1 + RS 48; weak RS in a basing stage is AVOID.
PTCIL,2026-09-04,23830.0,0.27514982876712324,0.3263943003450962,0.30503833515881706,0.7410681668736758,0.3845600919823671,17747.80821917808,1.727583934121868,Stage 2 — Advancing,18961.980392156864,24125.0,True,13400.0,2.2078778639160097,3.430606214221244,1149625805.7,18992.64,False,34.270100880679855,True,-1.222797927461139,True,True,True,True,False,False,True,True,17748.053333333333,17812.525,True,4.067801690546131,1,2.242424140452317,30.155440414507773,2.394423968412258,False,24125.0,1.0247633046016231,1.0247633046016231,True,1.2379353755769928,87.0,True,True,5,True,False,True,True,True,True,True,True,7,False,False,,PTC Industries Ltd.,Capital Goods,EQ,INE596F01018,WAIT,"Stage 2 + RS 87; wait because price is more than 20% above the 30-week line (currently +34%) — the guide treats that as poor entry timing, not a failed trend."
PVRINOX,2026-09-07,1156.5,0.18828666837914199,0.1301671199022627,0.060036663611365615,0.0088981512146864,0.11513505429731975,1037.5071950416043,1.6915693371197582,Stage 2 — Advancing,1113.0323534198835,1284.5,False,907.4000244140625,7.451017292953786,0.6161955444475077,726822570.5339416,1116.065,False,11.469106482063873,False,-9.964966913195795,True,True,True,True,True,False,False,False,1036.4653369140624,1035.3772525024415,True,3.60261904038123,1,1.7605083006863584,25.340599455040874,2.4019518724953404,False,1284.5,0.04994342936312107,0.05364656728993957,False,11.067877215737143,63.0,True,True,5,True,True,True,True,True,False,True,False,6,False,False,,PVR INOX Ltd.,Media Entertainment & Publication,EQ,INE191H01014,REDUCE,Stage 2 + RS 63; distribution warning (U/D 0.62) triggers REDUCE.
PAGEIND,2026-09-07,35825.0,-0.060560899801391455,0.14462447282555901,-0.030956211185866667,-0.1777919924549649,-0.037049106083611096,36579.56375269397,0.4984701399474156,Stage 1 — Basing,38731.94224877451,45150.8475731383,False,29525.275495071917,0.3529345789658709,0.735741191455329,1273087361.6,38702.918125,True,-2.062801398604419,False,-20.65486712742586,False,False,True,True,False,False,False,False,36492.901692708336,36247.89267578125,False,1.9379922241052738,2,0.3521898593569546,19.521633952560197,0.6065353348657002,False,43614.205560919945,1.5471019082869109,1.9086916412273647,False,21.74237421052323,35.0,True,False,2,False,True,False,True,False,False,True,False,3,False,False,3.0,Page Industries Ltd.,Textiles,EQ,INE761H01022,AVOID,Stage 1 + RS 35; weak RS in a basing stage is AVOID.
PARADEEP,2026-09-04,157.0,0.2579263532839291,0.4495249385679725,0.01044566781625389,-0.23465420292409989,0.14823382200559695,129.6700571661126,1.4656862125627779,Stage 2 — Advancing,145.11157286400888,206.2054884880738,False,98.72591600991848,0.43333206901037885,3.4172345945352887,961009193.2555802,145.31760620117188,False,21.076525630644728,True,-23.862356355718273,True,True,True,True,False,False,False,False,129.63270706176758,134.86703105926514,False,3.6408623837073417,2,1.1462951293201524,21.249994805647816,1.266004826810846,False,166.35862090281103,0.006751482955201629,0.00871807833430651,False,5.960905033637598,67.0,True,True,5,True,False,False,True,True,True,True,False,5,False,False,,Paradeep Phosphates Ltd.,Chemicals,EQ,INE088F01024,HOLD,Stage 2 + RS 67; trend/leadership is adequate without a stronger entry trigger.
PARAS,2026-09-04,1414.9000244140625,0.5841052653373973,0.9636269782305174,1.011469208368652,1.1270534680232553,0.8540720370594439,976.3129861910049,5.5405525309737635,Stage 2 — Advancing,1313.3993709788604,1583.9105379095645,False,580.1009628646058,0.3268354959710139,1.270374558152329,2251964653.9092407,1315.0093188476562,False,44.92279058318833,True,-10.670458302434238,True,True,True,True,False,False,False,False,967.8002543131511,895.4632775878906,True,5.299123577000342,2,0.6326728603108394,27.29337404947755,0.39169150798924685,False,1583.9105379095645,0.060845053491375235,0.06502318547489576,False,11.945049867780755,97.0,True,True,5,True,True,True,True,True,True,True,True,8,True,False,,Paras Defence and Space Technologies Ltd.,Capital Goods,EQ,INE045601023,WAIT,"Stage 2 + RS 97; wait because price is more than 20% above the 30-week line (currently +45%) — the guide treats that as poor entry timing, not a failed trend."
PARKHOSPS,2026-09-04,286.25,,,,,,247.17554766511265,3.5211307121900903,Stage 2 — Advancing,284.19019571940106,,False,,0.6303142963099853,1.1676059155557394,163601110.90556946,284.16399963378905,False,15.808381008556571,False,,True,True,True,True,False,False,False,False,244.7412664794922,,False,2.8646300393792887,3,0.5728941730823287,12.622950819672132,0.8121807122039864,False,305.0,0.012309630547302334,,False,6.550218340611358,,True,False,4,False,False,False,False,True,False,False,False,1,False,False,,Park Medi World Ltd.,Healthcare,EQ,INE119201023,WAIT,Stage 2 + RS unavailable; wait for a clearer entry trigger; no breakout setup is present.
PATANJALI,2026-09-07,340.8999938964844,-0.1838739537792533,-0.31190751902268365,-0.3746828242324526,-0.42077081076865575,-0.29502181231645974,428.95192269103165,-2.4349409403442435,Stage 4 — Declining,361.98904777975645,606.7970321970149,False,326.057353105007,0.36249236588921113,0.5066511114318164,963145554.41875,361.03070251464845,True,-20.527225578604035,False,-43.81976578524185,False,False,False,False,True,True,False,False,431.0789438883464,457.6224946594238,False,1.7121999368041665,3,1.7603495305243497,21.389215304413,0.36960424007271275,False,414.77432691663614,0.014721759416392107,0.025912699070528213,False,21.670382617426508,2.0,True,False,0,False,False,False,False,False,False,False,False,0,False,False,,Patanjali Foods Ltd.,Fast Moving Consumer Goods,EQ,INE619A01035,SELL,Stage 4 takes precedence: the guide requires SELL regardless of RS.
PGIL,2026-09-04,2278.300048828125,0.3571812206449867,0.47881251819908766,0.39914034265599585,0.8829480707681616,0.49505267458264374,1792.8964658539871,2.883442744921183,Stage 2 — Advancing,2179.403928270527,2539.60009765625,False,1167.6433047093678,0.6208759873565091,1.0936254896386373,179173592.2848877,2181.5720068359374,False,27.073709621204035,True,-10.289023420233523,True,True,True,True,False,False,False,False,1790.98861328125,1737.8954864501952,True,3.728971228526786,1,0.9656114455497664,25.13388030726571,0.3997515098112257,False,2539.60009765625,0.09797391048724921,0.10506453378601849,False,11.46907971856157,91.0,True,True,5,True,True,True,True,True,True,True,True,8,True,False,,Pearl Global Industries Ltd.,Textiles,EQ,INE940H01022,WAIT,"Stage 2 + RS 91; wait because price is more than 20% above the 30-week line (currently +27%) — the guide treats that as poor entry timing, not a failed trend."
PERSISTENT,2026-09-07,5540.0,0.1033524510477497,0.16362979984010995,-0.1443627010697729,0.08713622096865414,0.06262164436689813,5108.454058085403,-0.5250800472070938,Stage 3 — Topping,5296.065085018382,6552.654210942315,False,4229.809203861739,0.5190814893299639,0.9119500299130999,2658770613.45,5316.3139453125,False,8.447681764536341,False,-15.454107272306207,True,True,True,False,False,False,False,False,5132.319254557292,5416.823864746094,False,2.8526302217637958,2,0.35069111371206824,28.429624300139782,0.6682105898956986,False,5910.0,0.23924478916704778,0.27446080135776896,False,6.678700361010836,54.0,True,True,4,True,False,False,False,True,True,True,False,4,False,False,,Persistent Systems Ltd.,Information Technology,EQ,INE262H01021,REDUCE,Stage 3 with RS 54; the guide requires REDUCE when RS is 50 or higher.
PETRONET,2026-09-04,288.1000061035156,0.08315778773071636,0.04079863723775823,0.037279248308130786,0.08938133547013982,0.06675495929549231,278.3963708746923,0.13494734206971337,Stage 2 — Advancing,281.7852944766774,322.6775170144611,False,232.6659092397909,0.72382918956501,2.2396684954755672,598801629.9946197,281.77600036621095,False,3.4855465961483256,False,-10.715810395118375,True,True,True,True,False,False,False,False,278.7820412190755,277.9538098144531,True,2.021869331532493,3,0.8389257060604878,11.061210686918589,0.7503481990674878,False,300.6000061035156,0.012389186500645676,0.013800397393163572,False,4.33877116806054,55.0,True,True,5,True,True,True,True,True,False,True,False,6,False,False,,Petronet LNG Ltd.,Oil Gas & Consumable Fuels,EQ,INE347G01014,HOLD,Stage 2 + RS 55; trend/leadership is adequate without a stronger entry trigger.
PFIZER,2026-09-04,4609.7001953125,0.05926375815303464,-0.03740106017083289,-0.06328976019726673,-0.09127297610495677,-0.014687256033397423,4685.430943561422,0.2047188094233432,Stage 1 — Basing,4697.948002833946,5489.439888599995,False,4290.491591019992,0.8055455904996849,2.0014298854192387,270272187.6885498,4704.117255859375,True,-1.6163027299119448,False,-16.026037467218913,False,False,True,True,False,False,False,False,4681.59822265625,4720.242211914063,False,2.150278078141642,1,1.103421866448674,16.67330372849113,0.46886593986740027,False,5149.0,0.19823128851746474,0.23358097023728974,False,11.699238168154658,38.0,True,False,2,False,False,False,False,False,False,True,False,1,False,False,2.0,Pfizer Ltd.,Healthcare,EQ,INE182A01018,AVOID,Stage 1 + RS 38; weak RS in a basing stage is AVOID.
PHOENIXLTD,2026-09-07,1905.0,0.08788762866755562,0.1877298902691491,0.10428382526233504,0.256872190900608,0.1449322327534407,1814.2441380994073,0.8354999720413758,Stage 2 — Advancing,1978.4470549938726,2169.800048828125,False,1465.5999755859375,0.38091226912203907,0.591140409412304,724105799.5811707,1979.77599609375,True,5.002406236002388,False,-12.203891735145799,True,False,True,True,True,True,False,False,1810.2639998372397,1805.8949987792969,True,1.9857530626054558,3,0.44145477317948884,13.922946394042599,0.5957232005215384,True,2169.800048828125,0.08226738688866896,0.09226004689765252,False,13.900265030347757,66.0,True,True,4,True,True,True,True,False,False,True,False,5,False,False,,Phoenix Mills Ltd.,Realty,EQ,INE211B01039,REDUCE,Stage 2 + RS 66; distribution warning (U/D 0.59) triggers REDUCE.
PWL,2026-09-04,126.41999816894531,,,,,,111.29835593863709,0.0024268312611708254,Stage 2 — Advancing,128.12843053481157,,False,,4.744574766693879,2.9879185818743546,2297943144.765404,128.18419921875,True,13.586581852696323,False,,True,False,True,True,False,False,False,False,111.53526646931967,116.28994953155518,False,4.382783059774695,2,0.5229896470827615,29.505109105658622,1.2316366253606212,False,159.42999267578125,0.0054364488078615,,False,26.111370815495505,,True,False,3,True,False,False,True,False,False,False,False,2,False,False,,Physicswallah Ltd.,Consumer Services,EQ,INE0LP301011,WAIT,Stage 2 + RS unavailable; wait because the close is below its 50-session average — short-term timing has weakened even though the 30-week trend is intact.
PICCADIL,2026-09-07,617.9500122070312,0.06902521452582899,0.1370871254514181,0.061131687324747386,0.02991668701171868,0.07323718576790843,616.9955477779858,0.6036912646153025,Stage 2 — Advancing,690.7803907207414,809.7000122070312,False,515.0,1.0042089017789477,0.3806505970799983,311063786.67286074,693.2999987792969,True,0.15469551319822195,False,-23.681610115990914,True,False,True,True,True,True,False,False,616.1223331705729,607.5254992675781,True,3.36885863956701,3,0.5097443219743761,30.264293454192536,0.5256522474213818,True,809.7000122070312,0.0266861589144848,0.03311502827396374,False,31.030017996950555,57.0,True,True,4,True,True,True,True,False,False,True,False,5,False,False,,Piccadily Agro Industries Ltd.,Fast Moving Consumer Goods,EQ,INE546C01010,REDUCE,Stage 2 + RS 57; distribution warning (U/D 0.38) triggers REDUCE.
PIDILITIND,2026-09-07,1575.0,0.0743200423586381,0.1063892038557952,0.07541248358321462,0.02506598727231979,0.07110155188572118,1495.4471184717465,0.9365217804881087,Stage 2 — Advancing,1621.5653602749694,1707.5,False,1249.9992446237347,0.6031165198000507,0.9727466664213305,1319724098.8625245,1622.2333813476562,True,5.319671992785113,False,-7.759882869692536,True,False,True,True,False,False,False,False,1494.2685327148438,1484.9932867431642,True,2.010885018069728,2,1.6344750716897973,10.024160090972776,0.7944603602127698,False,1707.5,0.0680163434906318,0.07196907420506707,False,8.412698412698404,56.0,True,True,4,True,True,True,True,False,False,True,False,5,False,False,,Pidilite Industries Ltd.,Chemicals,EQ,INE318A01026,HOLD,Stage 2 + RS 56; trend/leadership is adequate without a stronger entry trigger.
PINELABS,2026-09-04,166.3699951171875,,,,,,167.14068488552147,-2.3260827351587743,Stage 4 — Declining,155.73176484949448,,False,,2.5462987915247113,2.293598931724367,3277465542.2074647,155.645,False,-0.46110243526992223,False,,False,True,False,False,False,False,False,False,168.62026662190755,185.389349899292,False,4.0383304450657365,3,0.8152019053226335,20.109769838232157,0.9278705602372749,False,173.10000610351562,0.007154421568730381,,False,4.045207179087584,,True,False,1,False,False,False,False,True,False,False,False,1,False,False,,Pine Labs Ltd.,Financial Services,EQ,INE15B701018,SELL,Stage 4 takes precedence: the guide requires SELL regardless of RS.
PIRAMALFIN,2026-09-04,2225.0,,,,,,1953.6286980615903,1.6821871288007495,Stage 2 — Advancing,2137.466667624081,,False,,0.2872643673553149,1.4152387303991365,788181231.281421,2137.5960009765627,False,13.890628357766598,False,,True,True,True,True,False,False,False,False,1946.8926261393228,1875.0127960205077,False,3.0516841392455865,1,1.5497169246032236,15.210843373493976,1.708864754088217,False,2324.0,0.0956818444288129,,False,4.449438202247191,,True,False,4,True,True,False,True,True,False,False,False,4,False,False,,Piramal Finance Ltd.,Financial Services,EQ,INE202B01038,WAIT,Stage 2 + RS unavailable; wait for a clearer entry trigger; no breakout setup is present.
PPLPHARMA,2026-09-04,214.22000122070312,0.263238583014767,0.4064736698475264,0.18451752275909272,0.07659064137297511,0.23881180000182567,171.75945125214042,2.295509678963681,Stage 2 — Advancing,194.24019548004748,220.36000061035156,True,132.3000030517578,0.41260214943075374,1.1440258099269827,851128787.6221596,194.77119934082032,False,24.720939464478864,True,-2.786349325032633,True,True,True,True,False,False,False,False,171.42619923909504,171.69739952087403,True,3.12562484829383,3,0.7050384034182443,25.036303329159487,0.35586974101320623,False,220.36000061035156,0.009212119024871653,0.009294239781654902,False,2.8662120038560834,78.0,True,True,5,True,False,True,True,True,True,True,True,7,False,False,,Piramal Pharma Ltd.,Healthcare,EQ,INE0DK501011,HOLD,Stage 2 + RS 78; trend/leadership is adequate without a stronger entry trigger.
POLYMED,2026-09-07,1701.0999755859375,0.20058003492994714,0.25697480929002814,-0.10242558226128362,-0.1636904486843952,0.07840376964084873,1522.3023790333368,1.0405212337616154,Stage 2 — Advancing,1711.5478372012867,2103.492450651864,False,1179.584393160086,1.1857343971116567,1.8481399302286596,398610030.3345947,1712.7943408203125,True,11.745209034366578,False,-19.129732314524194,True,False,True,True,False,False,False,False,1521.5992903645833,1582.4777996826172,False,3.7704964113201886,2,1.0060590702946834,16.099700114312395,1.5232528962437406,False,1909.7889822218483,0.07346196841356097,0.08807281910985301,False,12.26788605202518,57.0,True,True,4,True,False,False,True,False,True,True,False,4,False,False,,Poly Medicure Ltd.,Healthcare,EQ,INE205C01021,HOLD,Stage 2 + RS 57; trend/leadership is adequate without a stronger entry trigger.
POLYCAB,2026-09-07,8261.0,-0.1442213628620861,-0.02944379881671333,0.1437504351970471,0.1483393988395334,-0.005159338100860996,8661.659744889768,1.3949979547491553,Stage 1 — Basing,9158.519607843138,10126.0,False,6631.534745548168,1.540749905677658,0.5979470154115937,3391113315.825,9146.11,True,-4.625669406214561,False,-18.417934031206794,False,False,True,True,True,True,False,False,8631.695045572917,8304.758581542968,True,2.944126446123783,3,1.3439362853505727,18.31534772182254,1.5202879652589252,False,10008.0,0.3567511197308631,0.43565992085962413,False,21.147560827986922,42.0,True,False,2,False,True,True,True,False,False,True,False,4,False,False,1.0,Polycab India Ltd.,Capital Goods,EQ,INE455K01017,AVOID,Stage 1 + RS 42; weak RS in a basing stage is AVOID.
POONAWALLA,2026-09-07,459.1499938964844,0.17776064308837736,0.08417944249465026,-0.0244342933159144,0.0638322228993693,0.09581973165097199,438.1873290179527,0.9430770039314806,Stage 2 — Advancing,472.8156869925705,570.4000244140625,False,361.20001220703125,0.32732974705157103,0.6801023811257432,479889724.6872147,473.70300048828125,True,4.783950491108979,False,-19.503861457905536,True,False,True,True,True,False,False,False,437.64333353678387,442.3470002746582,True,2.6236372591580723,3,0.6525720502363727,15.608516282311507,0.45402856430373195,False,511.8999938964844,0.01982838330068875,0.023206223505441423,False,11.488620429317153,59.0,True,True,4,True,False,True,True,False,False,True,False,4,False,False,,Poonawalla Fincorp Ltd.,Financial Services,EQ,INE511C01022,REDUCE,Stage 2 + RS 59; distribution warning (U/D 0.68) triggers REDUCE.
PFC,2026-09-07,353.1000061035156,-0.16557816785894197,-0.10967229555320968,0.039846000014019944,-0.06074300493730933,-0.09234512723887661,408.21407516688515,-0.3979130503015571,Stage 4 — Declining,389.107780306947,476.82888450136187,False,317.6633741663369,0.8644625572411536,0.6172311340805389,3364653457.1548386,388.56968811035154,True,-13.501266226755638,False,-25.948276712983574,False,False,False,False,True,False,False,False,407.8651489257812,392.4493928527832,False,2.299369355282708,2,0.9840632609847169,20.903437763435758,1.448514281146983,False,425.1764909670198,0.015248616699479942,0.02072558023185853,False,20.412484740193992,23.0,True,False,0,False,True,False,False,False,False,False,False,1,False,False,,Power Finance Corporation Ltd.,Financial Services,EQ,INE134E01011,SELL,Stage 4 takes precedence: the guide requires SELL regardless of RS.
POWERGRID,2026-09-04,266.0,-0.06535490409213263,-0.08888512115775915,-0.00042305157456268283,-0.029413824739263794,-0.04988636113117018,291.86198634317475,-0.04162313399647122,Stage 4 — Declining,277.5549017214308,324.95001220703125,False,247.224610170096,0.932926757267866,0.8528923195861569,2200846253.042566,277.42799987792966,True,-8.861032800882096,False,-18.141255575480074,False,False,False,False,False,False,False,False,291.544194132487,283.9734018707275,False,1.7722895014811022,3,1.0568853743729805,11.016658695709246,0.8612131971566832,False,294.1000061035156,0.011438818255309766,0.014619451763481162,False,10.563912068990833,32.0,True,False,0,False,True,False,False,False,False,True,False,2,False,False,,Power Grid Corporation of India Ltd.,Power,EQ,INE752E01010,SELL,Stage 4 takes precedence: the guide requires SELL regardless of RS.
POWERMECH,2026-09-04,2306.10009765625,-0.12198739856986485,0.17442459071538274,0.022933018786396753,-0.2536757853391455,-0.06005859459541914,2403.521924162564,1.1044204957557202,Stage 1 — Basing,2563.923540900735,3144.6219185600457,False,1717.699951171875,2.192905564762413,0.41352548345463214,162713437.3923706,2560.000009765625,True,-4.053294689219777,False,-26.665266687696544,False,False,True,True,True,True,False,False,2395.536005859375,2363.901007080078,False,2.908125984887411,2,1.2902563182471685,18.92209804514845,0.5592392865336294,False,2799.89990234375,0.0991693981039171,0.13410729754181985,False,21.412765438471727,30.0,True,False,2,False,True,False,True,False,True,False,False,3,False,False,2.0,Power Mech Projects Ltd.,Construction,EQ,INE211R01019,AVOID,Stage 1 + RS 30; weak RS in a basing stage is AVOID.
PRAJIND,2026-09-04,335.54998779296875,-0.03002225815025783,0.07539679046642678,0.07795841949656057,-0.15573332317732858,-0.012484525902971378,340.5311028467466,1.173207312088831,Stage 1 — Basing,336.4683323280484,422.8048706122484,False,269.90699581373747,0.45992167647332866,2.6293700552747694,412592535.57913667,336.30370056152344,True,-1.4627489272307503,False,-20.6371517652881,False,False,False,True,False,False,False,False,339.0215110270182,332.21957748413087,True,3.70819802337918,2,1.3318502264029626,18.227543239202284,0.7422378641029242,False,363.6823786226422,0.014429681676448047,0.018010699703129626,False,8.383964194041592,39.0,True,False,1,False,True,True,False,False,False,True,False,3,False,False,2.0,Praj Industries Ltd.,Capital Goods,EQ,INE074A01025,AVOID,Stage 1 + RS 39; weak RS in a basing stage is AVOID.
PREMIERENE,2026-09-04,1002.0,-0.07032848895353194,0.41990705475528545,0.06453458456983396,-0.009641129339969634,0.06682870641561718,970.7747635514769,1.840684352543276,Stage 2 — Advancing,1039.1392152075673,1134.0,False,666.4089382565205,0.936781949698281,0.8787156880885625,1034006522.5306915,1038.91,True,3.216527419222248,False,-11.64021164021164,True,False,True,True,False,False,False,False,965.5022452799479,935.370270690918,False,3.023953923208271,3,0.7532088408069199,14.19753086419753,1.0730230940750318,False,1134.0,0.04308908230007664,0.049179886010083385,False,13.173652694610771,55.0,True,True,4,True,True,False,True,False,True,True,False,5,False,False,,Premier Energies Ltd.,Capital Goods,EQ,INE0BS701011,HOLD,Stage 2 + RS 55; trend/leadership is adequate without a stronger entry trigger.
PRESTIGE,2026-09-07,1550.0,0.12370667446861194,0.1620750382939491,-0.08152254188868002,0.027442096740547983,0.0710815884166082,1468.0530830278788,0.5962137880162199,Stage 2 — Advancing,1626.0387537339154,1802.9302554788078,False,1088.629585901896,0.3377896591647954,0.7590410917554943,834685125.4003967,1627.8102392578126,True,5.582013206436964,False,-14.02884302985068,True,False,True,True,False,False,False,False,1469.9167057291668,1496.9563745117186,False,3.2179737003168203,3,0.6506491755380123,12.505549352538885,0.6440345824050739,False,1739.3103649051645,0.06693671899078052,0.07476882169158322,False,12.213571929365452,56.0,True,True,4,True,False,False,True,False,True,True,False,4,False,False,,Prestige Estates Projects Ltd.,Realty,EQ,INE811K01011,HOLD,Stage 2 + RS 56; trend/leadership is adequate without a stronger entry trigger.
PRICOLLTD,2026-09-04,764.9500122070312,0.34567683310812236,0.3546130612205194,0.23538436228465076,0.5344854986580994,0.3631673176759029,617.2462310791016,2.401735352779011,Stage 2 — Advancing,699.6166657092524,823.0,False,487.5929156634234,0.41112380522376796,0.8574141806018111,347661343.57339174,701.8749987792969,False,23.929474768878922,True,-7.053461457225851,True,True,True,True,False,False,False,False,616.0999981689453,617.9687495422363,True,3.5184370759995023,3,1.0472947482468982,29.465370595382744,0.5326117777329101,False,823.0,0.03289520362418503,0.03440490556245863,False,7.588729572731578,86.0,True,True,5,True,False,True,True,True,True,True,True,7,False,False,,Pricol Ltd.,Automobile and Auto Components,EQ,INE726V01018,WAIT,"Stage 2 + RS 86; wait because price is more than 20% above the 30-week line (currently +24%) — the guide treats that as poor entry timing, not a failed trend."
PFOCUS,2026-09-04,307.0,0.342017867511472,0.10114782439650605,0.7247191011235956,1.1322406522427761,0.5284286625571645,276.15013624217414,1.4085126224906652,Stage 2 — Advancing,275.85705745921416,367.0,False,152.89999389648438,2.42016778378735,1.8542127959482477,286460905.1274735,277.17539855957034,False,11.171409935779142,False,-16.34877384196185,True,True,False,True,False,False,False,False,275.565266011556,259.4388494873047,True,4.570730856375786,3,0.592996779437599,34.20216275142444,0.9660776258361384,False,314.6000061035156,0.013201944377368791,0.016490476672312047,False,2.475572020689132,92.0,True,True,4,True,True,True,True,True,True,True,True,8,True,False,,Prime Focus Ltd.,Media Entertainment & Publication,EQ,INE367G01038,HOLD,Stage 2 + RS 92; trend/leadership is adequate without a stronger entry trigger.
PRSMJOHNSN,2026-09-07,112.20999908447266,-0.059508830939622226,-0.10582515742580123,-0.1549179084495631,-0.23143836243511884,-0.12223981803794554,119.6797930487271,-0.6787369391890397,Stage 4 — Declining,110.51019586301318,176.0,False,97.0999984741211,0.12455758989531797,3.017116688758946,306507476.18242073,110.36939971923829,False,-6.241483022295302,False,-36.24431870200417,False,True,False,False,False,False,False,False,119.81773330688476,123.03055004119874,False,2.9008114693130778,2,0.9421425079571463,25.877863760212904,0.22933824063349534,False,131.0,0.004845786565595539,0.00733198972251804,False,16.74538906410834,17.0,True,False,1,False,False,False,False,True,False,False,False,1,False,False,,Prism Johnson Ltd.,Construction Materials,EQ,INE010A01011,SELL,Stage 4 takes precedence: the guide requires SELL regardless of RS.
PRIVISCL,2026-09-04,3367.300048828125,0.035051206756425035,0.18853640150230389,0.051816312887811966,0.5108505501954335,0.1642611356196799,3268.3128060118793,1.2234280502684935,Stage 2 — Advancing,3569.048215379902,3774.7057070510364,False,2229.7419307765467,0.6433189199847885,0.38356779891515985,199530087.5041748,3569.617919921875,True,3.0286954980002,False,-10.793044275263364,True,False,True,True,True,True,False,False,3256.181897786458,3182.9846203613283,True,2.1443635040911118,2,0.8682740767278461,12.488540691856846,0.6623180926824234,False,3774.7057070510364,0.1448042604121828,0.16077086931723067,False,12.098881962262166,69.0,True,True,4,True,True,True,True,False,True,True,False,6,False,False,,Privi Speciality Chemicals Ltd.,Chemicals,EQ,INE959A01019,REDUCE,Stage 2 + RS 69; distribution warning (U/D 0.38) triggers REDUCE.
PRUDENT,2026-09-04,3347.60009765625,0.2793711195786066,0.49977473469390876,0.2998124852533932,0.21791300107519573,0.3152484920359422,2804.150191945043,2.4225839294541585,Stage 2 — Advancing,3166.2574917662378,4105.5,False,2118.407683707669,1.3711666589358011,0.4935300935448159,173810143.07052,3169.88169921875,False,19.380199650941442,False,-18.46059925328827,True,True,True,True,True,True,False,False,2793.564425455729,2721.8584497070315,True,5.419446733926922,1,4.508542409737764,32.72439410546827,0.9637767892484873,False,4105.5,0.1439571019118311,0.15668849136794086,False,22.640096792755426,83.0,True,True,5,True,True,True,True,True,True,True,True,8,True,False,,Prudent Corporate Advisory Services Ltd.,Financial Services,EQ,INE00F201020,REDUCE,Stage 2 + RS 83; distribution warning (U/D 0.49) triggers REDUCE.
PNB,2026-09-07,115.5999984741211,0.11334999545899027,-0.002921431362518212,-0.022582825108653726,0.14661636724480576,0.06956242033832288,109.94995530010902,-0.25374583417753227,Stage 3 — Topping,111.87117692535999,131.33111679644097,False,95.71672519141161,0.6737533475746861,1.4597025151121672,1595951426.803103,111.96940048217773,False,5.138740764914584,False,-11.978211033339958,True,True,True,False,False,False,False,False,110.2212114461263,112.47481796264648,False,1.7758269268622113,2,0.5879249029883701,15.941425147914487,0.7511379029198785,False,119.5,0.004992183621417355,0.005476615598736377,False,3.37370378664148,56.0,True,True,4,True,False,False,False,True,False,True,False,3,False,False,,Punjab National Bank,Financial Services,EQ,INE160A01022,REDUCE,Stage 3 with RS 56; the guide requires REDUCE when RS is 50 or higher.
PURVA,2026-09-04,230.72000122070312,0.09252774515870499,0.2790066079125606,-0.03359304719749023,-0.20317730634590692,0.045458348937314694,212.7334483179553,-0.4354370431525978,Stage 3 — Topping,217.6003920611213,294.5,False,160.69000244140625,17.960379761495563,15.510091087106002,512806645.5936531,217.69299987792968,False,8.454971723988036,False,-21.657045425907263,True,True,True,False,False,False,False,False,213.4933334350586,220.23199996948242,False,3.6472784635076723,2,2.072219319833607,21.122990974583217,1.9724848271987796,False,261.79998779296875,0.00992166978131004,0.012646112854273743,False,13.47086789520906,50.0,True,True,4,True,False,False,False,True,True,True,False,4,False,False,,Puravankara Ltd.,Realty,EQ,INE323I01011,REDUCE,Stage 3 with RS 50; the guide requires REDUCE when RS is 50 or higher.
QPOWER,2026-09-04,1495.300048828125,0.46483113213007377,0.89459407625087,1.059477629499586,0.7379928679781413,0.7243453675977489,1106.6103331683432,4.421548528749519,Stage 2 — Advancing,1225.887025122549,1502.699951171875,True,580.8863637342646,1.2420372042370706,2.451893232339331,431594801.7526611,1225.3016772460937,False,35.12435262979352,True,-0.49244044614357163,True,True,True,True,False,False,False,False,1097.387421875,1001.4509078979493,True,4.201259046347392,2,0.9893982250705925,29.43418469561262,1.9724632092654746,False,1502.699951171875,0.06430250186353663,0.06430250186353663,True,0.4948774227319319,97.0,True,True,5,True,True,True,True,True,True,True,True,8,True,False,,QUALITY POWER ELECTRICAL EQUIPMENTS Ltd.,Capital Goods,EQ,INE0SII01026,WAIT,"Stage 2 + RS 97; wait because price is more than 20% above the 30-week line (currently +35%) — the guide treats that as poor entry timing, not a failed trend."
QUESS,2026-09-07,339.6000061035156,0.45459573220176175,0.8309403047192481,0.7617490500015238,0.34254789667942975,0.5688857431607451,242.45312447743873,4.935847556704798,Stage 2 — Advancing,317.40590144138713,388.75,False,162.53922482226787,0.3688601792607147,2.2409954987845606,289017572.34436494,318.8424084472656,False,40.06831499303563,True,-12.643085246684082,True,True,True,True,False,False,False,False,241.47774963378907,231.03581497192383,True,5.005889833419241,2,0.6195594822781767,38.70083776968785,1.3094991009076784,False,388.75,0.014665619469560241,0.016330932843647568,False,14.472907247682043,94.0,True,True,5,True,True,True,True,True,True,True,True,8,True,False,,Quess Corp Ltd.,Services,EQ,INE615P01015,WAIT,"Stage 2 + RS 94; wait because price is more than 20% above the 30-week line (currently +40%) — the guide treats that as poor entry timing, not a failed trend."
RRKABEL,2026-09-04,2454.10009765625,0.10674149324091253,0.653640429394019,0.7635196307904886,1.0227446217991512,0.5306775336930968,2004.9730776434076,4.798457557497038,Stage 2 — Advancing,2581.5764638863357,2983.800048828125,False,1175.2574703290545,4.266824760505417,0.6373826904169723,1519820672.549292,2583.4419921875,True,22.400650912516706,True,-17.752528403500513,True,False,True,True,True,False,False,False,1989.4867236328125,1849.5305828857422,True,5.048110710315642,3,1.3204622823994097,27.475033025423336,1.2043507236432063,False,2983.800048828125,0.1055338533737887,0.12487659890465053,False,21.584284670285324,93.0,True,True,4,True,True,True,True,False,True,True,True,7,False,False,,R R Kabel Ltd.,Capital Goods,EQ,INE777K01022,REDUCE,Stage 2 + RS 93; distribution warning (U/D 0.64) triggers REDUCE.
RBLBANK,2026-09-04,414.3500061035156,0.17433991593138987,0.35736895927309575,0.3919341266609502,0.568598253626744,0.33331623428471396,344.02356166055756,1.7737120260917338,Stage 2 — Advancing,376.63623645258883,417.04998779296875,True,260.9244632419414,1.617228684454235,3.086094140231655,1238668643.2403579,376.7671246337891,False,20.4423336888617,True,-0.6474000164204408,True,True,True,True,False,False,True,True,342.9080700683594,333.5136779785156,True,2.1832817671548757,1,1.4683132170301418,16.80811141979372,0.8477451247494875,False,417.04998779296875,0.01781832486430304,0.01781832486430304,True,0.6516185953135079,85.0,True,True,5,True,True,True,True,True,True,True,True,8,True,False,,RBL Bank Ltd.,Financial Services,EQ,INE976G01028,WAIT,"Stage 2 + RS 85; wait because price is more than 20% above the 30-week line (currently +20%) — the guide treats that as poor entry timing, not a failed trend."
RECLTD,2026-09-07,316.3999938964844,-0.06523420232147115,-0.04295648476726388,-0.07009211633657486,-0.09151128088751848,-0.0670056573268599,342.4553734766294,-0.7794454704469933,Stage 4 — Declining,345.34814692478557,381.3442016302781,False,299.2584905065143,0.6630996327319751,0.938073748476542,2011788041.3229232,345.0711346435547,True,-7.60840144385212,False,-17.03033832851053,False,False,True,False,False,False,False,False,343.0388195800781,343.6332423400879,False,2.3354263301474836,3,0.8056219541151923,17.229958013115297,0.9241912276850823,False,375.0149044815861,0.013663727406537835,0.016473031974094773,False,18.525572602975004,28.0,True,False,1,False,False,False,True,False,False,True,False,2,False,False,,REC Ltd.,Financial Services,EQ,INE020B01018,SELL,Stage 4 takes precedence: the guide requires SELL regardless of RS.
RHIM,2026-09-04,371.3500061035156,-0.0742863972239236,-0.07069569461588521,-0.17951833606784584,-0.20836069521983347,-0.12142950407028236,395.0382764092807,-0.9458480505114775,Stage 4 — Declining,390.7186285280714,508.29998779296875,False,323.04998779296875,0.04439394738462587,0.41607541010004845,265806660.37010497,391.0090008544922,True,-5.996449387406388,False,-26.942747389014897,False,False,False,False,True,True,False,False,396.46966735839845,409.99899993896486,False,2.1466074314119954,3,0.2385971469363841,20.459664328635956,0.10006828782422202,False,443.79998779296875,0.01596919258994845,0.021017255339105485,False,19.509891072751827,17.0,True,False,0,False,False,False,False,False,False,False,False,0,False,False,,RHI MAGNESITA INDIA LTD.,Capital Goods,EQ,INE743M01012,SELL,Stage 4 takes precedence: the guide requires SELL regardless of RS.
RITES,2026-09-04,215.8000030517578,0.08429500353172714,0.10034231771453328,-0.04511293729743282,-0.13491251939886173,0.017781373616338605,211.59145971846908,-0.08145810913442464,Stage 3 — Topping,219.0404504514208,272.0997840702363,False,173.9540675101702,0.056546045032879425,0.7209867733556266,71654191.98685685,219.2686279296875,True,1.988994895582441,False,-20.69085839625142,True,False,True,False,False,False,False,False,211.81429260253907,216.2095718383789,False,1.883357377592589,3,0.2819115699350301,16.824072201905484,0.05716381114730348,False,243.12812900813074,0.00928006396392613,0.011475748463700253,False,12.663635574564157,46.0,True,False,2,False,False,False,True,False,False,True,False,2,False,False,,RITES Ltd.,Construction,EQ,INE320J01015,SELL,Stage 3 + RS 46; RS below 50 in Stage 3 triggers SELL.
RADICO,2026-09-07,4444.0,0.27592176614828245,0.609693272062972,0.39100537462016516,0.5979693615110115,0.43010230809814276,3554.1257441272473,3.493974785486542,Stage 2 — Advancing,4336.818330652573,4747.0,False,2494.465428414862,0.27793646745430506,0.5098386311437898,1234445951.7569337,4346.1883544921875,False,25.037782001471378,True,-6.382978723404253,True,True,True,True,True,True,False,False,3532.6244775390624,3425.498543701172,True,2.081298043308795,2,0.8405194835024384,18.95378114474316,0.5990799068537509,False,4747.0,0.19191405109356685,0.20163680848909238,False,6.818181818181812,89.0,True,True,5,True,True,True,True,True,True,True,True,8,True,False,,Radico Khaitan Ltd,Fast Moving Consumer Goods,EQ,INE944F01028,REDUCE,Stage 2 + RS 89; distribution warning (U/D 0.51) triggers REDUCE.
RVNL,2026-09-04,212.49000549316406,-0.0985692388984788,-0.24427464884122163,-0.3155516530570718,-0.3460111160421818,-0.22059517914748655,258.74971248678963,-2.757399673314853,Stage 4 — Declining,225.5714993944355,398.20450175980454,False,203.8300018310547,1.552464655954201,0.39609277305445656,882284093.5047181,225.28089691162108,True,-17.878167495930008,False,-46.637970049535696,False,False,False,False,True,True,False,False,260.36336537679034,277.5404564666748,False,2.495915709664777,2,1.489720889940185,15.226450930020349,0.9432149872411933,False,240.44056674186805,0.009137723886864953,0.016212357104290195,False,13.153823956959322,6.0,True,False,0,False,False,False,False,False,False,False,False,0,False,False,,Rail Vikas Nigam Ltd.,Construction,EQ,INE415G01027,SELL,Stage 4 takes precedence: the guide requires SELL regardless of RS.
RAILTEL,2026-09-04,271.04998779296875,-0.13395677996998512,-0.019234421737217677,-0.17339713041562688,-0.20298780661257576,-0.13270658374107813,302.3829873490007,-1.2360847325542546,Stage 4 — Declining,290.91440597234987,408.55427403779885,False,243.9284560598348,0.48611206287059194,3.2211669290278775,319666189.4056122,290.4791656494141,True,-10.36202460685013,False,-33.65630834940387,False,False,False,False,False,False,False,False,303.16486399332683,312.8056833648682,False,2.615489339137542,2,0.7075736685790154,16.66069937545376,0.5029913920464311,False,323.97680083299844,0.011655983264916167,0.017035483592120988,False,19.526587501806425,15.0,True,False,0,False,False,False,False,False,False,False,False,0,False,False,,Railtel Corporation Of India Ltd.,Telecommunication,EQ,INE0DD101019,SELL,Stage 4 takes precedence: the guide requires SELL regardless of RS.
RAIN,2026-09-04,215.72000122070312,0.1085510646184169,0.5992680941658508,1.0533663074340094,0.6011585256602356,0.49417901129938596,169.1607894897461,1.993714798767332,Stage 2 — Advancing,208.42889105104933,250.82236847510148,False,99.43315286007488,0.777799085500346,0.8141474294003895,938253987.6798309,208.90500518798828,False,27.52364296205847,True,-13.994911007262445,True,True,True,True,False,False,False,False,168.99025644938152,158.47749530792237,True,3.82903658902062,2,0.7917219370183303,28.66269512282862,0.7688400317260827,False,250.82236847510148,0.009276623639093325,0.010192584894388056,False,16.272189438050823,91.0,True,True,5,True,True,True,True,True,True,True,True,8,True,False,,Rain Industries Ltd,Chemicals,EQ,INE855B01025,WAIT,"Stage 2 + RS 91; wait because price is more than 20% above the 30-week line (currently +28%) — the guide treats that as poor entry timing, not a failed trend."
RAINBOW,2026-09-04,1447.199951171875,0.07691322461490602,0.19420610499095248,0.07643380979978742,-0.04534241480224466,0.07582478984366146,1335.828506260702,1.4170276271185722,Stage 2 — Advancing,1471.7823486328125,1610.0,False,1081.4576042961687,0.5309960199696457,1.373177716422794,127879716.1322937,1472.5952856445313,True,8.337256196375687,False,-10.111804275038816,True,False,True,True,False,False,False,False,1330.2364819335937,1322.955164794922,True,2.390331019696118,3,0.5037583079637071,13.86708284618601,0.8532516106719386,False,1610.0,0.0622340497013092,0.06735044787116372,False,11.249312764023877,57.0,True,True,4,True,True,True,True,False,True,True,False,6,False,False,,Rainbow Childrens Medicare Ltd.,Healthcare,EQ,INE961O01016,HOLD,Stage 2 + RS 57; trend/leadership is adequate without a stronger entry trigger.
RALLIS,2026-09-07,206.14999389648438,-0.09280941333771497,-0.18821404392973917,-0.18281271708977265,-0.4154777631628247,-0.1944246701715533,238.9581973977285,-1.6461807026415531,Stage 4 — Declining,218.9988238764744,362.8508533778527,False,204.50999450683594,0.49105972065612147,0.5522436782814566,161301676.6728325,218.8870004272461,True,-13.729683207576793,False,-43.1860247874872,False,False,False,False,True,True,False,False,239.7534765625,244.59928916931153,False,1.963548363854472,2,0.9121974231871642,17.499699459285242,0.7699565072338013,False,247.88999938964844,0.008902583362193609,0.015600865947877683,False,20.247395939348543,7.0,True,False,0,False,False,False,False,False,False,False,False,0,False,False,,Rallis India Ltd.,Chemicals,EQ,INE613A01020,SELL,Stage 4 takes precedence: the guide requires SELL regardless of RS.
RKFORGE,2026-09-07,706.25,0.2734403734039901,0.2515698433882809,0.33130195652328975,0.24005128157315214,0.27396076565854066,592.2431954161761,2.361119527854094,Stage 2 — Advancing,657.1392164043351,772.7999877929688,False,459.4101971519111,0.4310356697870232,0.7502806842510675,623496846.605246,659.1090002441406,False,19.24999822137423,False,-8.611540999505984,True,True,True,True,False,False,False,False,591.3713484700521,572.0867436218261,True,3.5994939406210493,1,2.022983234986355,28.823758219270857,0.5761319194294132,False,772.7999877929688,0.030499392120799187,0.03228805448924015,False,9.423007121128313,81.0,True,True,5,True,True,True,True,True,True,True,True,8,True,False,,Ramkrishna Forgings Ltd.,Automobile and Auto Components,EQ,INE399G01023,HOLD,Stage 2 + RS 81; trend/leadership is adequate without a stronger entry trigger.
RCF,2026-09-04,114.91999816894531,-0.08938192592764549,-0.008883128990133993,-0.14533527566108762,-0.2727243318585476,-0.12114131767301203,126.03846698917755,-0.7918229817044153,Stage 4 — Declining,125.41196112539254,159.2043637981908,False,106.0,0.7180765644445638,1.3409163858471644,247908863.43280792,125.26780044555665,True,-8.821488459699323,False,-27.816050121201975,False,False,False,False,False,False,False,False,126.26038411458333,129.30183322906495,False,2.8000842909451498,1,1.7547638903190812,17.8331919370051,2.3439031756120947,False,137.16000366210938,0.004941913432162017,0.006780734202989684,False,19.352598196589565,17.0,True,False,0,False,False,False,False,False,False,False,False,0,False,False,,Rashtriya Chemicals & Fertilizers Ltd.,Chemicals,EQ,INE027A01015,SELL,Stage 4 takes precedence: the guide requires SELL regardless of RS.
RATEGAIN,2026-09-04,851.1500244140625,0.10395593309216933,0.7808348209548199,0.24400761360482703,0.403264432517938,0.3272037466523847,725.0479454145039,2.827786953460487,Stage 2 — Advancing,927.2323572495404,1050.0,False,437.0,1.0680660331942757,0.5495915461744568,425966242.6335815,928.9580041503906,True,17.39224003006685,False,-18.938092912946423,True,False,True,True,True,True,False,False,722.5106671142578,708.5475010681153,True,4.315589708457039,1,1.185399181315779,20.952380952380953,0.7873575341596251,False,1050.0,0.03660206931306365,0.042075534732725774,False,23.36250600742533,84.0,True,True,4,True,True,True,True,False,True,True,True,7,False,False,,Rategain Travel Technologies Ltd.,Information Technology,EQ,INE0CLI01024,REDUCE,Stage 2 + RS 84; distribution warning (U/D 0.55) triggers REDUCE.
RATNAMANI,2026-09-04,2727.0,0.03736987940002323,0.14156508728485395,0.1501936881920276,0.13522510550828182,0.10034472795704197,2470.254320447198,1.5972359122182755,Stage 2 — Advancing,2483.6708122702207,3330.2583637320286,False,1927.9657490362597,0.8189193912184998,6.802147300027733,412294142.7359497,2480.635546875,False,10.39349177239055,False,-18.114461337347766,True,True,True,True,False,False,False,False,2457.568173828125,2411.1086444091798,True,4.909109830718935,2,1.9622538141288524,24.571719902810038,5.74092924514186,False,2843.89990234375,0.117269388654999,0.13304125314957282,False,4.286758428447013,60.0,True,True,5,True,True,True,True,True,True,True,False,7,False,False,,Ratnamani Metals & Tubes Ltd.,Capital Goods,EQ,INE703B01027,HOLD,Stage 2 + RS 60; trend/leadership is adequate without a stronger entry trigger.
RTNINDIA,2026-09-07,28.139999389648438,-0.28085871143565877,0.10050839755561003,-0.31382588292199687,-0.5459093297508708,-0.26418884759771505,32.38938370796099,-1.3233812300785908,Stage 4 — Declining,31.381764729817707,62.66999816894531,False,24.399999618530273,1.3483968080615476,0.47846536759247804,49965354.40660286,31.351800003051757,True,-13.119682537423817,False,-55.09813274002524,False,False,False,False,True,True,False,False,32.51680015563965,34.368150081634525,False,3.223677310146088,1,1.2867917989771487,21.471867572212272,1.336355661675343,False,34.650001525878906,0.0012152253106746016,0.002678916800994616,False,23.13433645142591,3.0,False,False,0,False,False,False,False,False,False,False,False,0,False,False,,RattanIndia Enterprises Ltd.,Consumer Services,EQ,INE834M01019,SELL,Stage 4 takes precedence: the guide requires SELL regardless of RS.
RTNPOWER,2026-09-07,7.320000171661377,-0.24845992364730496,-0.0827067475983212,-0.24536079220645535,-0.41393112043219393,-0.2477837015063161,8.837123292766206,-0.7881766546167679,Stage 4 — Declining,8.441176507987228,12.710000038146973,False,7.199999809265137,1.5155170931518058,0.21611884656344177,169674036.6208932,8.429800033569336,True,-17.16761293063206,False,-42.40755193004247,False,False,False,False,True,True,False,False,8.842200009028117,8.948649990558625,False,3.7861050939579957,1,1.535994530434607,23.485654346261818,2.5614421078723444,False,9.40999984741211,0.00031611406096965336,0.0005463608992041827,False,28.551907469100215,4.0,True,False,0,False,False,False,False,False,False,False,False,0,False,False,,RattanIndia Power Ltd.,Power,EQ,INE399K01017,SELL,Stage 4 takes precedence: the guide requires SELL regardless of RS.
RAYMONDLSL,2026-09-04,663.6500244140625,-0.10735373750462607,-0.2146484841095715,-0.3770638561507288,-0.4642970529652738,-0.25414337364696526,781.5568045002141,-2.372568483324655,Stage 4 — Declining,727.2490174536612,1348.3018107388446,False,628.25,2.261784426517465,0.4423460067840296,132281691.50457764,725.9149975585938,True,-15.086143375279038,False,-50.778822728837355,False,False,False,False,True,True,False,False,787.5994274902343,848.2921206665039,False,3.5733126198371066,2,1.6886705770723012,21.271929824561404,1.5817744064745958,False,798.0,0.0285389925353547,0.056930700730573734,False,20.244100149706966,4.0,True,False,0,False,False,False,False,False,False,False,False,0,False,False,,Raymond Lifestyle Ltd.,Textiles,EQ,INE02ID01020,SELL,Stage 4 takes precedence: the guide requires SELL regardless of RS.
REDINGTON,2026-09-07,378.20001220703125,0.6171123845960875,0.5702053136974965,0.43816187043722454,0.6321355137094435,0.574945493407268,259.79447968365395,2.76670348260184,Stage 2 — Advancing,315.54339599609375,381.6000061035156,True,187.19874597305954,0.7358694751743989,3.365009154842251,1932927410.7901657,316.46228271484375,False,45.57661604956238,True,-0.890983711242932,True,True,True,True,False,False,False,False,260.01301177978513,261.89605545043946,True,3.9557674497451907,2,1.1947667637049557,32.99266434527281,0.8034424183327246,False,381.6000061035156,0.016332559960910844,0.016332559960910844,True,0.8989935977641306,94.0,True,True,5,True,False,True,True,True,True,True,True,7,False,False,,Redington Ltd.,Services,EQ,INE891D01026,WAIT,"Stage 2 + RS 94; wait because price is more than 20% above the 30-week line (currently +46%) — the guide treats that as poor entry timing, not a failed trend."
REDTAPE,2026-09-04,120.43000030517578,-0.1068274479009117,0.004250553021690084,-0.042319756823858024,-0.09586256195360121,-0.06951733231151852,126.11046600341797,0.09129554650941785,Stage 1 — Basing,128.7029302260455,161.05605346448013,False,105.92267660028074,0.991849762294301,0.31826099819714315,68192060.37003021,128.57991577148437,True,-4.504357075397869,False,-25.224791173877957,False,False,True,True,True,True,False,False,126.04245478312174,125.08565296173096,False,2.9928479030731223,1,0.876476988040526,21.072131044107444,0.8301560612878017,False,148.49000549316406,0.005178860473600773,0.0067575248707606094,False,23.299846480845954,27.0,True,False,2,False,True,False,True,False,False,False,False,2,False,False,2.0,Redtape Ltd.,Consumer Durables,EQ,INE0LXT01019,AVOID,Stage 1 + RS 27; weak RS in a basing stage is AVOID.
REFEX,2026-09-07,277.1499938964844,-0.11028518307305901,0.27311638962727747,-0.1619114247896416,-0.2347987503198642,-0.06883283032566928,275.5135085533405,1.4711288602750727,Stage 2 — Advancing,310.75715726964614,413.67773156512,False,187.40098243331008,0.33688293125782154,0.7463488070761656,81365926.3400406,309.87897399902346,True,0.5939764448344764,False,-33.003405127003745,True,False,True,True,False,False,False,False,273.9426575724284,274.48111373901367,False,3.14940453637151,1,0.7893544929783918,26.259389398095966,0.3739900061045035,False,370.21662523764206,0.011968716941771295,0.017221925847861815,False,33.579878546170235,28.0,True,False,3,True,False,False,True,False,True,False,False,3,False,False,,Refex Industries Ltd.,Utilities,EQ,INE056I01025,WAIT,Stage 2 + RS 28; wait because the close is below its 50-session average — short-term timing has weakened even though the 30-week trend is intact.
RELAXO,2026-09-04,344.75,0.02239023582339983,0.056543098060847674,-0.1554385357902699,-0.3081476852388866,-0.07245253026430183,343.9267588648303,-0.28916742843542176,Stage 3 — Topping,393.75686525831037,506.3999938964844,False,236.5,0.03496582311097295,0.5292778153207112,89629059.7361145,393.3610028076172,True,0.23936524680048255,False,-31.921405182624863,True,False,True,False,True,True,False,False,345.15020039876305,358.3854002380371,False,3.1295973958468224,2,0.872490629664591,24.75258748383347,0.07689142337535226,False,454.70001220703125,0.014825310501947526,0.02177917284259562,False,31.89267939290246,26.0,True,False,2,False,False,False,True,False,True,False,False,2,False,False,,Relaxo Footwears Ltd.,Consumer Durables,EQ,INE131B01039,SELL,Stage 3 + RS 26; RS below 50 in Stage 3 triggers SELL.
RELIANCE,2026-09-07,1309.5,0.014329976762199825,-0.06352893604784848,-0.14607644920669127,-0.04323306124778814,-0.04483569859558565,1342.0198230482129,-0.5309542021391778,Stage 4 — Declining,1303.233336205576,1604.3820104615531,False,1249.800048828125,0.8743964465947761,0.8205466027836222,13838213136.135578,1303.2780029296875,False,-2.423199902841122,False,-18.37978788958875,False,True,False,False,False,False,False,False,1344.6423714192708,1383.7611389160156,False,1.5545743853723477,2,1.0977871493613098,7.1402016377683495,1.0583201782933347,False,1345.9000244140625,0.05655073130221102,0.06781378094300845,False,2.779688767778743,33.0,True,False,1,False,False,False,False,True,False,True,False,2,False,False,,Reliance Industries Ltd.,Oil Gas & Consumable Fuels,EQ,INE002A01018,SELL,Stage 4 takes precedence: the guide requires SELL regardless of RS.
RPOWER,2026-09-07,21.940000534057617,-0.23259879618882529,-0.02228163939840999,-0.4177282283343319,-0.5323955372918381,-0.2875205994804461,25.252602733977852,-1.5524616533997837,Stage 4 — Declining,23.729019613826978,50.72999954223633,False,20.170000076293945,0.6966737020232456,0.6327617998813962,395791641.7297818,23.72080001831055,True,-13.117864462592866,False,-56.75142769163439,False,False,False,False,True,False,False,False,25.333933334350586,27.637949991226197,False,3.053782697109381,3,0.2978005712891503,26.836732966062755,0.3973385437770782,False,29.399999618530273,0.0009474784841327672,0.002088407838804835,False,34.00181815352488,2.0,True,False,0,False,False,False,False,False,False,False,False,0,False,False,,Reliance Power Ltd.,Power,EQ,INE614G01033,SELL,Stage 4 takes precedence: the guide requires SELL regardless of RS.
RELIGARE,2026-09-04,257.0799865722656,0.11608921880483813,0.27059746081022196,0.08982995140720273,-0.022546758576389436,0.11401181825014231,236.14582176731057,0.030072771836109347,Stage 2 — Advancing,250.9703925637638,280.0,False,196.50999450683594,1.7103616569116527,1.5687519008286215,338904769.2628357,250.50120056152343,False,8.86493127351744,False,-8.185719081333708,True,True,True,True,False,False,False,False,236.51953318277995,237.55860023498536,False,2.9487766572430774,1,2.112299213478723,19.924673681915316,1.7640512128697228,False,278.79998779296875,0.011055230238637677,0.012036511501971258,False,8.448732828371131,62.0,True,True,5,True,False,False,True,True,True,True,False,5,False,False,,Religare Enterprises Ltd.,Financial Services,EQ,INE621H01010,HOLD,Stage 2 + RS 62; trend/leadership is adequate without a stronger entry trigger.
RBA,2026-09-04,97.1500015258789,0.41783430072175287,0.5430432487067534,0.5534058219330573,0.2087843499546289,0.4281804044075891,71.91399980742356,3.6191603888174217,Stage 2 — Advancing,83.8286273432713,111.1500015258789,False,57.150001525878906,0.22230776387665988,1.9283253779572398,795403327.3383659,83.91759994506836,False,35.09191782689616,True,-12.595591370046355,True,True,True,True,False,False,False,False,71.6349998219808,69.80534996032715,True,5.067274250897636,2,1.3506241701698323,42.80701860357303,0.2531705890310545,False,111.1500015258789,0.004177748913374419,0.004530426993754051,False,14.410704868872969,89.0,True,True,5,True,True,True,True,True,True,True,True,8,True,False,,Restaurant Brands Asia Ltd.,Consumer Services,EQ,INE07T201019,WAIT,"Stage 2 + RS 89; wait because price is more than 20% above the 30-week line (currently +35%) — the guide treats that as poor entry timing, not a failed trend."
ROUTE,2026-09-04,501.54998779296875,-0.03691292983913341,0.0684849411587869,-0.2898290641871366,-0.40160297446627113,-0.13935459143457754,513.1421889213666,-0.9030623806380755,Stage 4 — Declining,530.148977840648,872.0426229622601,False,406.1171468902937,0.07828729936327743,1.3699728676811866,98024224.80974273,530.3691241455078,True,-2.25906218172488,False,-42.48561084213488,False,False,True,False,False,False,False,False,514.8444934082031,550.6151229858399,False,2.826950807229229,2,1.0559016596478807,24.280074159072214,0.2296208883431544,False,642.6973989895835,0.021568192316979706,0.03711429588294013,False,28.142241976262984,14.0,True,False,1,False,False,False,False,False,False,False,False,0,False,False,,Route Mobile Ltd.,Telecommunication,EQ,INE450U01017,SELL,Stage 4 takes precedence: the guide requires SELL regardless of RS.
RUBICON,2026-09-04,1768.300048828125,,,,,,1165.056348077182,6.668169627515419,Stage 2 — Advancing,1574.0486701516545,,False,,0.33233167491816584,2.6416999418658844,861406977.7858582,1577.2253588867188,False,51.77807079859622,True,,True,True,True,True,False,False,False,False,1150.5919401041667,1028.0270571899414,True,4.330632601337508,2,1.0281625508505043,32.330609058934705,0.9038618358246204,False,1899.0,0.07604234165188085,,False,7.391276794822899,,True,False,4,True,True,True,True,True,False,False,False,5,False,False,,Rubicon Research Ltd.,Healthcare,EQ,INE506V01022,WAIT,"Stage 2 + RS unavailable; wait because price is more than 20% above the 30-week line (currently +52%) — the guide treats that as poor entry timing, not a failed trend."
SBFC,2026-09-04,100.08000183105469,0.07232401015290679,0.09138500721589327,-0.05513591804047868,-0.05860216226705628,0.02445898944283438,92.84253394767029,0.5929055045318155,Stage 2 — Advancing,93.55725456686581,123.0,False,79.5999984741211,0.4017482890013087,2.089465432519091,319395938.6054737,93.61199966430664,False,7.795422610356284,False,-18.63414485280107,True,True,True,True,False,False,False,False,92.74806635538737,95.3654496383667,False,3.3901449648098865,1,2.6614428598143363,15.16428960974247,3.4395362234126803,False,104.38999938964844,0.004303747939610914,0.004976754311636756,False,4.306552237948069,47.0,True,False,4,True,False,False,False,True,False,True,False,3,False,False,,SBFC Finance Ltd.,Financial Services,EQ,INE423Y01016,WAIT,Stage 2 + RS 47; wait because relative strength is below 50 — the trend has turned up but the stock still lags most of the universe.
SBICARD,2026-09-04,658.25,0.1166242578456318,-0.09089446950169833,-0.22823220942156608,-0.16717385081226044,-0.05061040280885225,658.6915985525471,-1.0320180586577243,Stage 4 — Declining,636.2725483015472,961.6311031378486,False,565.4500122070312,0.7849154264418537,2.5012670461694104,2196044232.5349455,636.5009997558594,False,-0.06704177698904079,False,-31.548595105534904,False,True,False,False,False,False,False,False,661.0121561686198,707.9930908203125,False,3.2114353979877657,2,0.900774076660511,13.98694542948353,2.9138024538181813,False,674.2000122070312,0.028306774874276894,0.039680367612810935,False,2.423093385040831,32.0,True,False,1,False,False,False,False,True,False,False,False,1,False,False,,SBI Cards and Payment Services Ltd.,Financial Services,EQ,INE018E01016,SELL,Stage 4 takes precedence: the guide requires SELL regardless of RS.
SBILIFE,2026-09-07,1732.0,-0.02849452963697019,-0.10795219315074633,-0.1429521328003588,-0.03926901657095838,-0.06943248035920078,1858.4703879160425,-0.9639219082594686,Stage 4 — Declining,1813.3235318053003,2129.040438508761,False,1700.4000244140625,1.201856290796311,0.5176655927447964,1626725905.7829347,1814.482001953125,True,-6.805079528754687,False,-18.648797426640662,False,False,False,False,True,True,False,False,1862.5586002604166,1903.9251483154296,False,1.942015937042488,3,0.7393818439172357,10.840729795610313,1.1186462438057179,False,1915.0,0.07479638534969797,0.08988540017244864,False,10.56581986143188,27.0,True,False,0,False,False,False,False,False,False,True,False,1,False,False,,SBI Life Insurance Company Ltd.,Financial Services,EQ,INE123W01016,SELL,Stage 4 takes precedence: the guide requires SELL regardless of RS.
SJVN,2026-09-04,65.2300033569336,-0.1105731790463862,-0.039017467082029356,-0.1165204004733893,-0.27633340595538025,-0.13060352632071426,71.39315670483732,-0.5486927460040647,Stage 4 — Declining,68.05456513049556,93.44222215601812,False,62.68610889438828,0.693322490064849,0.623694058740675,94643610.87427445,67.98149551391602,True,-8.632694830100062,False,-30.192153127500852,False,False,False,False,True,False,False,False,71.37594472249349,72.11437274932861,False,1.479946583887378,3,0.6816840823621666,13.998625251362673,0.7521006212610678,False,74.18485974617684,0.0028050908014782307,0.003962921500467339,False,13.72812498604814,16.0,True,False,0,False,False,False,False,False,False,False,False,0,False,False,,SJVN Ltd.,Power,EQ,INE002L01015,SELL,Stage 4 takes precedence: the guide requires SELL regardless of RS.
SKFINDUS,2026-09-04,3002.5,,,,,,2459.8179586476294,0.9468513357127284,Stage 2 — Advancing,2777.7728056066176,,False,,0.6661556281162264,1.5102442482590066,182019311.00717774,2775.8460009765627,False,22.061878174542993,True,,True,True,True,True,False,False,False,False,2464.2986279296874,,False,4.054953043222909,1,1.5235531212612317,18.272301269266897,1.2660248693378178,False,3131.0,0.1291167361337127,,False,4.279766860949219,,True,False,4,False,False,False,False,True,False,False,False,1,False,False,,SKF India (Industrial) Ltd.,Capital Goods,EQ,INE2J8701016,WAIT,"Stage 2 + RS unavailable; wait because price is more than 20% above the 30-week line (currently +22%) — the guide treats that as poor entry timing, not a failed trend."
SKFINDIA,2026-09-07,1546.5999755859375,-0.01981551739610765,-0.03132165839820367,-0.15648714286303966,-0.6752075124490038,-0.1805294697004925,1593.1377797584012,-0.5101158501449321,Stage 4 — Declining,1549.6724877450981,4953.039658667183,False,1370.529580184146,0.289068373035681,4.0595656997939455,217521877.71472168,1548.3413525390624,True,-2.921141207229494,False,-68.77473062668524,False,False,False,False,False,False,False,False,1596.238857421875,1642.8409191894532,False,2.6611383794798744,2,0.75514676411963,16.97245152719422,0.5328145470871248,False,1716.9000244140625,0.06678988900447994,0.21087787738641042,False,11.01125381588124,9.0,True,False,0,False,False,False,False,False,False,False,False,0,False,False,,SKF India Ltd.,Automobile and Auto Components,EQ,INE640A01023,SELL,Stage 4 takes precedence: the guide requires SELL regardless of RS.
SKYGOLD,2026-09-07,788.1500244140625,0.49143723381217064,1.3259554676628507,1.3421991810224738,1.8254167052307313,1.0952891643080795,518.3047932664009,6.8754956525499455,Stage 2 — Advancing,695.5823507869945,868.7999877929688,False,259.0,0.5543424446232427,1.0225695990688188,810720471.3141816,699.2519982910156,False,52.06303986638326,True,-9.282914883986482,True,True,True,True,False,False,False,False,513.0123319498698,466.7359989929199,True,4.542736666727514,2,0.7686403074661319,41.25805556236612,0.7597566759622187,False,868.7999877929688,0.03403624303663284,0.03599867583406495,False,10.232818737633643,98.0,True,True,5,True,True,True,True,True,True,True,True,8,True,False,,SKY GOLD AND DIAMONDS Ltd.,Consumer Durables,EQ,INE01IU01018,WAIT,"Stage 2 + RS 98; wait because price is more than 20% above the 30-week line (currently +52%) — the guide treats that as poor entry timing, not a failed trend."
SMLMAH,2026-09-07,6393.5,0.6991337120926047,0.5313525300981061,0.9079212485436203,0.7081142513049692,0.709131090826381,4303.375382932898,3.079739366496792,Stage 2 — Advancing,4786.963019875919,6449.0,True,2703.052088847761,1.3341186527210198,1.7188234694916982,773722470.125,4802.6306982421875,False,48.56942355892295,True,-0.860598542409674,True,True,True,True,False,False,False,False,4287.904262695312,4142.810642089844,True,3.839278731747646,1,2.137471849796345,41.603349356489375,0.8831032070083399,False,6449.0,0.2761031695919711,0.2761031695919711,True,0.868069132712912,96.0,True,True,5,True,True,True,True,True,True,True,True,8,True,False,,SML Mahindra Ltd.,Capital Goods,EQ,INE294B01019,WAIT,"Stage 2 + RS 96; wait because price is more than 20% above the 30-week line (currently +49%) — the guide treats that as poor entry timing, not a failed trend."
SHRIPISTON,2026-09-04,4536.89990234375,0.3362593279651349,0.5296670663871916,0.7332045619035539,0.7680936836066057,0.5406967935655242,3678.6851798221983,3.3496247436111126,Stage 2 — Advancing,4371.221177045037,4785.7998046875,False,2518.619011912407,1.026972108125869,1.664507763317903,362095772.7769531,4378.082319335937,False,23.329387554795655,True,-5.200800545396033,True,True,True,True,False,False,False,False,3651.8725,3474.9308276367187,True,3.4161115334686523,2,0.7127639127400492,17.540167182224543,1.380907199234989,False,4785.7998046875,0.19510065197534882,0.2018905357826406,False,5.486122852637076,93.0,True,True,5,True,True,True,True,True,True,True,True,8,True,False,,SPR Auto Technologies Ltd.,Automobile and Auto Components,EQ,INE526E01018,WAIT,"Stage 2 + RS 93; wait because price is more than 20% above the 30-week line (currently +23%) — the guide treats that as poor entry timing, not a failed trend."
SRF,2026-09-04,2547.0,-0.06409470408740525,0.006007785763258333,-0.09983808752592305,-0.11535000173410703,-0.06747394233431646,2639.9613338104664,-0.5528699100082246,Stage 4 — Declining,2673.24613683364,3198.0092293385956,False,2350.533958547856,0.8029366477521405,0.7556491384986149,658540676.2703003,2672.15671875,True,-3.521314218503646,False,-20.356702643826818,False,False,True,False,False,False,False,False,2646.3544580078124,2718.719686279297,False,1.7053679333003815,1,0.5872584331086464,14.578743384896098,0.5039221367727904,False,2964.3674789070474,0.10952883494839841,0.1348714398724341,False,16.386630502828716,28.0,True,False,1,False,False,False,False,False,False,True,False,1,False,False,,SRF Ltd.,Chemicals,EQ,INE647A01010,SELL,Stage 4 takes precedence: the guide requires SELL regardless of RS.
LOTUSDEV,2026-09-04,193.25,0.40443307723852295,0.526581922667746,0.23120534998630737,0.05739771179940423,0.3248102277861007,147.58732902840393,1.554544593130358,Stage 2 — Advancing,168.4141181497013,207.5,False,102.19999694824219,0.5816185673756193,0.8603596177476686,212766467.20211944,168.7686004638672,False,30.939424998204323,True,-6.867469879518073,True,True,True,True,False,False,False,False,147.63413365681967,150.1479002761841,False,4.156718045236266,1,1.4472978070143956,33.971086984657376,0.3496059289919513,False,207.5,0.008310344465558693,0.008592935509522868,False,7.373868046571808,84.0,True,True,5,True,False,False,True,True,True,True,True,6,False,False,,SRI LOTUS DEVELOPERS AND REALTY Ltd.,Realty,BE,INE0V9Q01010,WAIT,"Stage 2 + RS 84; wait because price is more than 20% above the 30-week line (currently +31%) — the guide treats that as poor entry timing, not a failed trend."
SAATVIKGL,2026-09-04,424.3999938964844,,,,,,431.13287625247483,0.3610844267384561,Stage 1 — Basing,435.23627486883424,,False,,0.2907783819990026,1.5892702289676657,65984461.41772461,434.43400024414063,True,-1.5616722191345023,False,,False,False,True,True,False,False,False,False,430.79666625976563,420.66724975585936,False,3.1338357406639843,3,0.44066842760766906,20.770256023348605,0.38527948209434687,False,485.54998779296875,0.018250505254648344,,False,14.408575583391613,,True,False,2,False,True,False,True,False,False,False,False,2,False,False,3.0,Saatvik Green Energy Ltd.,Capital Goods,EQ,INE13B501022,AVOID,Stage 1 + RS unavailable; weak RS in a basing stage is AVOID.
SAFARI,2026-09-04,1540.4000244140625,-0.026390395866739635,-0.06770547046495046,-0.35471534458287335,-0.28311669586512755,-0.15166366052928612,1586.3635918978987,-2.0178098551040025,Stage 4 — Declining,1555.8406264361213,2504.019782423858,False,1361.4252325150483,0.5949573122349083,2.0075108134868938,34760523.16144409,1555.1845239257811,True,-2.8974169426597918,False,-38.482913145239785,False,False,False,False,False,False,False,False,1602.053123372396,1755.0724188232423,False,2.2058281044938974,2,0.8184762732908412,13.260173271956436,0.5630048353293543,False,1693.9162830412831,0.06624193954792176,0.10409915099725167,False,9.965999493255984,12.0,False,False,0,False,False,False,False,False,False,False,False,0,False,False,,Safari Industries (India) Ltd.,Consumer Durables,EQ,INE429E01023,SELL,Stage 4 takes precedence: the guide requires SELL regardless of RS.
SAGILITY,2026-09-04,46.81999969482422,0.16967196702849852,0.1357027832883333,-0.062018048934153636,0.07615450962587844,0.09783663560741103,41.98050117492676,-0.5766355696239844,Stage 3 — Topping,42.77069398468616,57.700033807096844,False,35.748125066049155,0.41301765569884075,3.4860820237535353,1086401659.9321713,42.82055297851562,False,11.527967471688738,False,-18.85620058498897,True,True,True,False,False,False,False,False,42.15299527486165,44.321841945648195,False,2.741502032576961,2,1.1142245918875016,17.897036909551183,1.476170346743295,False,47.4900016784668,0.0020134040121156127,0.002298174863754412,False,1.4310166339378316,60.0,True,True,4,True,False,False,False,True,True,True,False,4,False,False,,Sagility Ltd.,Information Technology,EQ,INE0W2G01015,REDUCE,Stage 3 with RS 60; the guide requires REDUCE when RS is 50 or higher.
SAILIFE,2026-09-04,1584.300048828125,0.3666005193647752,0.5775167460767909,0.8262824770353026,0.8671774293790513,0.600835538244139,1158.3811628785852,3.977606041585835,Stage 2 — Advancing,1356.2921597349878,1630.0,True,783.8499755859375,0.986198506948342,2.6879380907887658,1180426400.6207092,1358.992001953125,False,36.76845753354003,True,-2.8036779860046046,True,True,True,True,False,False,False,False,1149.7573319498697,1083.5579986572266,True,3.198798830187335,2,1.7973566733149244,26.926381865893408,2.0441001027294345,False,1630.0,0.06812977564068914,0.06833801034375396,True,2.884551522022516,95.0,True,True,5,True,True,True,True,True,True,True,True,8,True,False,,Sai Life Sciences Ltd.,Healthcare,EQ,INE570L01029,WAIT,"Stage 2 + RS 95; wait because price is more than 20% above the 30-week line (currently +37%) — the guide treats that as poor entry timing, not a failed trend."
SAMHI,2026-09-04,153.99000549316406,-0.07939258946670136,0.009770527824026543,-0.1718741165883103,-0.290989438914401,-0.12237564132241749,161.82417830375775,-0.6108513831546647,Stage 4 — Declining,168.36058852251838,220.82000732421875,False,127.0,0.49568994141577705,0.4401661395365263,109316067.69688568,168.13080017089842,True,-4.841163349452193,False,-30.26446862350276,False,False,True,False,True,True,False,False,162.0402670288086,167.16525032043458,False,2.0395572835061615,2,0.7317888908888742,19.79206066220784,0.7366983977032998,False,187.5500030517578,0.006622043932219761,0.009563338211798377,False,21.79362059967167,17.0,True,False,1,False,False,False,True,False,False,False,False,1,False,False,,Samhi Hotels Ltd.,Consumer Services,EQ,INE08U801020,SELL,Stage 4 takes precedence: the guide requires SELL regardless of RS.
SAMMAANCAP,2026-09-07,155.9199981689453,-0.15389624917632516,0.09494385429741747,0.05124049669248887,0.13157707936863017,-0.006006213598822755,156.2462327512976,0.2253007852205835,Stage 1 — Basing,160.17529356713388,192.9499969482422,False,129.0,0.4920480002031082,1.1390060174217633,1381868437.9148567,160.0259994506836,True,-0.20879516683872668,False,-19.191500059587963,False,False,True,True,False,False,False,False,156.01659993489582,153.46879997253419,False,3.0835402353891648,3,0.8487178709424756,21.344994307779046,0.6306918001049308,False,182.89999389648438,0.006733402001598519,0.008202854706627629,False,17.30374297356341,41.0,True,False,2,False,True,False,True,False,False,True,False,3,False,False,2.0,Sammaan Capital Ltd.,Financial Services,EQ,INE148I01020,AVOID,Stage 1 + RS 41; weak RS in a basing stage is AVOID.
MOTHERSON,2026-09-07,162.0,0.13040973822354096,0.3259366784966684,0.3907324430513759,0.7207742326148523,0.33965256612199574,137.91666725890278,2.543721363609497,Stage 2 — Advancing,155.34361356847427,173.27000427246094,False,94.63129659185292,0.8372714331704741,0.7693629552473478,1999871096.5057151,155.44451141357422,False,17.46223514514531,False,-6.504301953348635,True,True,True,True,False,False,False,False,137.44355590820314,131.9958695602417,True,2.399470145950452,2,0.6862917330533513,21.236941458522228,0.6145456006090458,False,173.27000427246094,0.006995966759036415,0.007281644686820335,False,6.956792760778363,86.0,True,True,5,True,True,True,True,True,True,True,True,8,True,False,,Samvardhana Motherson International Ltd.,Automobile and Auto Components,EQ,INE775A01035,HOLD,Stage 2 + RS 86; trend/leadership is adequate without a stronger entry trigger.
SANDUMA,2026-09-07,195.1699981689453,-0.12210081742672285,-0.026090813290165826,-0.03129864556950712,0.273067406381132,-0.005704737466397325,206.49638826553135,-0.533271785843259,Stage 4 — Declining,202.63221441530715,272.33215508462166,False,151.1293921907845,0.7630830353852348,0.541587907321427,99448791.46798095,202.53603302001954,True,-5.485030605969521,False,-28.33383993590466,False,False,False,False,True,True,False,False,206.84545817057293,210.23766334533693,False,2.8436729847548254,2,1.2141490636058603,12.48568436709348,0.6714208098027246,False,217.71610118614467,0.008428412466365057,0.010957402338887246,False,11.552033216541169,41.0,True,False,0,False,False,False,False,False,False,False,False,0,False,False,,Sandur Manganese & Iron Ores Ltd.,Metals & Mining,EQ,INE149K01016,SELL,Stage 4 takes precedence: the guide requires SELL regardless of RS.
SANOFICONR,2026-09-04,4201.7001953125,-0.09276569508298449,0.006335702906803187,-0.08713623309003615,-0.18112083267750667,-0.08949055060534172,4461.787943800835,0.005208703059689235,Stage 1 — Basing,4469.947093290441,5275.810550953666,False,3914.755837704811,0.7328695168667094,0.3800862393484138,17200838.83515625,4466.984033203125,True,-5.829227022088723,False,-20.35915325744606,False,False,True,True,True,True,False,False,4456.137547200521,4441.348348388672,False,2.3181077348080055,3,1.12593430545523,17.391920080043636,0.30581950550749304,False,4927.0,0.18068603344917006,0.22480996671552328,False,17.26205514369299,24.0,False,False,2,False,True,False,True,False,False,True,False,3,False,False,2.0,Sanofi Consumer Healthcare India Ltd.,Healthcare,EQ,INE0UOS01011,AVOID,Stage 1 + RS 24; weak RS in a basing stage is AVOID.
SANSERA,2026-09-04,3782.60009765625,0.292842994917339,0.7446611905720126,1.2211392235209924,1.8870220379222427,0.8877016883699851,2829.821921988709,5.082642022421524,Stage 2 — Advancing,3517.025495940564,4084.89990234375,False,1318.7892707846077,0.4357514998042318,0.8198495590020143,879779417.1424072,3524.4420068359377,False,33.669191982156896,True,-7.400421354610243,True,True,True,True,False,False,False,False,2803.638671061198,2535.3320013427733,True,3.3168785385162156,2,1.0849873734215358,24.82067924753836,0.47413313842411375,False,4084.89990234375,0.16266344003611585,0.17134072911193104,False,7.991852082772621,98.0,True,True,5,True,True,True,True,True,True,True,True,8,True,False,,Sansera Engineering Ltd.,Automobile and Auto Components,EQ,INE953O01021,WAIT,"Stage 2 + RS 98; wait because price is more than 20% above the 30-week line (currently +34%) — the guide treats that as poor entry timing, not a failed trend."
SAPPHIRE,2026-09-04,228.42999267578125,0.2628813937934995,0.1944676119764417,-0.1017655818932155,-0.29929450099453603,0.06383406333513783,191.0689040928671,1.6657373913080864,Stage 2 — Advancing,205.83843156403185,338.0,False,139.91000366210938,0.35358542196375253,1.4470549489450444,474127249.4654053,206.34780029296874,False,19.553725270102127,False,-32.41716193024223,True,True,True,True,False,False,False,False,191.27573333740236,201.6180500793457,False,4.285776885485055,2,2.178457996930823,33.57292112707249,0.5487879698332451,False,258.7799987792969,0.009823192369473696,0.014397063665754892,False,13.286349024487532,54.0,True,True,5,True,False,False,True,True,True,False,False,4,False,False,,Sapphire Foods India Ltd.,Consumer Services,EQ,INE806T01020,HOLD,Stage 2 + RS 54; trend/leadership is adequate without a stronger entry trigger.
SARDAEN,2026-09-04,508.54998779296875,-0.040772186815008604,-0.02090324888375039,0.06188469018274323,-0.08798373623684075,-0.025709333713573024,526.5054971355281,0.12469300570694397,Stage 1 — Basing,503.9063182157629,637.3049486596227,False,451.3682929916116,0.6925778752379644,8.31387625655434,782253619.2959564,503.60227661132814,False,-3.4103175446879352,False,-20.20303798635973,False,True,False,True,False,False,False,False,526.0296433512369,517.8513215637207,False,2.1257923824604927,2,0.8406975090524142,10.064518580980376,0.35365729335698726,False,540.4266194815406,0.021869213850014172,0.026867720479888346,False,6.268141274943617,36.0,True,False,2,False,True,False,False,True,False,True,False,3,False,False,3.0,Sarda Energy and Minerals Ltd.,Metals & Mining,EQ,INE385C01021,AVOID,Stage 1 + RS 36; weak RS in a basing stage is AVOID.
SAREGAMA,2026-09-04,492.75,0.08870966273761272,0.5561345633914152,0.33844902395557397,0.014667287457681644,0.21733404005597928,417.63253282520867,2.6082434227859386,Stage 2 — Advancing,503.3176466997932,574.5,False,307.04998779296875,0.49049695231074436,0.5150693408497689,230782694.75667113,503.76999938964843,True,17.986498002594576,False,-14.229765013054829,True,False,True,True,True,True,False,False,415.27599853515625,401.2729985046387,True,3.401464882679432,2,0.6405783422369375,22.828545499823218,0.6390574591290156,False,574.5,0.021189765771819125,0.02347744129199656,False,16.590563165905635,75.0,True,True,4,True,True,True,True,False,True,True,True,7,False,False,,Saregama India Ltd,Media Entertainment & Publication,EQ,INE979A01025,REDUCE,Stage 2 + RS 75; distribution warning (U/D 0.52) triggers REDUCE.
SCHAEFFLER,2026-09-04,3956.39990234375,-0.010256667084011517,-0.03515632628351595,0.025490427239215574,0.04641995334009619,0.0032481440255545564,4057.6821121842895,0.49455779712870296,Stage 1 — Basing,4085.900022020527,4445.0,False,3489.687030472257,0.8571560032872664,0.7455524128569805,263983638.50299072,4084.4660205078126,True,-2.496060732219807,False,-10.992128181242967,False,False,True,True,False,False,False,False,4049.972390950521,3982.665382080078,True,1.9157023695908044,3,1.065109597043291,8.578513549660567,0.730623329717883,False,4235.0,0.1701373662715619,0.19469028291048854,False,7.0417577730504055,43.0,True,False,2,False,True,True,True,False,False,True,False,4,False,False,2.0,Schaeffler India Ltd.,Automobile and Auto Components,EQ,INE513A01022,AVOID,Stage 1 + RS 43; weak RS in a basing stage is AVOID.
SCHNEIDER,2026-09-04,1232.4000244140625,0.1104703281599193,0.4799159704762084,0.6163682925870604,0.4515046724369889,0.35374591836401925,1163.215413968857,2.7340742257403017,Stage 2 — Advancing,1327.7568694469976,1548.0,False,571.8499755859375,0.6036767169622658,0.684617855467972,659272526.3505127,1327.606005859375,True,5.947704063613601,False,-20.38759532208898,True,False,True,True,True,False,False,False,1151.6650028483073,1037.946252746582,True,4.084944793352757,3,0.5953811675522661,26.686044934492088,0.6869242906053137,True,1548.0,0.05299699209440519,0.06533074288498125,False,25.60856615821536,86.0,True,True,4,True,True,True,True,False,True,True,True,7,False,False,,Schneider Electric Infrastructure Ltd.,Capital Goods,EQ,INE839M01018,REDUCE,Stage 2 + RS 86; distribution warning (U/D 0.68) triggers REDUCE.
SENCO,2026-09-04,358.6499938964844,0.04409680830327645,0.21620077991712372,0.1674263588931375,-0.06484763983946773,0.08139462311546927,338.5016544289785,0.9891836500783846,Stage 2 — Advancing,362.972604190602,428.75506028088586,False,275.20093917748864,0.5418668567329797,1.0190514106645654,534084053.6848175,363.7797912597656,True,5.952212996268602,False,-16.350842912145293,True,False,True,True,False,False,False,False,337.6650024414063,332.5175917053223,True,3.3008453644465883,2,0.6542844272466921,25.79069436738154,0.5848737333276048,False,428.75506028088586,0.015423052997931737,0.018059257024330474,False,19.54693087340067,58.0,True,True,4,True,True,True,True,False,True,True,False,6,False,False,,Senco Gold Ltd.,Consumer Durables,EQ,INE602W01027,HOLD,Stage 2 + RS 58; trend/leadership is adequate without a stronger entry trigger.
STYL,2026-09-04,383.5,,,,,,294.93498459907426,3.316850443669317,Stage 2 — Advancing,372.8253449084712,,False,,0.561366383998346,1.2618752790408616,58098636.4312561,374.1456103515625,False,30.028657170433128,True,,True,True,True,True,False,False,False,False,293.9432385253906,290.49504905700684,True,4.9171173499269525,3,0.5373916268448923,30.494419686575323,0.3964595339887721,True,431.1268868805509,0.016491679702674043,,False,12.41900570548915,,True,False,4,True,True,True,True,True,False,False,False,5,False,False,,Seshaasai Technologies Ltd.,Financial Services,EQ,INE04VU01023,WAIT,"Stage 2 + RS unavailable; wait because price is more than 20% above the 30-week line (currently +30%) — the guide treats that as poor entry timing, not a failed trend."
SHAILY,2026-09-07,3348.699951171875,0.09331028043372536,0.7499477392847034,0.3420029197468797,0.5265379789937183,0.3610218397785504,2640.4849335134845,3.5982382522099066,Stage 2 — Advancing,3086.3725394454655,3615.199951171875,False,1770.9000244140625,0.8746903542255333,1.141674535560536,478078457.3272217,3090.1619921875,False,26.821399685701852,True,-7.37165312014384,True,True,True,True,False,False,False,False,2623.8480021158853,2539.9030041503906,True,3.0572633084211485,2,0.6531475924333029,27.30969412931336,0.4773605895994341,False,3615.199951171875,0.14461354039744015,0.14601908460125648,False,7.9583122968881925,86.0,True,True,5,True,True,True,True,True,True,True,True,8,True,False,,Shaily Engineering Plastics Ltd.,Consumer Durables,EQ,INE151G01028,WAIT,"Stage 2 + RS 86; wait because price is more than 20% above the 30-week line (currently +27%) — the guide treats that as poor entry timing, not a failed trend."
SHAKTIPUMP,2026-09-07,466.95001220703125,-0.13440946044486135,-0.05264409872451037,-0.22374029803345408,-0.4244477718094015,-0.19393021789141773,531.0808414825021,-1.8009068621777646,Stage 4 — Declining,526.4663355210248,912.1978482724178,False,455.4704698872696,0.38639307237573844,0.5060858645101638,156012966.38775024,525.2243927001953,True,-12.075530553211234,False,-48.81044577211261,False,False,False,False,True,True,False,False,533.6876375325521,569.9882382202148,False,2.310586692429783,2,0.7758889331475158,25.084754689534744,0.2628961329116083,False,620.7014314281929,0.020165226935382956,0.038078914951102154,False,32.92674059359335,8.0,True,False,0,False,False,False,False,False,False,False,False,0,False,False,,Shakti Pumps (India) Ltd.,Capital Goods,EQ,INE908D01010,SELL,Stage 4 takes precedence: the guide requires SELL regardless of RS.
SHARDACROP,2026-09-07,767.4500122070312,-0.13079477878262613,-0.2582549138491753,-0.10168217659535717,-0.14660057056180442,-0.15362544371431786,948.4441460971175,-1.6632112620684758,Stage 4 — Declining,830.8491534064798,1282.80960014975,False,743.4272688553443,0.3563373196630189,0.3747062342817428,119758668.69992676,830.0507836914062,True,-19.083267542414994,False,-40.174285247207195,False,False,False,False,True,True,False,False,954.5166906738282,926.9023587036132,False,2.7963665145992254,2,0.7849994693000608,18.31219583717814,0.7977088833025701,False,926.6989212871135,0.03314231342359557,0.053285727492689755,False,20.750395015580825,11.0,True,False,0,False,True,False,False,False,False,False,False,1,False,False,,Sharda Cropchem Ltd.,Chemicals,EQ,INE221J01015,SELL,Stage 4 takes precedence: the guide requires SELL regardless of RS.
SHAREINDIA,2026-09-04,170.5,0.25487363372214134,0.3847510660701048,0.06614079783128712,0.15253477159232198,0.2226347805875993,148.75005189033405,1.2310391661843,Stage 2 — Advancing,170.01356506347656,209.3573902779376,False,115.03003922161069,0.082499665130655,1.6128003793334065,51079066.13083573,170.71776977539062,True,14.621808754528098,False,-18.56031460191184,True,True,True,True,False,False,False,False,148.67083287556966,151.32890018463135,False,2.5102651314002276,3,0.12482058565224513,32.56485440976525,0.05275561099173472,True,196.79549498357252,0.007332024483196674,0.008613860363843357,False,15.422577702975083,75.0,True,True,5,True,False,False,True,False,True,True,True,5,False,False,,Share India Securities Ltd.,Financial Services,EQ,INE932X01026,HOLD,Stage 2 + RS 75; trend/leadership is adequate without a stronger entry trigger.
SFL,2026-09-04,646.7999877929688,0.03935611373199022,0.2058736947057458,0.07000628039225187,-0.09681382502846436,0.05155567550670275,626.0069003170483,1.1041786072053306,Stage 2 — Advancing,720.5298078948376,832.4500122070312,False,456.183017738798,0.24367130948625382,1.7631942422603946,106683199.74695739,720.4480053710937,True,3.3215428560595006,False,-22.301642343887806,True,False,True,True,False,False,False,False,624.3137618001302,611.7996548461914,False,2.6261152959731286,2,0.8751848591372663,24.584061674944852,0.4323974582864287,False,832.4500122070312,0.027814389127444907,0.0348693628275119,False,28.702849090573324,52.0,True,True,4,True,True,False,True,False,True,True,False,5,False,False,,Sheela Foam Ltd.,Consumer Durables,EQ,INE916U01025,HOLD,Stage 2 + RS 52; trend/leadership is adequate without a stronger entry trigger.
SHILPAMED,2026-09-07,939.5,0.7472167324886074,1.8222451937868231,1.8345845893542463,1.2285521605323009,1.2759630817301173,526.539550363201,8.85316065671069,Stage 2 — Advancing,723.2790850471048,980.0999755859375,False,259.33715759272434,0.5473948459879673,2.907256678377087,1214568893.222821,726.2798657226563,False,78.42914161945549,True,-4.142432057675083,True,True,True,True,False,False,False,False,520.7922878011068,469.2106018066406,True,4.330158156150028,2,1.3235275849632984,42.74587652313791,0.7774919433631896,False,980.0999755859375,0.0405722887044118,0.041461416917762915,False,4.321444979876254,98.0,True,True,5,True,True,True,True,True,True,True,True,8,True,False,,Shilpa Medicare Ltd.,Healthcare,EQ,INE790G01031,WAIT,"Stage 2 + RS 98; wait because price is more than 20% above the 30-week line (currently +78%) — the guide treats that as poor entry timing, not a failed trend."
SCI,2026-09-07,293.75,-0.026104932701216166,0.2209997341240606,0.2857873253316707,0.4461643838600686,0.18014831558267352,283.454976016528,1.861221912735278,Stage 2 — Advancing,289.31486062442553,367.499792159746,False,192.34996969124379,0.39174044103301364,1.2111947887314591,631598703.5798416,288.97599548339844,False,3.631978569630645,False,-20.06798200519476,True,True,True,True,False,False,False,False,281.7475635782878,265.82765144348144,True,2.9708386752715663,1,0.59244184400411,18.687496581592637,0.8263212010440601,False,318.91506229491387,0.012685587873252758,0.01529453563408115,False,8.566829717417491,71.0,True,True,5,True,True,True,True,True,True,True,True,8,True,False,,Shipping Corporation of India Ltd.,Services,EQ,INE109A01011,HOLD,Stage 2 + RS 71; trend/leadership is adequate without a stronger entry trigger.
SHREECEM,2026-09-07,23365.0,-0.02737254615006235,-0.05826199377925545,-0.10160179780573253,-0.21797211329745103,-0.08651619943651274,25090.92923266267,-0.8519166671036582,Stage 4 — Declining,25624.621821384804,30494.095451463647,False,22491.53768306518,0.7237660840312239,1.1036206652728782,672175128.0,25635.518046875,True,-6.878697941628664,False,-23.37860935344277,False,False,True,False,False,False,False,False,25146.121822916666,25516.014287109374,False,2.3310201461282136,1,1.2585434090738388,16.297640653357533,1.3376465806907998,False,27550.0,1.0090170575610236,1.325254789856366,False,17.911405949069128,24.0,True,False,1,False,False,False,True,False,False,True,False,2,False,False,,Shree Cement Ltd.,Construction Materials,EQ,INE070A01015,SELL,Stage 4 takes precedence: the guide requires SELL regardless of RS.
RENUKA,2026-09-07,25.149999618530273,0.12076644474048193,0.05186113672235648,-0.048789746197836936,-0.21724249043090404,0.005472357914915869,24.312945156881256,-0.06278287914217584,Stage 3 — Topping,22.985294080248067,33.29999923706055,False,21.049999237060547,2.4038002153440283,2.340962490971981,792288473.933798,22.99979995727539,False,3.4428344910411246,False,-24.474473889656736,True,True,False,False,False,False,False,False,24.328799947102866,24.7010999584198,False,6.182902808283529,2,1.4753751531540231,22.326590451735672,2.418319484781585,False,27.68000030517578,0.0010861022303766438,0.0013930017852929293,False,10.059645029900622,44.0,True,False,2,True,False,False,False,True,False,True,False,3,False,False,,Shree Renuka Sugars Ltd.,Fast Moving Consumer Goods,EQ,INE087H01022,SELL,Stage 3 + RS 44; RS below 50 in Stage 3 triggers SELL.
SHRIRAMFIN,2026-09-07,1037.0,0.12949851013059344,0.035102648758086996,0.2198688718045516,0.770836913962039,0.2569610909571729,1012.7185639681882,0.5552704108980899,Stage 2 — Advancing,1072.139887791054,1153.699951171875,False,583.968015390309,0.36068737821753255,0.3423600995874882,3951241767.7621827,1073.0458544921876,True,2.397648951616782,False,-10.115277464763395,True,False,True,True,True,True,False,False,1012.1876428222656,990.3789498901367,True,2.8254593973860036,1,1.3675233543177328,13.937759691718751,0.8641516350165818,False,1153.699951171875,0.044782824253831864,0.04821782593450204,False,11.253611491984095,79.0,True,True,4,True,True,True,True,False,True,True,True,7,False,False,,Shriram Finance Ltd.,Financial Services,EQ,INE721A01047,REDUCE,Stage 2 + RS 79; distribution warning (U/D 0.34) triggers REDUCE.
SHYAMMETL,2026-09-07,1082.300048828125,0.08565588113061384,0.3674660464420434,0.35392599816172,0.17033666740564546,0.2126080948541273,922.3636942824272,1.726836800775855,Stage 2 — Advancing,1012.1809656479779,1111.0,True,742.7285204868352,0.432803515653554,2.769732606780857,584609560.7396209,1013.4670861816406,False,17.33983628552549,False,-2.5832539308618396,True,True,True,True,False,False,False,False,920.5430110677083,893.9181127929687,True,2.911130138603075,3,0.8839490295753385,17.90435736067255,1.4581771883366574,False,1111.0,0.04673910595620402,0.04674321249333215,True,2.651755509292486,75.0,True,True,5,True,True,True,True,True,True,True,True,8,True,False,,Shyam Metalics and Energy Ltd.,Capital Goods,EQ,INE810G01011,HOLD,Stage 2 + RS 75; trend/leadership is adequate without a stronger entry trigger.
ENRIN,2026-09-04,3115.699951171875,-0.15812369061948217,0.05904145179193576,0.006459939455812025,-0.07924044358683269,-0.06599728671560985,3220.0561657213184,1.6281308383333748,Stage 1 — Basing,3389.972550934436,3968.0,False,2111.5907386684353,0.44267634296387287,0.22687731839993702,1458163744.0463867,3384.0560009765627,True,-3.240819699369024,False,-21.479335907966856,False,False,True,True,True,True,False,False,3202.002001953125,3079.0875854492188,True,2.9326131051014332,2,0.8936400107587016,18.21808510638298,0.8012594266231995,False,3760.0,0.13398468225388194,0.1709008296621905,False,20.67914301522491,29.0,True,False,2,False,True,True,True,False,True,True,False,5,False,False,2.0,Siemens Energy India Ltd.,Capital Goods,EQ,INE1NPP01017,AVOID,Stage 1 + RS 29; weak RS in a basing stage is AVOID.
SIEMENS,2026-09-07,3927.0,0.06633622270706607,0.20722488993495913,0.18653514672287086,0.2774909477589731,0.16078468596618706,3575.787601000642,1.8417186740972369,Stage 2 — Advancing,3791.246591605392,4149.39990234375,False,2812.180840788319,0.5182631769328779,1.6071786454131394,1644733564.166284,3795.9589697265624,False,9.821959193020158,False,-5.359808829660628,True,True,True,True,False,False,False,False,3566.5328385416665,3448.9509436035155,True,2.3540315451464675,2,0.9242904588529209,18.506685850184407,0.8642649024277501,False,4149.39990234375,0.169587416436642,0.17497634161642583,False,5.663353764801382,69.0,True,True,5,True,True,True,True,True,True,True,False,7,False,False,,Siemens Ltd.,Capital Goods,EQ,INE003A01024,HOLD,Stage 2 + RS 69; trend/leadership is adequate without a stronger entry trigger.
SIGNATURE,2026-09-04,796.5499877929688,-0.019329039343836563,-0.13460809687750264,-0.2878408692061075,-0.27724343939897234,-0.14767009683405113,830.6851743500808,-0.6526625966102317,Stage 4 — Declining,794.8843144435508,1158.0,False,705.2000122070312,0.5502489685947823,0.7861137537302932,168746239.06817627,795.6520007324219,False,-4.109280821560235,False,-31.213299845166777,False,True,False,False,False,False,False,False,832.5856685384115,889.9032522583008,False,2.7493569708627548,2,0.42192636223276986,18.70824053452116,0.5110571359325697,False,898.0,0.03425409978057512,0.048914598955527425,False,12.736176481293104,13.0,True,False,1,False,False,False,False,True,False,False,False,1,False,False,,Signatureglobal (India) Ltd.,Realty,EQ,INE903U01023,SELL,Stage 4 takes precedence: the guide requires SELL regardless of RS.
SKIPPER,2026-09-07,604.300048828125,0.08587870462528069,0.7463162952212903,0.3385008539306156,0.0636254323829315,0.2640399981570798,475.03828398605873,2.7912043249675778,Stage 2 — Advancing,544.1246595195695,616.6979610926131,True,326.99588499101935,4.675792706603864,4.001307821437606,875664859.2277527,544.4379022216797,False,27.210809991444783,True,-2.0103702374048016,True,True,True,True,False,False,True,True,471.98655904134114,459.5397018432617,True,4.255698167200305,2,1.378729137729249,18.40142914346247,3.169850620180192,False,616.6979610926131,0.026096685519047192,0.026096685519047192,True,2.051615300798093,80.0,True,True,5,True,True,True,True,True,True,True,True,8,True,False,,Skipper Ltd.,Capital Goods,EQ,INE439E01022,WAIT,"Stage 2 + RS 80; wait because price is more than 20% above the 30-week line (currently +27%) — the guide treats that as poor entry timing, not a failed trend."
SMARTWORKS,2026-09-04,541.5,0.2027987234948876,0.4173537947956605,0.196552899362189,-0.002578788637140894,0.20338507050209675,452.12945117689156,1.3190900481949708,Stage 2 — Advancing,492.670586679496,619.0,False,361.5,0.3205159437683774,1.0790005924180848,62738511.63619232,492.7329986572266,False,19.76658423610256,False,-12.52019386106623,True,True,True,True,False,False,False,False,452.2279992675781,457.84949951171876,False,3.064899572893995,2,0.6556364531765149,20.751898495283022,0.9749875065917849,False,567.9000244140625,0.023286165734023454,0.02603719704471748,False,4.875350768986619,74.0,True,True,5,True,False,False,True,True,True,True,True,6,False,False,,Smartworks Coworking Spaces Ltd.,Services,EQ,INE0NAZ01010,HOLD,Stage 2 + RS 74; trend/leadership is adequate without a stronger entry trigger.
SOBHA,2026-09-07,1250.0999755859375,-0.0650796750425724,-0.07506886753769426,-0.1837534169621604,-0.10825229948449089,-0.09944678681389807,1366.2977019009525,-0.8838300063702342,Stage 4 — Declining,1363.9156254787072,1724.929636640264,False,1125.387113140645,0.1985620377597339,0.2938281284352663,111927369.39510497,1363.561201171875,True,-8.504568671479662,False,-27.527480018209737,False,False,False,False,True,True,False,False,1369.780145670573,1396.5711364746094,False,2.69864228074504,2,0.5398076226109378,21.705674895799937,0.4136775257942194,False,1559.5,0.05398554243624353,0.07203006819392631,False,24.750022434729104,21.0,True,False,0,False,False,False,False,False,False,False,False,0,False,False,,Sobha Ltd.,Realty,EQ,INE671H01015,SELL,Stage 4 takes precedence: the guide requires SELL regardless of RS.
SOLARINDS,2026-09-07,21950.0,0.19098575202329493,0.449509579410835,0.7133137254976691,0.57836644746627,0.4246322512842728,16738.95673694349,3.1018282835307165,Stage 2 — Advancing,19120.029679840685,22200.0,True,11639.12322904721,1.538919261067299,1.774387804872698,3872222377.1,19146.68046875,False,31.13123084639764,True,-1.1261261261261257,True,True,True,True,False,False,True,True,16650.69296875,15685.85529296875,True,2.508623494956069,2,1.15557330821432,23.342593693871883,1.1660297302440217,False,22200.0,0.9479103108694402,0.9479103108694402,True,1.1389521640091216,88.0,True,True,5,True,True,True,True,True,True,True,True,8,True,False,,Solar Industries India Ltd.,Chemicals,EQ,INE343H01029,WAIT,"Stage 2 + RS 88; wait because price is more than 20% above the 30-week line (currently +31%) — the guide treats that as poor entry timing, not a failed trend."
SONACOMS,2026-09-07,788.0,0.31212083885699693,0.5346932953263541,0.608720735646346,0.7974564164650595,0.5130224250303507,625.0010706235284,3.414322377611545,Stage 2 — Advancing,747.996078192019,844.0,False,399.83497257584986,0.45285955384529586,0.43049843740437294,1412446161.854013,750.5409997558594,False,26.079784025626807,True,-6.635071090047395,True,True,True,True,True,True,False,False,622.2991198730468,586.6297856140137,True,2.592004080282077,2,0.5677900759746883,27.926541730690907,0.6113519584603448,True,844.0,0.03402976423531293,0.03521307555354077,False,7.106598984771573,92.0,True,True,5,True,True,True,True,True,True,True,True,8,True,False,,Sona BLW Precision Forgings Ltd.,Automobile and Auto Components,EQ,INE073K01018,REDUCE,Stage 2 + RS 92; distribution warning (U/D 0.43) triggers REDUCE.
SONATSOFTW,2026-09-07,283.8500061035156,0.0870522096576718,0.17196092781908057,-0.19688269986758045,-0.18918386690518452,-0.008000243927668162,273.8499993102191,-0.37656938650543204,Stage 3 — Topping,300.10412418141084,411.0263372414121,False,203.57848075867477,0.6473301405328198,0.7001373031230078,292277540.40233004,300.69710205078127,True,3.6516365961237085,False,-30.941163525295156,True,False,True,False,False,False,False,False,274.75338470458985,290.8733585357666,False,4.019980285486758,2,0.49800622484617285,28.12962754462894,0.30203423013630853,False,358.1232364456742,0.012258056834891845,0.016605714988867416,False,26.16636559629746,41.0,True,False,2,False,False,False,True,False,True,False,False,2,False,False,,Sonata Software Ltd.,Information Technology,EQ,INE269A01021,SELL,Stage 3 + RS 41; RS below 50 in Stage 3 triggers SELL.
SOUTHBANK,2026-09-07,46.540000915527344,0.0681266397578646,0.18054685210910248,0.1835198675098375,0.6438465543334382,0.22883331069362148,42.15199237980255,0.8036860411545277,Stage 2 — Advancing,45.81092183730181,49.41417107532308,False,28.153203695472317,0.3568955715894793,1.4942116015304592,372093169.62235796,45.81926628112793,False,10.409967092865923,False,-5.8164896774542285,True,True,True,True,False,False,False,False,42.10164944966634,41.59929250717163,True,2.385046387012915,3,0.48409201665499424,13.807617024037972,0.6889877768275807,True,49.41417107532308,0.0020098290084602077,0.0020761103936929215,False,6.175698545886399,76.0,True,True,5,True,True,True,True,True,True,True,True,8,True,False,,South Indian Bank Ltd.,Financial Services,EQ,INE683A01023,HOLD,Stage 2 + RS 76; trend/leadership is adequate without a stronger entry trigger.
STARCEMENT,2026-09-04,190.19000244140625,-0.08995646948472258,-0.07517623104263271,-0.14137532964036015,-0.34478344401593763,-0.14824958873367514,210.46945786149536,-0.8860186040373974,Stage 4 — Declining,200.70372487984451,293.40606531409304,False,180.1199951171875,0.7733797971646174,0.29289245052590673,65872866.85942078,200.5047994995117,True,-9.63534359148419,False,-35.178571636613356,False,False,False,False,True,True,False,False,210.71563669840495,212.9373570251465,False,2.922641506060444,1,1.8775407425044992,15.404848456617046,1.9263627743622247,False,212.9199981689453,0.008178755157534462,0.012745425000160415,False,11.951204288217898,13.0,True,False,0,False,False,False,False,False,False,False,False,0,False,False,,Star Cement Ltd.,Construction Materials,EQ,INE460H01021,SELL,Stage 4 takes precedence: the guide requires SELL regardless of RS.
STARHEALTH,2026-09-04,557.3499755859375,0.059097340780878804,0.2120255913630975,0.1986020980342742,0.2557169492433242,0.1569078640404907,527.182535249893,1.4547910644424622,Stage 2 — Advancing,583.8647042068781,624.9000244140625,False,416.54998779296875,0.5770971683943396,1.0670192170677832,186722315.9745697,583.9999987792969,True,5.7223899349671425,False,-10.809736948156356,True,False,True,True,False,False,False,False,525.6113342285156,509.12125076293944,True,2.226736310998669,1,0.9115405082730529,11.82589558759497,0.37740907531529544,False,624.9000244140625,0.023967763441085997,0.02613735402087711,False,12.119862166874618,68.0,True,True,4,True,True,True,True,False,True,True,False,6,False,False,,Star Health and Allied Insurance Company Ltd.,Financial Services,EQ,INE575P01011,HOLD,Stage 2 + RS 68; trend/leadership is adequate without a stronger entry trigger.
SBIN,2026-09-07,1005.9000244140625,0.028843215561973112,-0.10408443793409783,0.05407250165171851,0.26956546255919256,0.05544799148015189,1046.87524205038,-0.03386974464048009,Stage 4 — Declining,1041.4274471507354,1212.8384373028666,False,791.3361086054234,1.0269276748394085,0.7171684742888013,8411878068.897382,1041.5339965820312,True,-3.914049734910585,False,-17.06232310290212,False,False,False,False,False,False,False,False,1046.936268310547,1029.6271737670897,True,1.638192291500841,1,1.283054619526023,11.01823249569253,0.7446294451926888,False,1124.5,0.04343977243033765,0.05156236970387502,False,11.790433711841498,52.0,True,True,1,False,True,True,False,False,False,True,False,3,False,False,,State Bank of India,Financial Services,EQ,INE062A01020,SELL,Stage 4 takes precedence: the guide requires SELL regardless of RS.
SAIL,2026-09-07,187.89999389648438,-0.01395887749889102,0.2127274489203821,0.41768525286430425,0.4718784250027088,0.21487467435792265,173.55267104057415,1.566098705229657,Stage 2 — Advancing,173.86941139370788,209.6999969482422,False,124.0,1.630198740615703,1.905834576636733,4878548555.003323,173.84219970703126,False,8.266840705987178,False,-10.395805135437586,True,True,True,True,False,False,False,False,173.12906646728516,164.90319980621337,True,3.925720077859386,2,1.270569627934735,21.372417780710343,2.0704624491058237,False,200.9600067138672,0.00811445747730216,0.009140317731991431,False,6.950512635236006,75.0,True,True,5,True,True,True,True,True,True,True,True,8,True,False,,Steel Authority of India Ltd.,Metals & Mining,EQ,INE114A01011,HOLD,Stage 2 + RS 75; trend/leadership is adequate without a stronger entry trigger.
SWSOLAR,2026-09-04,186.22999572753906,-0.07131104143423639,0.025156842305970484,-0.17076322820749312,-0.29471689325146,-0.11658907240429109,202.48746553185867,0.08007769486160221,Stage 1 — Basing,212.8515681846469,281.70001220703125,False,148.0,0.39672306262490015,0.5161111053694173,132274668.86473008,212.1749996948242,True,-8.028877126600076,False,-33.890668208181665,False,False,True,True,True,True,False,False,202.22453297932944,204.20679977416992,False,3.097553212893372,1,0.9157699375019088,28.490160473831637,0.34683009498970613,False,256.6499938964844,0.008008462687272308,0.011703572318861618,False,37.813456362836526,18.0,True,False,2,False,False,False,True,False,False,False,False,1,False,False,2.0,Sterling and Wilson Renewable Energy Ltd.,Construction,EQ,INE00M201021,AVOID,Stage 1 + RS 18; weak RS in a basing stage is AVOID.
STLTECH,2026-09-04,748.9000244140625,0.1493248196343624,3.4863119707230146,6.489000244140625,5.977545994948236,3.25030156981612,424.45760230495506,9.977355281777122,Stage 2 — Advancing,605.0225500966989,757.7000122070312,True,84.5999984741211,0.1425838760708638,2.054249463262193,992077957.513562,604.8560015869141,False,76.43694454929543,True,-1.1614078990623389,True,True,True,True,False,False,False,False,416.4614661661784,337.245199508667,True,4.471796933947233,2,0.7913772347645103,35.0336555273145,0.6523999131307651,False,757.7000122070312,0.03220500477695304,0.03220500477695304,True,1.175055081598364,99.0,True,True,5,True,True,True,True,True,True,True,True,8,True,False,,Sterlite Technologies Ltd.,Telecommunication,BE,INE089C01029,WAIT,"Stage 2 + RS 99; wait because price is more than 20% above the 30-week line (currently +76%) — the guide treats that as poor entry timing, not a failed trend."
STAR,2026-09-07,1178.800048828125,0.13375448298727832,0.3693933794920341,0.34482466168504544,0.3301733543827179,0.2623800723068708,1012.7602045764662,1.3874100699843295,Stage 2 — Advancing,1036.5105171951593,1225.262710817159,False,765.0675335548549,7.977919949024652,6.589548523187628,608475259.3442199,1035.2755810546876,False,16.394783632034216,False,-3.7920571301844896,True,True,True,True,False,False,False,False,1008.7635192871094,979.2362536621093,True,3.5411314181922866,1,2.612916848483348,21.581339934477146,1.5838076153095655,False,1187.5999755859375,0.050906456525630035,0.05157396546199203,False,0.7465156424586894,79.0,True,True,5,True,True,True,True,True,True,True,True,8,True,False,,Strides Pharma Science Ltd.,Healthcare,EQ,INE939A01011,HOLD,Stage 2 + RS 79; trend/leadership is adequate without a stronger entry trigger.
STYRENIX,2026-09-04,2043.199951171875,-0.0663800304686224,0.10174724607520624,0.007237678606341946,-0.22184531778786953,-0.04912409080871323,2142.660987331443,0.41643275168592453,Stage 1 — Basing,2239.8344965916053,2635.6749852016965,False,1761.8624901691985,0.470443181888588,0.3886659145803503,80799895.93269043,2238.4189208984376,True,-4.641939940458828,False,-22.479062758357593,False,False,True,True,True,True,False,False,2135.6041552734373,2088.823259277344,False,2.7960327625446784,2,0.9681303129146138,25.193268335037406,0.5998673702402167,False,2625.9669159348305,0.08786388308538673,0.11474958345899076,False,28.52226794684045,32.0,True,False,2,False,True,False,True,False,False,True,False,3,False,False,2.0,Styrenix Performance Materials Ltd.,Chemicals,EQ,INE189B01011,AVOID,Stage 1 + RS 32; weak RS in a basing stage is AVOID.
SUBROS,2026-09-04,709.5999755859375,-0.022926023289586928,-0.018940982217951596,-0.18651841623738097,-0.21748768154609188,-0.09375982531611966,760.0732852465486,-0.5503253234328098,Stage 4 — Declining,783.685291963465,1213.699951171875,False,622.0999755859375,0.49285619501637407,0.1698041713802458,31764556.5736145,782.6499975585938,True,-6.6405846173423715,False,-41.53415142673518,False,False,True,False,True,True,False,False,760.9043306477864,782.2094985961915,False,2.129470497883565,3,0.6789028553523705,18.570021175404335,0.09889769505814541,False,862.9500122070312,0.030514981784585664,0.052517468663514,False,21.61077253342183,23.0,False,False,1,False,False,False,True,False,False,False,False,1,False,False,,Subros Ltd.,Capital Goods,EQ,INE287B01021,SELL,Stage 4 takes precedence: the guide requires SELL regardless of RS.
SUDARSCHEM,2026-09-07,1239.800048828125,0.4045432701781948,0.5290544205115622,0.25449612174258673,-0.12346437097281293,0.29383454232754513,945.0569533775592,2.595092850815184,Stage 2 — Advancing,1077.910338158701,1595.8711433648984,False,723.169537946061,0.4901051453844393,3.1754865663083276,836589213.5123901,1081.944825439453,False,31.187865916141575,True,-22.31202036688229,True,True,True,True,False,False,False,False,944.0571325683594,946.394114074707,True,3.4953804266719164,2,0.5285768183972918,36.51226369299997,1.2335892126361494,False,1347.0,0.053540740305267204,0.06530855595695857,False,8.646551617190346,82.0,True,True,5,True,False,True,True,True,True,True,True,7,False,False,,Sudarshan Chemical Industries Ltd.,Chemicals,EQ,INE659A01023,WAIT,"Stage 2 + RS 82; wait because price is more than 20% above the 30-week line (currently +31%) — the guide treats that as poor entry timing, not a failed trend."
SUDEEPPHRM,2026-09-04,1329.300048828125,,,,,,777.2480100866867,5.482109310519623,Stage 2 — Advancing,972.0501433727788,,False,,0.8763886213225224,5.0210620035060565,349457650.12716675,975.335712890625,False,71.02649753710759,True,,True,True,True,True,False,False,False,False,772.6375655110677,,False,4.060676647664484,2,1.6582121183728036,42.02457664500892,0.7192033387208173,False,1357.4000244140625,0.057163991223004966,,False,2.1138926166977656,,True,False,4,False,False,False,False,True,False,False,False,1,False,False,,Sudeep Pharma Ltd.,Chemicals,EQ,INE0QPI01025,WAIT,"Stage 2 + RS unavailable; wait because price is more than 20% above the 30-week line (currently +71%) — the guide treats that as poor entry timing, not a failed trend."
SUMICHEM,2026-09-04,493.3999938964844,0.045422582318213944,0.25101662267246905,0.06283323791472162,-0.15382469958131206,0.05017406512846129,460.1798014183567,1.473578569450651,Stage 2 — Advancing,515.1486810422412,615.9651099206416,False,361.7279903344155,0.11891042199290866,0.7895906356220742,189687140.3428467,516.7665924072265,True,7.218959279772186,False,-19.89806144051698,True,False,True,True,False,False,False,False,459.1133278401693,456.1848564147949,True,2.856275874456348,2,0.4288515558109937,28.230006645685908,0.11634883839757852,True,572.0499877929688,0.021217717508845237,0.02556144499888359,False,15.940412417796912,51.0,True,True,4,True,True,True,True,False,True,True,False,6,False,False,,Sumitomo Chemical India Ltd.,Chemicals,EQ,INE258G01013,HOLD,Stage 2 + RS 51; trend/leadership is adequate without a stronger entry trigger.
SPARC,2026-09-07,205.8699951171875,-0.03265676143147256,0.6607776430919237,0.34608337799693434,0.42018477912703855,0.2723464554705903,181.21979475674564,2.627587740868309,Stage 2 — Advancing,218.93176508884804,289.0,False,108.0,0.9116620787894844,1.1278353108542876,183348124.02787095,218.68660034179686,True,13.602377374684838,False,-28.764707571907444,True,False,True,True,False,False,False,False,180.1228002421061,168.94585021972657,True,3.9740755699357813,3,0.4038387461006025,33.605534642625436,0.6316024692514555,True,289.0,0.008890491620511313,0.01202583071582779,False,40.37985469203142,81.0,True,True,4,True,True,True,True,False,True,False,True,6,False,False,,Sun Pharma Advanced Research Company Ltd.,Healthcare,EQ,INE232I01014,WAIT,Stage 2 + RS 81; wait because the close is below its 50-session average — short-term timing has weakened even though the 30-week trend is intact.
SUNPHARMA,2026-09-07,1895.0,0.06607925945597115,0.05588888919874524,0.05927446866336461,0.19999270288078508,0.08946291593096745,1827.6925115715967,1.075611907258689,Stage 2 — Advancing,1928.5212306602327,2046.9000244140625,False,1533.9890668325556,0.7711478777206907,0.7807600223354223,2942536318.02063,1929.6936669921874,True,3.6826483668484844,False,-7.420979168611074,True,False,True,True,False,False,False,False,1824.0506209309897,1797.9002612304687,True,1.7923115120264794,2,1.0112701979348326,9.397646427150915,0.7171108538602325,False,2046.9000244140625,0.08183553708872843,0.08568718283270962,False,8.015832422905667,59.0,True,True,4,True,True,True,True,False,False,True,False,5,False,False,,Sun Pharmaceutical Industries Ltd.,Healthcare,EQ,INE044A01036,HOLD,Stage 2 + RS 59; trend/leadership is adequate without a stronger entry trigger.
SUNTV,2026-09-04,470.8999938964844,-0.07057586412083772,-0.1960826350796986,-0.13543039403947388,-0.1390081731012811,-0.12233458609242581,535.684055694162,-0.887479384089207,Stage 4 — Declining,486.8225067737056,653.9340000086492,False,455.25,2.4406322455270195,1.8317514913083697,253156011.18736267,486.3941284179688,True,-12.0937073091951,False,-27.98967573329173,False,False,False,False,False,False,False,False,535.6848376464844,538.8343035888672,False,1.992385983126111,2,0.7893628992877336,13.18227206287452,1.37948827229627,False,524.374469151851,0.020250148295520163,0.028954699172209497,False,11.355802919615599,17.0,True,False,0,False,False,False,False,False,False,False,False,0,False,False,,Sun TV Network Ltd.,Media Entertainment & Publication,EQ,INE424H01027,SELL,Stage 4 takes precedence: the guide requires SELL regardless of RS.
SUNDARMFIN,2026-09-04,4648.7001953125,0.13894696784768112,-0.14095345169218998,0.004200739353753091,0.042643459961358765,0.03675693666365683,4687.020081402505,-0.8796234775312217,Stage 4 — Declining,4547.848996629902,5612.405266256894,False,3979.0182224383775,0.3148696552080887,1.137753486944343,202630740.83823243,4546.74939453125,False,-0.8175746086954705,False,-17.17098151729022,False,True,False,False,False,False,False,False,4703.907934570312,4764.341051025391,False,1.975973266576802,3,0.4888519639878369,12.532975432823147,0.7350151924813473,False,4965.2998046875,0.1999084084872282,0.24461500520510918,False,6.810497473987298,49.0,True,False,1,False,False,False,False,True,False,True,False,2,False,False,,Sundaram Finance Ltd.,Financial Services,EQ,INE660A01013,SELL,Stage 4 takes precedence: the guide requires SELL regardless of RS.
SUNTECK,2026-09-04,299.5,0.07695071350886185,-0.20250296968427328,-0.27385139741573206,-0.23407410956967978,-0.1113054099303923,324.24246738381584,-1.6825527096725468,Stage 4 — Declining,308.474510641659,472.5,False,270.75,0.22763227514231643,1.2115176560823098,46370642.65968933,308.26400085449217,True,-7.630853411477223,False,-36.61375661375661,False,False,False,False,False,False,False,False,326.4413350423177,346.90725173950193,False,2.42547204208465,2,0.7352266251629849,15.670553935860058,0.5091675073830857,False,343.0,0.012879421306260434,0.019866366580077,False,14.524207011686151,18.0,False,False,0,False,False,False,False,False,False,False,False,0,False,False,,Sunteck Realty Ltd.,Realty,EQ,INE805D01034,SELL,Stage 4 takes precedence: the guide requires SELL regardless of RS.
SUPREMEIND,2026-09-04,3475.0,-0.039317868170648196,-0.10225928721647903,0.04743134050621478,-0.23534303623653996,-0.07376134385762012,3598.1227893568066,0.006149944593070167,Stage 1 — Basing,3445.235284543505,4586.205351504792,False,3140.0,0.6498012914445973,1.039182109629394,722214559.2901367,3445.7019921875,False,-3.421861803076931,False,-24.22929778188392,False,True,False,True,False,False,False,False,3599.8997884114583,3547.4437658691404,False,2.270502292362538,2,0.7862941945898283,15.363881401617252,1.0813588446730016,False,3710.0,0.14943568961353926,0.19853749724623082,False,6.762589928057561,26.0,True,False,2,False,True,False,False,True,False,True,False,3,False,False,2.0,Supreme Industries Ltd.,Capital Goods,EQ,INE195A01028,AVOID,Stage 1 + RS 26; weak RS in a basing stage is AVOID.
SPLPETRO,2026-09-04,771.0499877929688,0.10808474290976644,0.18416777487162017,0.22761825567755611,0.008683155258479403,0.12732773432543773,702.5798155902183,1.428123442786089,Stage 2 — Advancing,716.5351215437347,965.127357372077,False,457.2664603074991,9.991470561745933,5.766655464265815,169667590.04197693,716.2170764160156,False,9.745536476198158,False,-20.10899060073864,True,True,True,True,False,False,False,False,699.9734729003907,675.7994026184082,True,2.7758995540221725,1,2.209314600133559,13.453688932039713,2.243386260425471,False,783.7999877929688,0.03315752133880671,0.037765366407796694,False,1.6535892875759295,64.0,True,True,5,True,True,True,True,True,True,True,False,7,False,False,,Supreme Petrochem Ltd.,Chemicals,EQ,INE663A01033,HOLD,Stage 2 + RS 64; trend/leadership is adequate without a stronger entry trigger.
SUPRIYA,2026-09-04,852.8499755859375,-0.10317903020372321,0.3765327036376451,0.14566377827090626,0.302414927422058,0.1236506697846326,766.3748503384525,1.0860131209903034,Stage 2 — Advancing,856.0116864372702,1083.7124081428149,False,544.8526903164613,0.8908143469108857,0.5012135495655592,306864465.2683746,854.590947265625,True,11.283659061788786,False,-21.302924172706682,True,False,True,True,True,True,False,False,764.0217032877604,757.311569519043,True,3.120566530766862,2,0.5226504997859259,29.0212799307152,0.671720013270813,True,1041.9620381243838,0.036675172442755304,0.04685147320344387,False,22.17413002896784,64.0,True,True,4,True,True,True,True,False,True,True,False,6,False,False,,Supriya Lifescience Ltd.,Healthcare,EQ,INE07RO01027,REDUCE,Stage 2 + RS 64; distribution warning (U/D 0.50) triggers REDUCE.
SURYAROSNI,2026-09-07,215.80999755859375,-0.15440428509847315,0.04055029377969266,-0.15055463133516145,-0.253815357323669,-0.13452565301521682,233.3071558704115,-0.774500365070685,Stage 4 — Declining,234.9726753982843,308.07465261661673,False,185.2067002350832,0.8024635839544069,0.17251463868442846,169423364.12461624,234.57511444091796,True,-7.49962350984913,False,-29.948797888556467,False,False,True,False,True,True,False,False,233.8231946818034,240.0760063934326,False,2.322537683785339,2,0.5670698215828092,20.714886422576797,0.5259577314600274,False,268.7894246405363,0.00931975042708427,0.012795528157690682,False,24.54910693725314,14.0,True,False,1,False,False,False,False,False,False,False,False,0,False,False,,Surya Roshni Ltd.,Capital Goods,EQ,INE335A01020,SELL,Stage 4 takes precedence: the guide requires SELL regardless of RS.
SUZLON,2026-09-07,45.54999923706055,-0.17645998723376521,0.1390346918036669,-0.11963668806726013,-0.21289096115804906,-0.10928258637783456,49.8223972059276,-0.17168551153196043,Stage 4 — Declining,50.101372288722615,61.5,False,38.189998626708984,0.4978688775585,0.6951342803964509,1888684398.650174,49.95919975280762,True,-8.575255725267972,False,-25.93496059014545,False,False,True,False,True,False,False,False,49.79259994506836,50.16599988937378,False,2.0479863919451295,2,0.48468700075996773,24.380378628151025,0.5599223465940024,False,59.310001373291016,0.001967075805781541,0.002571673717678718,False,30.20856721559506,19.0,True,False,1,False,False,False,False,False,False,False,False,0,False,False,,Suzlon Energy Ltd.,Capital Goods,EQ,INE040H01021,SELL,Stage 4 takes precedence: the guide requires SELL regardless of RS.
SWANCORP,2026-09-07,278.1000061035156,-0.10663870740366577,-0.22301763058251545,-0.37740568490846493,-0.38856560000681695,-0.2404532660610258,329.0004370702456,-2.584106785179363,Stage 4 — Declining,307.3784042059207,505.7501702925763,False,273.8999938964844,1.321959836034415,0.39788059074208465,270900988.4412079,307.29804931640626,True,-15.471235059746169,False,-45.012375192551126,False,False,False,False,True,True,False,False,331.5198465983073,359.9986227416992,False,2.575603752205801,2,1.301909955320068,18.611433201719414,0.8417515274667331,False,336.5337475168205,0.012009743199926046,0.021050293532275003,False,21.011772790668104,5.0,True,False,0,False,False,False,False,False,False,False,False,0,False,False,,Swan Corp Ltd.,Chemicals,EQ,INE665A01038,SELL,Stage 4 takes precedence: the guide requires SELL regardless of RS.
SWIGGY,2026-09-04,276.1000061035156,0.0885078365749663,-0.07271198621825148,-0.31241435812004725,-0.3474355894101192,-0.11110925211969706,276.43376577716987,-0.8279421813018106,Stage 4 — Declining,271.84960608388866,474.0,False,235.75,9.425715227612644,3.3853746239271216,6069481609.972113,272.4715982055664,False,-0.12073766484926862,False,-41.751053564659145,False,True,False,False,False,False,False,False,277.5068654378255,301.87814865112307,False,3.1070523994557773,2,0.5910825223402404,22.704918032786885,1.7377777637977543,False,305.0,0.011873149586872304,0.019519599627115303,False,10.467219578998922,19.0,True,False,1,False,False,False,False,True,False,False,False,1,False,False,,Swiggy Ltd.,Consumer Services,EQ,INE00H001014,SELL,Stage 4 takes precedence: the guide requires SELL regardless of RS.
SYNGENE,2026-09-07,389.29998779296875,-0.10097482273499647,-0.023263207147647513,-0.3898066776097202,-0.3978999390847534,-0.20258389386242284,425.88197786514075,-1.1919738085377496,Stage 4 — Declining,410.2588237687653,677.034031793237,False,375.25,0.3831034893456207,0.9765820092118163,225377589.133197,409.78100036621095,True,-8.589701366456037,False,-42.4991995215007,False,False,False,False,False,False,False,False,426.8751747639974,475.2300274658203,False,2.562291820354835,2,0.7865133388415937,16.60184691197658,0.4039040873349346,False,449.95001220703125,0.016811912184524023,0.02881251359208313,False,15.57925155813682,7.0,True,False,0,False,False,False,False,False,False,False,False,0,False,False,,Syngene International Ltd.,Healthcare,EQ,INE398R01022,SELL,Stage 4 takes precedence: the guide requires SELL regardless of RS.
SYRMA,2026-09-04,1457.300048828125,0.19416399981554688,0.9744072330419349,0.8553777847680071,0.7478813812128771,0.5931988797307826,1128.7131456348993,4.226323883491778,Stage 2 — Advancing,1416.9336655560662,1541.423280918013,False,633.8515990037583,0.4568613155998174,1.1365757052851237,1572228659.938043,1416.4917797851563,False,29.111639610469496,True,-5.4575036676355,True,True,True,True,False,False,False,False,1120.5936454264322,1025.6730130004883,True,2.982521991167514,2,0.8622292203793405,18.535321294154876,0.533146470367683,False,1541.423280918013,0.06266838496992094,0.06391804135618848,False,5.772540264273984,94.0,True,True,5,True,True,True,True,True,True,True,True,8,True,False,,Syrma SGS Technology Ltd.,Capital Goods,EQ,INE0DYJ01015,WAIT,"Stage 2 + RS 94; wait because price is more than 20% above the 30-week line (currently +29%) — the guide treats that as poor entry timing, not a failed trend."
TARC,2026-09-04,126.98999786376953,-0.0282368764832015,-0.08692841392086914,-0.16978300019741854,-0.21712599341805416,-0.10606223210054898,130.8706896025559,-1.6219428453561835,Stage 4 — Declining,125.5372543334961,186.3000030517578,False,109.0999984741211,0.17363580750475577,0.6948456799652217,75106237.10843086,125.57259948730469,False,-2.965287147620088,False,-31.835751055522422,False,True,False,False,True,False,False,False,131.63393315633138,137.7137999343872,False,3.3349087972225377,3,0.5723035796703483,19.171345921691977,0.31609763438134447,False,142.39999389648438,0.005460960548142238,0.007601825832702463,False,12.134810844903043,20.0,True,False,1,False,False,False,False,True,False,False,False,1,False,False,,TARC Ltd.,Realty,EQ,INE0EK901012,SELL,Stage 4 takes precedence: the guide requires SELL regardless of RS.
TBOTEK,2026-09-04,1688.9000244140625,0.38253115436089113,0.47889669388271683,0.010530709670162564,0.10776600515488055,0.2724511434859085,1367.373288507331,1.5018919053970237,Stage 2 — Advancing,1574.71175848269,1764.800048828125,False,1004.2000122070312,0.24214542486363583,1.5460721025671749,288209212.6775635,1576.9899926757812,False,23.514188744883313,True,-4.300771889963517,True,True,True,True,False,False,False,False,1369.3886678059896,1429.456001586914,True,3.435880221025705,3,0.5440878934434447,19.994287109375,0.5392123250352183,True,1750.0,0.07262789635586725,0.07455475037363282,False,3.6177378591213616,81.0,True,True,5,True,False,True,True,True,True,True,True,7,False,False,,TBO Tek Ltd.,Consumer Services,EQ,INE673O01025,WAIT,"Stage 2 + RS 81; wait because price is more than 20% above the 30-week line (currently +24%) — the guide treats that as poor entry timing, not a failed trend."
TDPOWERSYS,2026-09-07,734.1500244140625,0.1195413313854492,0.6725279165682314,1.1095649030740038,1.677697298318925,0.7397745561464117,566.002576854131,4.7848988506250745,Stage 2 — Advancing,641.2772013346354,798.8499755859375,False,262.0239102537355,0.34419912593759594,4.0157424717453285,2396516432.0961976,641.7847741699219,False,29.707894351736506,True,-8.099136652588502,True,True,True,True,False,False,False,False,561.671498006185,508.9760823059082,True,4.415213850538701,3,0.575408633824619,41.8481098627997,0.579427849354916,False,798.8499755859375,0.03170425411695404,0.03379713938885505,False,8.812905948414706,97.0,True,True,5,True,True,True,True,True,True,True,True,8,True,False,,TD Power Systems Ltd.,Capital Goods,EQ,INE419M01035,WAIT,"Stage 2 + RS 97; wait because price is more than 20% above the 30-week line (currently +30%) — the guide treats that as poor entry timing, not a failed trend."
TSFINV,2026-09-04,404.70001220703125,0.02172847123303212,0.08421417015474897,-0.13969567857188503,-0.1545164466612312,-0.033308202522460605,408.9980790647742,-0.14900572595534234,Stage 4 — Declining,437.7715717390472,684.5682054144123,False,328.50158671142503,0.4763476644187884,0.5088514174146916,20518164.83363495,438.66851623535155,True,-1.050877027973085,False,-40.88244107655557,False,False,True,False,True,True,False,False,409.70521443684896,419.2841244506836,False,2.2768187389062855,4,0.26348026283500675,20.81355231574771,0.3047531413717404,False,493.45001220703125,0.017403345441946896,0.029060329076073817,False,21.9298238999307,36.0,False,False,1,False,False,False,True,False,False,False,False,1,False,False,,TSF Investments Ltd.,Financial Services,EQ,INE202Z01029,SELL,Stage 4 takes precedence: the guide requires SELL regardless of RS.
TVSMOTOR,2026-09-07,4132.0,0.22107630817864976,0.09578293119748316,0.1312388110459708,0.19267168850490268,0.17236920942113126,3731.908579369114,1.1483975360462306,Stage 2 — Advancing,4050.264710669424,4484.5,False,3228.0,0.2959997272177611,0.390661467649946,3786549640.028491,4062.13400390625,False,10.7208258756039,False,-7.860408072248859,True,True,True,True,True,True,False,False,3731.543780924479,3709.216667480469,True,2.5252373745094903,1,1.0253138306955907,23.536626156762182,0.9927394189097156,False,4484.5,0.17844033733542264,0.18948012445377377,False,8.530977734753154,70.0,True,True,5,True,True,True,True,True,False,True,True,7,False,False,,TVS Motor Company Ltd.,Automobile and Auto Components,EQ,INE494B01023,REDUCE,Stage 2 + RS 70; distribution warning (U/D 0.39) triggers REDUCE.
TVSSCS,2026-09-04,130.41000366210938,0.06326948259020715,0.18489920547819105,0.22993497277652408,-0.018809720345472458,0.1045126846179314,121.47158608272157,1.7050653943204708,Stage 2 — Advancing,132.59764622706993,146.5,False,90.31999969482422,0.5870924646449851,6.707979691867761,436470856.23211896,132.61979904174805,True,7.35844312866778,False,-10.982932653850252,True,False,True,True,False,False,False,False,120.74146662394206,117.17704998016357,True,4.1594093523117515,2,1.225255011489193,17.815698617147504,9.123651082379313,False,146.5,0.005608031317914099,0.00612491113851104,False,12.338007734114932,61.0,True,True,4,True,True,True,True,False,True,True,False,6,False,False,,TVS Supply Chain Solutions Ltd.,Services,EQ,INE395N01027,HOLD,Stage 2 + RS 61; trend/leadership is adequate without a stronger entry trigger.
TMB,2026-09-04,932.4500122070312,0.26706319806197465,0.4543766497949038,0.7742442025351619,1.2277085491904045,0.5980911595288839,730.1163998956549,2.9681459404363286,Stage 2 — Advancing,836.0441152535233,949.9500122070312,True,405.09227596916213,0.31941653788674634,1.4692614547736942,158432808.55397645,838.112998046875,False,27.712514379939,True,-1.8422021974969005,True,True,True,True,False,False,False,False,726.7463753255208,675.679419708252,True,2.9411765255939155,2,0.8372972366033659,23.574925978128604,0.5050648116265357,False,949.9500122070312,0.040098218878938365,0.0405284232443037,False,1.8767762100811103,95.0,True,True,5,True,True,True,True,True,True,True,True,8,True,False,,Tamilnad Mercantile Bank Ltd.,Financial Services,EQ,INE668A01016,WAIT,"Stage 2 + RS 95; wait because price is more than 20% above the 30-week line (currently +28%) — the guide treats that as poor entry timing, not a failed trend."
TANLA,2026-09-07,520.2000122070312,0.005897684712331541,0.17683559421625805,-0.046846346114059134,-0.19344477283238015,-0.010332031061103631,512.5182584997726,0.5596559002041701,Stage 2 — Advancing,566.9049012427237,750.0847124549373,False,361.8340643388348,0.24070148861144855,0.38786839245605664,310158835.7202026,567.6359997558594,True,1.498825374484114,False,-30.64783169563888,True,False,True,True,True,True,False,False,511.7897139485677,513.7950042724609,False,3.819961948484713,2,1.1705277652308597,22.286587226681593,0.4402293905915566,False,656.0,0.02246482712006622,0.03163914561519825,False,26.105341139231374,40.0,True,False,3,True,False,False,True,False,True,False,False,3,False,False,,Tanla Platforms Ltd.,Information Technology,EQ,INE483C01032,REDUCE,Stage 2 + RS 40; distribution warning (U/D 0.39) triggers REDUCE.
TATACAP,2026-09-04,375.04998779296875,,,,,,338.1466497133856,0.5967910955686495,Stage 2 — Advancing,361.21942078833484,,False,,0.8075096538863751,0.8012172442941674,386158731.6826782,361.1829345703125,False,10.9134123052417,False,,True,True,True,True,False,False,False,False,338.26148885091146,338.0170567321777,True,1.8445161455761114,3,0.49439605230551453,14.123424926518208,0.3088184839613784,True,390.20001220703125,0.0161283031842854,,False,4.03946804617028,,True,False,4,True,True,True,True,True,False,False,False,5,False,False,,Tata Capital Ltd.,Financial Services,EQ,INE976I01016,WAIT,Stage 2 + RS unavailable; wait for a clearer entry trigger; no breakout setup is present.
TATACHEM,2026-09-07,613.3499755859375,-0.13418574201264266,-0.11924728621308422,-0.19542638984365257,-0.3328188842088462,-0.18317280885817366,694.4273756889447,-0.7242825227282368,Stage 4 — Declining,672.8049041149663,1011.1043139234446,False,571.5129923118551,0.8549948169105731,1.1540350887723236,395637539.73485106,671.6680017089843,True,-11.675432585383017,False,-39.338605607771434,False,False,False,False,False,False,False,False,694.6642891438802,708.2923309326172,False,2.720424215427861,2,1.3874798850523073,16.743872535975818,0.8774064571046953,False,734.0,0.02648750642503096,0.042223137511827366,False,19.67066588676467,9.0,True,False,0,False,False,False,False,False,False,False,False,0,False,False,,Tata Chemicals Ltd.,Chemicals,EQ,INE092A01019,SELL,Stage 4 takes precedence: the guide requires SELL regardless of RS.
TATACOMM,2026-09-04,1756.0999755859375,-0.10767476918962116,0.19508263955791327,-0.040465350564349745,0.14010722386897667,0.015874994896659583,1693.622393882438,0.5996160617874668,Stage 2 — Advancing,1785.1254858877144,2110.0,False,1310.5824719426591,0.869900646056642,0.9542994148124944,453377622.1844238,1780.9899951171874,True,3.6889912373133438,False,-16.77251300540581,True,False,True,True,False,False,False,False,1689.8540486653646,1706.227080078125,False,2.49945092836824,2,0.8215919546798358,18.713454679295317,0.6599494020374139,False,2017.800048828125,0.07551770097323857,0.08863009544782578,False,14.902344791324818,46.0,True,False,3,True,False,False,True,False,True,True,False,4,False,False,,Tata Communications Ltd.,Telecommunication,EQ,INE151A01013,WAIT,Stage 2 + RS 46; wait because the close is below its 50-session average — short-term timing has weakened even though the 30-week trend is intact.
TCS,2026-09-07,2270.0,0.037994636944353344,-0.09548248078078292,-0.27260540154201474,-0.224408988391393,-0.1033015193650968,2345.5651479224634,-2.105476778676185,Stage 4 — Declining,2268.3618427351407,3287.1613923698505,False,1966.0205187179013,0.5962298154347542,0.7001546909667741,5968089475.658557,2271.9998803710937,True,-3.2216179537538636,False,-30.943457620635318,False,True,False,False,False,False,False,False,2362.5464282226562,2546.9842791748047,False,2.466331947667558,3,0.6083478902493356,21.20158241611618,0.5946402955573308,False,2495.0,0.0980299045864979,0.13666657448483835,False,9.911894273127754,20.0,True,False,1,False,False,False,False,False,False,False,False,0,False,False,,Tata Consultancy Services Ltd.,Information Technology,EQ,INE467B01029,SELL,Stage 4 takes precedence: the guide requires SELL regardless of RS.
TATACONSUM,2026-09-07,1015.0,-0.10248476603766299,-0.0833808093439844,-0.11979661556649712,-0.04551605323973629,-0.09073260204510876,1109.1570008160318,-0.6455155992473482,Stage 4 — Declining,1078.7039184570312,1271.9371979227803,False,998.7489642211792,0.9464915058507825,0.36175493989476754,1278262906.0680299,1078.0219958496093,True,-8.48905977663742,False,-20.200462596926037,False,False,False,False,True,True,False,False,1110.1448478190105,1122.72576171875,False,1.668543537094256,3,0.9813067806659047,11.150442477876107,0.7204903144579974,False,1130.0,0.04383275469396272,0.05571713005129209,False,11.33004926108374,24.0,True,False,0,False,False,False,False,False,False,True,False,1,False,False,,Tata Consumer Products Ltd.,Fast Moving Consumer Goods,EQ,INE192A01025,SELL,Stage 4 takes precedence: the guide requires SELL regardless of RS.
TATAELXSI,2026-09-07,3497.0,-0.17237168122980506,-0.17793355751412765,-0.3177360193087828,-0.3469615823871214,-0.23747490433392843,4056.751765839041,-2.772381994455908,Stage 4 — Declining,3655.5058785232845,5845.177388781378,False,3353.89990234375,0.42826942123752265,0.4522959179206279,607401269.3148072,3649.007998046875,True,-13.798028525003181,False,-40.172902079725134,False,False,False,False,True,True,False,False,4090.182197265625,4372.18939453125,False,2.4968338215281465,2,0.5530608512556959,15.997099125640757,0.41936813486581687,False,3992.60009765625,0.15101787503919964,0.2487872191935561,False,14.172150347619382,5.0,True,False,0,False,False,False,False,False,False,False,False,0,False,False,,Tata Elxsi Ltd.,Information Technology,EQ,INE670A01012,SELL,Stage 4 takes precedence: the guide requires SELL regardless of RS.
TATAINVEST,2026-09-07,627.7999877929688,-0.05773068267169856,-0.01638561212666112,-0.10933268932495499,-0.0663049545351434,-0.06149692426603134,660.2231583268675,0.2245391312204248,Stage 1 — Basing,660.3990203259038,1178.621408861613,False,536.0852264589291,0.31677535359310727,0.35616109308487737,124799879.86542663,660.2800012207031,True,-4.910941115132239,False,-46.73438111061146,False,False,True,True,True,True,False,False,659.309784749349,666.4153686523438,False,1.7476018603875982,2,0.8280887872818374,13.101561972330444,0.4664573905283957,False,714.7999877929688,0.02711152991310541,0.04590708850364886,False,13.857916803383286,29.0,True,False,2,False,False,False,False,False,False,False,False,0,False,False,2.0,Tata Investment Corporation Ltd.,Financial Services,EQ,INE672A01026,AVOID,Stage 1 + RS 29; weak RS in a basing stage is AVOID.
TMCV,2026-09-04,458.20001220703125,,,,,,427.0403181102178,0.30411155074143714,Stage 2 — Advancing,441.7647052839691,,False,,0.8035124905773648,0.8956461928311829,4000509190.3003817,441.9619995117188,False,7.296663283388427,False,,True,True,True,True,False,False,False,False,427.6231162516276,419.70271240234376,False,3.020359088954504,2,1.1708287416939371,18.40918205005809,1.023214653239932,False,487.79998779296875,0.019704010015853184,,False,6.460055608327475,,True,False,4,True,True,False,True,True,False,False,False,4,False,False,,Tata Motors Ltd.,Capital Goods,EQ,INE1TAE01010,WAIT,Stage 2 + RS unavailable; wait for a clearer entry trigger; no breakout setup is present.
TMPV,2026-09-07,307.0,-0.2218535011454711,-0.11747208197621173,-0.12458525650397168,-0.5524842260522793,-0.247649713364681,345.91421571496414,-0.8384679401839512,Stage 4 — Declining,331.71176326976104,733.6144341409002,False,291.8787603017159,0.7112694008862982,0.29362750842203367,3138485135.413362,331.4449987792969,True,-11.249672302288305,False,-58.152404626619344,False,False,False,False,True,True,False,False,346.5490515136719,347.7070007324219,False,1.942762656231823,2,0.5788519685099798,14.239618650145161,0.6617730730019635,False,356.3999938964844,0.013257788858173946,0.031189804261085727,False,16.09120322361055,4.0,True,False,0,False,False,False,False,False,False,False,False,0,False,False,,Tata Motors Passenger Vehicles Ltd.,Automobile and Auto Components,EQ,INE155A01022,SELL,Stage 4 takes precedence: the guide requires SELL regardless of RS.
TATAPOWER,2026-09-07,365.70001220703125,-0.10076714174975554,-0.020063688355723808,-0.04300101647507404,-0.04622573630774818,-0.06216494492761143,391.8018658781705,0.026074611178894536,Stage 1 — Basing,375.0049025591682,462.0369390979878,False,340.3907303086808,1.0560024479878891,0.34835812682694833,2046085456.3993423,374.7750006103516,True,-6.662003411503791,False,-20.850481582496506,False,False,False,True,True,True,False,False,391.0742494710286,386.5414448547363,False,2.061604853800432,2,1.5986559133746872,11.116801889088144,1.6857680543808176,False,390.3999938964844,0.015792747710985197,0.020160067472192615,False,6.754164852329803,29.0,True,False,1,False,True,False,False,False,False,True,False,2,False,False,1.0,Tata Power Co. Ltd.,Power,EQ,INE245A01021,AVOID,Stage 1 + RS 29; weak RS in a basing stage is AVOID.
TATASTEEL,2026-09-07,185.61000061035156,-0.08382362101153495,-0.04546109069673254,0.13361143342917603,0.12975788123558685,0.010052196388992088,195.95761432386425,-0.14837534374423367,Stage 4 — Declining,186.86941259047563,219.86575104195882,False,156.82581752306186,0.9466758212268146,0.44857824244596217,5076720014.343547,186.81540069580078,True,-5.2805366860666725,False,-15.5803031028102,False,False,False,False,True,True,False,False,195.84758178710936,190.1887070465088,True,2.4109701681731655,2,1.0438211811539455,7.048796450662932,1.344959158894413,False,193.64999389648438,0.008015564163054002,0.009616077463452468,False,4.331659533265708,45.0,True,False,0,False,True,True,False,False,False,True,False,3,False,False,,Tata Steel Ltd.,Metals & Mining,EQ,INE081A01020,SELL,Stage 4 takes precedence: the guide requires SELL regardless of RS.
TATATECH,2026-09-04,800.0,0.08543583803195864,0.4202044100970257,0.2043678180775359,0.20151755392469117,0.19939229163263403,670.5217847432176,1.7162606255643142,Stage 2 — Advancing,772.6862721162684,891.0,False,499.7255286427323,0.6419566459960089,0.7610657840127578,1131092318.6076264,773.172998046875,False,19.310068397907052,False,-10.213243546576878,True,True,True,True,False,False,False,False,669.7021913655599,664.3550450134277,True,3.533036368233817,3,0.6321475513638406,25.757575757575758,0.7562190596279152,False,891.0,0.03440246091822486,0.037027445893635005,False,11.375000000000002,73.0,True,True,5,True,True,True,True,True,True,True,True,8,True,False,,Tata Technologies Ltd.,Information Technology,EQ,INE142M01025,HOLD,Stage 2 + RS 73; trend/leadership is adequate without a stronger entry trigger.
TTML,2026-09-07,37.349998474121094,-0.1908579159968289,-0.06601658148384759,-0.23992676153779036,-0.3503218406043159,-0.20759620312392235,41.073767126423036,-0.9685538787469139,Stage 4 — Declining,39.56882342170267,60.619998931884766,False,31.219999313354492,0.467723442014006,3.581882619036282,157182300.04187316,39.51999992370605,True,-9.066050944001224,False,-38.38667249715865,False,False,False,False,False,False,False,False,41.15673334757487,42.96750003814697,False,3.101931895839982,1,1.1846920808757682,17.46248382244813,3.0882745737288264,False,43.97999954223633,0.0016129589368827902,0.0025282750729302994,False,17.751007601001657,6.0,True,False,0,False,False,False,False,False,False,False,False,0,False,False,,Tata Teleservices (Maharashtra) Ltd.,Telecommunication,EQ,INE517B01013,SELL,Stage 4 takes precedence: the guide requires SELL regardless of RS.
TECHM,2026-09-07,1564.0,0.08166085747133778,0.20495910595022182,0.02154566143475134,0.09712779393299908,0.09739085525212957,1457.711807041952,-0.2789653484003618,Stage 3 — Topping,1561.1510009765625,1807.040094106148,False,1271.0685229802766,0.7697574349669699,0.6617289641326249,3473241627.2289186,1564.4243530273438,True,7.291440766589696,False,-13.44962377419565,True,True,True,False,True,False,False,False,1461.9063069661458,1487.9565606689453,True,2.292199599991151,3,0.44966387622574433,21.66108661220261,0.7388118057203695,False,1686.5999755859375,0.06754130871069725,0.0745378764639504,False,7.838873119305467,60.0,True,True,4,True,False,True,True,False,False,True,False,4,False,False,,Tech Mahindra Ltd.,Information Technology,EQ,INE669C01036,REDUCE,Stage 3 with RS 60; the guide requires REDUCE when RS is 50 or higher.
TECHNOE,2026-09-04,979.5,-0.03115727002967361,-0.12855871886120995,-0.11573526841474335,-0.3485198552498009,-0.1310256765170203,1094.1643823074967,0.013670287651734725,Stage 1 — Basing,1017.3441233915441,1544.4460682715983,False,870.0,0.44719411875869,0.5814130150099827,210890597.0051361,1015.9490063476562,True,-10.47963031529865,False,-36.57920337120181,False,False,False,True,True,True,False,False,1092.5159993489583,1085.7525018310546,False,2.8647996469476955,1,1.4964017659017461,14.21738258600669,0.6483906826064704,False,1097.5999755859375,0.042121513086751564,0.06645474586577671,False,12.057169534041613,15.0,True,False,1,False,True,False,False,False,False,False,False,1,False,False,2.0,Techno Electric & Engineering Company Ltd.,Construction,EQ,INE285K01026,AVOID,Stage 1 + RS 15; weak RS in a basing stage is AVOID.
TEGA,2026-09-04,1548.0,-0.17316523855742383,-0.07443946188340811,-0.18487703654338217,-0.2140894059866515,-0.1639472763056579,1679.818618669181,-0.5036717471890495,Stage 4 — Declining,1629.8156857958027,2125.0,False,1473.0,0.3978297112240066,2.196439682141412,372535447.41987914,1627.8080004882813,True,-7.847193572221089,False,-27.15294117647059,False,False,False,False,False,False,False,False,1682.4066650390625,1733.8084973144532,False,3.5654303859458634,1,1.6875762645739512,19.814915623298855,0.9847765718190777,False,1837.0,0.06656876187676511,0.09124977159455892,False,18.66925064599483,11.0,True,False,0,False,False,False,False,False,False,False,False,0,False,False,,Tega Industries Ltd.,Capital Goods,EQ,INE011K01018,SELL,Stage 4 takes precedence: the guide requires SELL regardless of RS.
TEJASNET,2026-09-07,593.5999755859375,0.030197783773483033,0.2764218711262427,0.20125464518428404,0.009094731127815558,0.10943336299706169,487.0832185092038,3.19147950588885,Stage 2 — Advancing,539.4274483475031,644.75,False,294.0,1.1686560190678836,6.204570745458236,2972000222.346237,538.1449975585938,False,21.868287189763038,True,-7.933311270114385,True,True,True,True,False,False,False,False,483.180332438151,469.9564993286133,True,4.240470975440605,3,1.1220160823071625,23.979752680222933,3.548669006844753,False,642.0,0.025634603070148435,0.027322179938446375,False,8.153643262246968,62.0,True,True,5,True,True,True,True,True,True,True,False,7,False,False,,Tejas Networks Ltd.,Telecommunication,EQ,INE010J01012,HOLD,Stage 2 + RS 62; trend/leadership is adequate without a stronger entry trigger.
TENNIND,2026-09-04,517.5499877929688,,,,,,567.9441800052173,0.027518636541290498,Stage 1 — Basing,557.5058845071231,,False,,0.2731629524032439,0.19118017369235732,2266552409.0858946,557.0800024414062,True,-8.873088938385742,False,,False,False,False,True,True,True,False,False,567.2766682942708,550.4230014038086,False,2.8506578347849203,1,1.6721413214846685,20.0898983805574,0.41815701954833884,False,622.9500122070312,0.022256241535344203,,False,20.365187305583476,,True,False,1,False,True,False,False,False,False,False,False,1,False,False,2.0,Tenneco Clean Air India Ltd.,Automobile and Auto Components,EQ,INE19RI01016,AVOID,Stage 1 + RS unavailable; weak RS in a basing stage is AVOID.
TEXRAIL,2026-09-07,119.45999908447266,0.14458173747997538,0.1878293670773532,-0.02600898819176256,-0.13323264689561898,0.0635502413899845,106.65979484662618,-0.680336790834879,Stage 3 — Topping,111.02215680889054,153.0,False,78.05000305175781,4.196890757710284,3.7628657218215835,254016443.9721733,111.09179992675782,False,12.000964614879317,False,-21.92156922583487,True,True,True,False,False,False,False,False,107.04693364461264,112.31240005493164,False,3.401616332798312,3,1.2801251499469377,17.59483679038088,1.7303884842554447,False,123.9000015258789,0.005158877670552415,0.006466703024393609,False,3.716727335873027,54.0,True,True,4,True,False,False,False,True,True,True,False,4,False,False,,Texmaco Rail & Eng. Ltd.,Capital Goods,EQ,INE621L01012,REDUCE,Stage 3 with RS 54; the guide requires REDUCE when RS is 50 or higher.
THANGAMAYL,2026-09-07,5474.0,0.025675388470224103,0.48552498721288617,0.7030098413998076,1.4998005979719524,0.5479372407050189,4707.9739639073205,3.0494981142313637,Stage 2 — Advancing,5852.849685968137,7430.0,False,1934.089956974078,0.368209531880695,1.0397107796637537,545389891.525,5852.732431640625,True,16.270821418411717,False,-26.325706594885602,True,False,True,True,False,False,False,False,4669.135455729167,4349.071766357421,True,3.0612244897959187,3,0.3444048451736123,37.940780619111706,0.3899651226902821,False,7430.0,0.23639458048744033,0.3157028701694993,False,35.73255389112167,93.0,True,True,4,True,True,True,True,False,True,False,True,6,False,False,,Thangamayil Jewellery Ltd.,Consumer Durables,EQ,INE085J01014,WAIT,Stage 2 + RS 93; wait because the close is below its 50-session average — short-term timing has weakened even though the 30-week trend is intact.
ANUP,2026-09-04,1785.800048828125,-0.05945062118236455,0.2061400605045709,-0.1873264858720003,-0.22716170639752742,-0.06544987482593718,1925.3997853246228,-0.14210471702034155,Stage 4 — Declining,2027.3789038564644,2559.3896551627895,False,1413.1287937902684,0.2773564924664155,0.8359796014322398,46161144.489556886,2022.2648266601564,True,-7.250428589455837,False,-30.22555025078667,False,False,True,False,False,False,False,False,1923.8691967773439,1977.8938012695312,False,2.5978757192110637,3,0.4239658784529529,27.16080280588325,0.46459753313456303,False,2383.3321437818063,0.07679489548446702,0.10730959824667687,False,33.46019031334404,29.0,False,False,1,False,False,False,True,False,False,False,False,1,False,False,,The Anup Engineering Ltd.,Capital Goods,EQ,INE294Z01018,SELL,Stage 4 takes precedence: the guide requires SELL regardless of RS.
NIACL,2026-09-07,231.1999969482422,0.5385402639211083,0.6816062395544165,0.4628442714613292,0.19669512386118115,0.48364523254382874,163.00969288447132,2.2277766830549384,Stage 2 — Advancing,182.18019283519072,242.60000610351562,False,116.0144662714778,5.196924707040801,11.11255028393563,1791794335.9362197,182.22563232421874,False,41.83205480431087,True,-4.699096813051662,True,True,True,True,False,False,False,False,162.5937905883789,160.79412117004395,True,4.616907136379417,1,2.9830174892695265,33.32234524437145,1.8770563831588587,False,242.60000610351562,0.00998436724283471,0.00998436724283471,True,4.930799872729019,91.0,True,True,5,True,True,True,True,True,True,True,True,8,True,False,,The New India Assurance Company Ltd.,Financial Services,EQ,INE470Y01017,WAIT,"Stage 2 + RS 91; wait because price is more than 20% above the 30-week line (currently +42%) — the guide treats that as poor entry timing, not a failed trend."
RAMCOCEM,2026-09-04,884.5,0.010843252223724287,-0.18271841720993642,-0.12653743422275943,-0.186541481273665,-0.09482216565178245,952.0473499036815,-1.4128808341421162,Stage 4 — Declining,916.707129384957,1211.1945755050306,False,836.0183952677719,0.41335077491135913,1.3495251322983879,306300611.0864563,916.7093017578125,True,-7.094956979872402,False,-26.972922609796946,False,False,False,False,False,False,False,False,956.9913102213542,979.5400173950195,False,2.847855635782171,2,1.5645669596798115,13.162019688277107,1.199398093483468,False,986.6074693636571,0.03803622085271236,0.05073683287534675,False,11.544089244053946,23.0,True,False,0,False,False,False,False,False,False,False,False,0,False,False,,The Ramco Cements Ltd.,Construction Materials,EQ,INE331A01037,SELL,Stage 4 takes precedence: the guide requires SELL regardless of RS.
THERMAX,2026-09-07,3622.0,-0.2473680707410636,0.15019223608270216,0.2779958540995897,0.10450177337172906,0.00759074441437875,4036.87309369649,1.6816184010987056,Stage 1 — Basing,4306.29292566636,5256.332008959298,False,2731.5439342301706,0.5073078618188854,0.7287638664251056,537674398.1772705,4290.333715820312,True,-10.277090313894366,False,-31.09263277459674,False,False,True,True,False,False,False,False,4006.7797265625,3733.363395996094,True,2.5009854599496135,2,0.8210101692002797,31.377484181616577,0.36932795660012,False,5197.273748224432,0.15641599753845614,0.22345589642334704,False,43.4918207682063,44.0,True,False,2,False,True,True,True,False,True,False,False,4,False,False,2.0,Thermax Ltd.,Capital Goods,EQ,INE152A01029,AVOID,Stage 1 + RS 44; weak RS in a basing stage is AVOID.
THOMASCOOK,2026-09-04,111.6500015258789,0.2168442698093227,0.1730627580470272,-0.20292428346901348,-0.37096730516486165,0.006571941806359491,101.82598526837074,-0.7240157724076157,Stage 3 — Topping,104.81585573682598,180.59069729920185,False,85.96001645922374,1.3361357063664836,5.6556326861411605,297970150.5033485,104.69224426269531,False,9.647847974773981,False,-38.175109130401275,True,True,True,False,False,False,False,False,102.28455963134766,111.68207439422608,False,4.596830547001324,2,1.5686291647011197,19.682301942487207,1.0010326228384316,False,120.32411817674341,0.004801293517517244,0.0078071849581106256,False,7.769025107316252,44.0,True,False,3,False,False,False,False,True,False,False,False,1,False,False,,Thomas Cook (India) Ltd.,Consumer Services,EQ,INE332A01027,SELL,Stage 3 + RS 44; RS below 50 in Stage 3 triggers SELL.
THYROCARE,2026-09-04,576.1500244140625,0.12078574809883658,0.5483463230957077,0.3630293436403822,0.3132406387711162,0.29323756034097587,479.5053221820152,2.4558995668613193,Stage 2 — Advancing,572.3166665469898,662.0,False,338.148639887055,0.1586366741244131,0.37130874889985455,459126145.7483002,573.4189996337891,False,20.155084367418553,True,-12.968274257694489,True,True,True,True,True,True,False,False,477.1369081624349,470.4523384094238,True,3.590955643687093,2,0.807249220475936,23.6404833836858,0.3451646190422559,False,662.0,0.02477622337242386,0.027420541860289232,False,14.90062864672199,82.0,True,True,5,True,True,True,True,True,True,True,True,8,True,False,,Thyrocare Technologies Ltd.,Healthcare,EQ,INE594H01019,REDUCE,Stage 2 + RS 82; distribution warning (U/D 0.37) triggers REDUCE.
TI,2026-09-04,535.0999755859375,0.2825981781620841,0.2698148631615387,0.18568577456157942,0.16616142765513842,0.23737168434048497,460.81164446268997,1.9299605678390952,Stage 2 — Advancing,494.9872556200215,594.5499877929688,False,381.54998779296875,0.6122266759968975,2.692159008465349,668273867.4270325,496.2110009765625,False,16.12119225195976,False,-9.999161286289127,True,True,True,True,False,False,False,False,460.33000040690104,456.96524978637694,True,3.7189325141821965,2,2.195535152052983,28.466908329823294,0.8266635542061881,False,594.5499877929688,0.023010944996797865,0.02482916012397872,False,11.11007567173463,78.0,True,True,5,True,True,True,True,True,True,True,True,8,True,False,,Tilaknagar Industries Ltd.,Fast Moving Consumer Goods,EQ,INE133E01013,HOLD,Stage 2 + RS 78; trend/leadership is adequate without a stronger entry trigger.
TIMETECHNO,2026-09-07,184.52999877929688,0.07011132084620963,0.044903694233923375,0.013566962835469543,-0.22007610304725622,-0.004276560857088808,184.48534236542167,0.19328268701248597,Stage 2 — Advancing,193.980588127585,249.14999389648438,False,154.0,0.3520498028422691,1.5800992675129497,565420869.9869903,194.26899993896484,True,0.024205941405774922,False,-25.936181697855265,True,False,True,True,False,False,False,False,184.58159993489582,184.85859970092773,False,2.9553843877417196,2,0.7719695098400176,20.318617057301218,0.7747283165061881,False,217.19000244140625,0.007968924305586366,0.010426066981154695,False,17.69902123132383,42.0,True,False,3,False,False,False,True,False,False,False,False,1,False,False,,Time Technoplast Ltd.,Capital Goods,EQ,INE508G01029,WAIT,Stage 2 + RS 42; wait because the close is below its 50-session average — short-term timing has weakened even though the 30-week trend is intact.
TIMKEN,2026-09-07,3098.699951171875,-0.14886299693652305,-0.08394787681083637,0.0024252130541808636,0.07774205195195139,-0.06030132113555005,3362.856102512307,0.1224123672646682,Stage 1 — Basing,3209.63605334712,3921.832239688061,False,2798.2399489351046,0.36128378788040905,0.5926687590644828,100828341.86138916,3204.0671240234374,True,-7.855113132646019,False,-20.98846248919758,False,False,False,True,True,True,False,False,3359.2437613932293,3280.36771484375,True,2.525483301569543,3,0.37819442913351814,14.768320164387887,0.4454974714521799,False,3558.125994550699,0.13381729539892714,0.16542861604422898,False,14.826412709145242,30.0,True,False,1,False,True,True,False,False,False,True,False,3,False,False,3.0,Timken India Ltd.,Capital Goods,EQ,INE325A01013,AVOID,Stage 1 + RS 30; weak RS in a basing stage is AVOID.
TIPSMUSIC,2026-09-04,649.75,-0.03325394494539713,0.2674338614196634,0.20489786752794958,0.13356585684523692,0.10787793918041114,619.8791081676744,1.1128758092042057,Stage 2 — Advancing,667.7715681487439,741.0,False,478.56920878389656,0.2299411387308548,0.6441595099153697,121398477.09612732,668.37,True,4.818825386876191,False,-12.314439946018895,True,False,True,True,True,False,False,False,617.8886649576823,595.9170075988769,True,2.24921847624258,3,0.36726241844555974,17.429153092316128,0.28976371818145674,True,741.0,0.027941248727020754,0.03081085701442829,False,14.0438630242401,62.0,True,True,4,True,True,True,True,False,True,True,False,6,False,False,,Tips Music Ltd.,Media Entertainment & Publication,EQ,INE716B01029,REDUCE,Stage 2 + RS 62; distribution warning (U/D 0.64) triggers REDUCE.
TITAGARH,2026-09-07,896.4500122070312,0.06987705703184854,0.3177275147619758,0.1361130803822308,0.06853805252202627,0.132426552345986,788.3123294360017,0.3989138245332091,Stage 2 — Advancing,845.532351026348,971.0,False,568.7000122070312,3.128876487495896,2.5560661699400598,491186898.2661713,844.8759985351562,False,13.717619112769253,False,-7.677650648091527,True,True,True,True,False,False,False,False,788.3210005696615,795.4959991455078,False,3.002716831106359,2,0.951301417952636,12.630998345284059,1.3005383571345148,False,906.5,0.03871317584282827,0.04084709384962708,False,1.1210873619406758,65.0,True,True,5,True,False,False,True,True,True,True,False,5,False,False,,Titagarh Rail Systems Ltd.,Capital Goods,EQ,INE615H01020,HOLD,Stage 2 + RS 65; trend/leadership is adequate without a stronger entry trigger.
TITAN,2026-09-07,4995.0,0.17632732334409074,0.18065072346849398,0.3141872020728418,0.36725232237866323,0.24294897892163614,4438.457076399293,1.665847116841812,Stage 2 — Advancing,4838.536314721201,5186.7001953125,False,3292.2971645749917,0.5616840755801015,1.0228891678319312,3076808843.007202,4850.0428125,False,12.539107938207273,False,-3.6959952974677357,True,True,True,True,False,False,False,False,4429.414191080729,4315.666823730468,True,1.4983545208154583,2,0.49708029761980743,17.847225772141012,0.658518277791386,True,5186.7001953125,0.21570897507028947,0.2196990474837004,False,3.8378417479979943,78.0,True,True,5,True,True,True,True,True,True,True,True,8,True,False,,Titan Company Ltd.,Consumer Durables,EQ,INE280A01028,HOLD,Stage 2 + RS 78; trend/leadership is adequate without a stronger entry trigger.
TORNTPHARM,2026-09-07,4914.0,0.1115383990926444,0.1403412637009258,0.3094710939427343,0.3851322113399507,0.21160427343377997,4519.1071944563355,1.5685193018789345,Stage 2 — Advancing,4920.737256816789,5250.0,False,3450.040733610751,0.37210669807948904,1.6897059808745478,1519736784.475,4926.0,True,8.738292511142154,False,-6.399999999999995,True,False,True,True,False,False,False,False,4504.225385742187,4334.866418457032,True,2.1265771265771267,2,0.5897695840768453,12.870479910714286,0.48246574727333297,True,5250.0,0.21221099169077126,0.22039474159447248,False,6.8376068376068355,74.0,True,True,4,True,True,True,True,False,True,True,True,7,False,False,,Torrent Pharmaceuticals Ltd.,Healthcare,EQ,INE685A01028,HOLD,Stage 2 + RS 74; trend/leadership is adequate without a stronger entry trigger.
TORNTPOWER,2026-09-04,1299.0999755859375,-0.09472256288256231,-0.1167426808935399,0.013393419558494823,0.017149820048033115,-0.05512891341042732,1443.7459223499036,-0.47824699523218994,Stage 4 — Declining,1353.068629844516,1817.8039543841724,False,1171.7578125,1.0411924758165279,1.5257314391894548,550689836.5236816,1351.8560034179689,True,-10.01879517197417,False,-28.534649049872872,False,False,False,False,False,False,False,False,1441.5757845052083,1405.28974609375,False,2.6084000758756334,2,1.4293458437611728,18.65671641791045,2.0167470517179535,False,1474.0,0.05586529517370261,0.07740024932053478,False,13.463168940109993,31.0,True,False,0,False,True,False,False,False,False,False,False,1,False,False,,Torrent Power Ltd.,Power,EQ,INE813H01021,SELL,Stage 4 takes precedence: the guide requires SELL regardless of RS.
TARIL,2026-09-07,299.6499938964844,-0.06680165617971445,0.020432488080061262,0.26487970289868046,-0.40504318965985786,-0.050666862208109016,307.2653419808166,1.4449218162487787,Stage 1 — Basing,311.9098038018918,552.0,False,224.0500030517578,0.3043665273567796,2.7699136663317807,575957162.9322189,311.4920001220703,True,-2.4784272886877234,False,-45.71558081585428,False,False,True,True,False,False,False,False,305.7512662760417,297.401099319458,False,3.4921673245285048,2,0.7419802664610909,22.19178082191781,0.6511419440269077,False,365.0,0.012940378991637465,0.02299010728716734,False,21.808779387491374,32.0,True,False,2,False,True,False,True,False,True,False,False,3,False,False,2.0,Transformers And Rectifiers (India) Ltd.,Capital Goods,EQ,INE763I01026,AVOID,Stage 1 + RS 32; weak RS in a basing stage is AVOID.
TRANSRAILL,2026-09-04,429.29998779296875,-0.13495032512612504,-0.15368201784058,-0.2824191204698929,-0.4266497984330313,-0.22653031739915086,510.20561866237693,-0.7478224334110384,Stage 4 — Declining,481.21741620232075,818.0909716568119,False,425.79998779296875,0.8726104407821823,0.45725060728959704,161854205.31502992,480.663837890625,True,-15.857455878577188,False,-47.524174857529225,False,False,False,False,True,True,False,False,510.9006575520833,521.9487698364258,False,2.4749593063403346,2,1.296512367061068,19.45184749978695,1.195964322532158,False,528.6278760916863,0.018461220065302524,0.03422798597822827,False,23.137174731674737,6.0,True,False,0,False,False,False,False,False,False,False,False,0,False,False,,Transrail Lighting Ltd.,Capital Goods,EQ,INE454P01035,SELL,Stage 4 takes precedence: the guide requires SELL regardless of RS.
TRAVELFOOD,2026-09-04,1296.300048828125,0.007931011146734779,0.1200103866287554,-0.02467829911993835,-0.014445373142750295,0.019349747331907266,1257.4362993632278,1.0947165545185822,Stage 2 — Advancing,1320.1607857498468,1470.9000244140625,False,1035.300048828125,0.8554434560088526,1.311731459249467,114558206.01746826,1319.882001953125,True,3.0907131824155165,False,-11.870281643070202,True,False,True,True,False,False,False,False,1253.2719978841146,1243.246997680664,True,3.6069696884497118,1,2.250800929107052,14.943235106388894,1.4982649662100627,False,1470.9000244140625,0.05574488971012819,0.06146711454848082,False,13.469101983277598,47.0,True,False,3,True,True,True,True,False,False,True,False,5,False,False,,Travel Food Services Ltd.,Consumer Services,EQ,INE103V01028,WAIT,Stage 2 + RS 47; wait because the close is below its 50-session average — short-term timing has weakened even though the 30-week trend is intact.
TRENT,2026-09-07,2814.5,0.016025848649042107,0.13570122964603715,-0.32617938854019035,-0.4901584710386707,-0.12971698652694796,2804.024604692851,0.6984145650217766,Stage 2 — Advancing,2978.0392252604165,5547.3026073787005,False,2180.44477277369,0.8672184349575514,0.3110275824130097,2001995396.9230714,2972.4340087890623,True,0.3735842863010985,False,-49.26362956554209,True,False,True,True,True,True,False,False,2800.614051106771,2974.8622692871095,False,1.8369148555868207,2,0.36832356139281064,18.44868547754279,0.4584306007881494,True,3399.699951171875,0.1215441261932592,0.23199168865555864,False,20.79232372257507,16.0,True,False,3,False,False,False,False,False,False,False,False,0,False,False,,Trent Ltd.,Consumer Services,EQ,INE849A01020,REDUCE,Stage 2 + RS 16; distribution warning (U/D 0.31) triggers REDUCE.
TRIDENT,2026-09-04,24.15999984741211,-0.006987261686273394,0.04584554001316765,-0.11861911499097144,-0.12981520351877096,-0.04331266037382431,24.81951624726596,-0.5157682014421572,Stage 4 — Declining,25.037450865203258,30.31139406763905,False,21.533432302754022,0.6958085481342354,0.5761960302236105,62379696.41437788,25.009199867248537,True,-2.6572492118032365,False,-20.293999696946543,False,False,True,False,True,True,False,False,24.888963228861492,25.241816205978395,False,1.6260643432877488,3,0.46907014726393553,12.87491016136839,0.351658872503655,False,27.34000015258789,0.0010389543131686422,0.0012716654555149892,False,13.162253001903078,34.0,True,False,1,False,False,False,False,False,False,True,False,1,False,False,,Trident Ltd.,Textiles,EQ,INE064C01022,SELL,Stage 4 takes precedence: the guide requires SELL regardless of RS.
TRIVENI,2026-09-04,275.6499938964844,-0.25592751724094187,-0.3059178072886438,-0.21439998677982675,-0.2358862700865917,-0.2536118197273892,365.24930948753877,-1.3871303051255723,Stage 4 — Declining,329.157595466165,487.9415273208757,False,219.08086419063903,0.4528297210824033,2.483106582641302,423581326.41820604,327.5808444213867,True,-24.53100204809867,False,-43.50757653073995,False,False,False,False,False,False,False,False,365.36617950439455,363.46041801452634,False,4.854664763970063,2,0.7053004423465354,55.101000442913914,1.1378015473214496,False,487.9415273208757,0.011853797677665907,0.0203472604484473,False,77.01488776528463,4.0,True,False,0,False,True,False,False,False,False,False,False,1,False,False,,Triveni Engineering & Industries Ltd.,Fast Moving Consumer Goods,EQ,INE256C01024,SELL,Stage 4 takes precedence: the guide requires SELL regardless of RS.
TRITURBINE,2026-09-04,577.2999877929688,-0.1645475511399218,0.2588064707174085,0.08110910323276044,0.13024574599161443,0.028213243532387945,574.8673043446998,0.9014690937376946,Stage 2 — Advancing,609.7942588656556,784.8771245029434,False,426.8691302829629,0.34559883931431995,0.6425928389238481,396660620.80541074,608.6494262695312,True,0.42317304008825385,False,-26.447087095503218,True,False,True,True,True,False,False,False,573.1839400227865,559.535824432373,True,2.9295787068598402,2,0.45042232572781715,19.735335647518042,0.4940953656935911,True,696.5834386645128,0.024825675335174123,0.032614049672838416,False,20.662299219434832,48.0,True,False,3,True,True,True,True,False,True,False,False,5,False,False,,Triveni Turbine Ltd.,Capital Goods,EQ,INE152M01016,REDUCE,Stage 2 + RS 48; distribution warning (U/D 0.64) triggers REDUCE.
TIINDIA,2026-09-04,2698.0,-0.1287533803059302,-0.025848793965361994,-0.0006818254982480232,-0.09848271757297467,-0.07650401952968902,2837.5919757999786,0.9912736950225876,Stage 1 — Basing,2863.8505572150734,3415.1444625624204,False,2161.889399515081,0.5070005774728875,2.461141034787139,1297753075.093347,2860.08083984375,True,-4.919381538659184,False,-20.99894954441661,False,False,True,True,False,False,False,False,2827.4183219401043,2762.5877392578127,False,2.8454928532957613,2,1.107614961497224,14.790775498849525,0.4630134785374093,False,3126.5959181596745,0.11602229944671336,0.14547572678565848,False,15.88569007263434,26.0,True,False,2,False,True,False,True,False,False,True,False,3,False,False,2.0,Tube Investments of India Ltd.,Automobile and Auto Components,EQ,INE974X01010,AVOID,Stage 1 + RS 26; weak RS in a basing stage is AVOID.
UCOBANK,2026-09-04,24.780000686645508,-0.01156757126880148,-0.07545743726960907,-0.15086667845740998,-0.1122697330322725,-0.0723457982593789,26.12805491930818,-0.7301210070366437,Stage 4 — Declining,26.134509666293276,33.63829638359693,False,21.855055871357475,1.3388059235641296,0.9752227333111447,89523930.6687254,26.113999862670898,True,-5.159412887128023,False,-26.333960542873992,False,False,True,False,False,False,False,False,26.179283510843913,26.870483293533326,False,1.8332763580844746,3,1.1835012127700206,12.432435181763795,0.5976533465753968,False,27.75,0.001065616256469884,0.0013871277036575436,False,11.9854690518838,27.0,True,False,1,False,False,False,False,False,False,False,False,0,False,False,,UCO Bank,Financial Services,EQ,INE691A01018,SELL,Stage 4 takes precedence: the guide requires SELL regardless of RS.
UNOMINDA,2026-09-07,1241.699951171875,0.13917426713016057,0.1090917337823778,-0.021900116560359728,-0.04163387948487196,0.06478125439949345,1143.419705743659,0.5443023477865294,Stage 2 — Advancing,1201.12941607307,1378.852549646065,False,992.4616833454146,0.45971390059210016,0.7666146982280467,900245482.5000489,1203.3260034179686,False,8.595290507460373,False,-9.946864768781506,True,True,True,True,False,False,False,False,1144.9061861165364,1169.025735168457,True,2.272805664599771,2,0.688613563805407,18.340347902724666,0.932948072523678,False,1307.5,0.0536227875499727,0.0587340681398646,False,5.299190739761661,55.0,True,True,5,True,False,True,True,True,False,True,False,5,False,False,,UNO Minda Ltd.,Automobile and Auto Components,EQ,INE405E01023,HOLD,Stage 2 + RS 55; trend/leadership is adequate without a stronger entry trigger.
UPL,2026-09-07,573.0,-0.0924049109350431,-0.07926069240183764,-0.2378520294921358,-0.16012695745307848,-0.13240990024342764,617.7319243966716,-1.5274833881932626,Stage 4 — Declining,584.740234375,804.4134581804076,False,557.7511250379978,0.741325413631769,1.914024829722215,1146239169.1013732,585.1760229492188,True,-7.241316601916036,False,-28.767974457298052,False,False,False,False,False,False,False,False,620.9844689941406,653.128207397461,False,1.9278245506010812,2,0.6155029430279981,10.76695689453592,1.1054314951555064,False,625.0499877929688,0.024744993536591764,0.033353810907334615,False,9.08376750313591,15.0,True,False,0,False,False,False,False,False,False,False,False,0,False,False,,UPL Ltd.,Chemicals,EQ,INE628A01036,SELL,Stage 4 takes precedence: the guide requires SELL regardless of RS.
UTIAMC,2026-09-07,889.9500122070312,-0.004375684490218967,-0.04474091088361665,-0.1748525667616072,-0.30109417239312253,-0.10588780380375687,927.3466190703928,-0.6397280092492852,Stage 4 — Declining,911.1003776999081,1362.8249046583157,False,861.6167441984458,0.26200428369970397,0.4813476503308047,84722277.97137757,911.5057080078125,True,-4.032646056428102,False,-34.69813993235196,False,False,False,False,True,True,False,False,929.8101212565105,961.6946826171875,False,1.3772847131647499,2,0.3887411641670449,13.016632154767304,0.48688337772457607,False,995.59263046799,0.03843247347286693,0.057526151917310246,False,11.87062383413766,20.0,True,False,0,False,False,False,False,False,False,False,False,0,False,False,,UTI Asset Management Company Ltd.,Financial Services,EQ,INE094J01016,SELL,Stage 4 takes precedence: the guide requires SELL regardless of RS.
UJJIVANSFB,2026-09-04,64.43000030517578,0.21359955019768662,0.18743093067156602,0.19314815379955141,0.49454881449722987,0.2604653998727441,60.442191973124466,0.46135257463861823,Stage 2 — Advancing,67.08725514131434,73.94000244140625,False,42.33000183105469,0.5758363051289567,0.5708852016798118,1018475428.9444917,67.30620025634765,True,6.597722885074209,False,-12.861782285937394,True,False,True,True,True,True,False,False,60.523800201416016,59.421350173950195,True,3.5531383072149656,3,0.9725804894501884,24.776850019769974,0.9006599184117766,False,73.94000244140625,0.0027706882093250325,0.0030911627774384285,False,14.760208119177221,79.0,True,True,4,True,True,True,True,False,True,True,True,7,False,False,,Ujjivan Small Finance Bank Ltd.,Financial Services,EQ,INE551W01018,REDUCE,Stage 2 + RS 79; distribution warning (U/D 0.57) triggers REDUCE.
ULTRACEMCO,2026-09-07,11175.0,0.04500549889944394,-0.04871115624590061,-0.016719852631712828,-0.09506391814896165,-0.014096785845537443,11499.399875588613,-0.5547864043193074,Stage 4 — Declining,11585.822495404413,12847.756783521221,False,10118.465708821142,0.8467966275110421,0.472177840389256,2789869452.85,11595.3541015625,True,-2.821015697325757,False,-13.01983538221031,False,False,True,False,True,True,False,False,11525.23595703125,11560.377495117187,False,1.54298497922659,2,1.220578858907714,10.167640677136895,0.9875585143037238,False,12239.0,0.48259215143353046,0.5460709924085848,False,9.521252796420576,39.0,True,False,1,False,False,False,True,False,False,True,False,2,False,False,,UltraTech Cement Ltd.,Construction Materials,EQ,INE481G01011,SELL,Stage 4 takes precedence: the guide requires SELL regardless of RS.
UNIONBANK,2026-09-07,186.0399932861328,0.1469027376134997,0.015281031176278104,0.24939829693978122,0.504105248113857,0.21251801029138317,172.91854513508,0.5998553603043577,Stage 2 — Advancing,176.39380062327666,199.59697275189,False,122.97908843767647,0.822001413789263,2.1980390018749776,1929611930.731186,176.53059722900392,False,7.588224930300358,False,-6.792176894691315,True,True,True,True,False,False,False,False,172.88276407877603,168.60519104003907,True,2.34281556163607,2,0.5556101632717259,20.189258805895243,0.6365993310919998,True,192.3300018310547,0.008034133388155203,0.008480622867931489,False,3.380998049837447,75.0,True,True,5,True,True,True,True,True,True,True,True,8,True,False,,Union Bank of India,Financial Services,EQ,INE692A01016,HOLD,Stage 2 + RS 75; trend/leadership is adequate without a stronger entry trigger.
UBL,2026-09-04,1279.4000244140625,-0.04604708961783344,-0.2094096652134957,-0.23905741335374164,-0.2985060521396886,-0.16781346198851857,1429.761913560841,-0.6253805147204305,Stage 4 — Declining,1359.520969764859,1834.8434605529826,False,1266.9841747341861,2.9881752711449723,0.7897585965609073,127296154.15048218,1360.3231640625,True,-10.516568368526503,False,-30.27197949472602,False,False,False,False,False,False,False,False,1431.1696044921875,1469.6821228027343,False,2.426919230817199,2,1.626567964854841,12.19379951381246,1.0426917166481742,False,1453.6559119362512,0.0550181366733509,0.07938550843669326,False,13.620125386662707,10.0,True,False,0,False,False,False,False,False,False,False,False,0,False,False,,United Breweries Ltd.,Fast Moving Consumer Goods,EQ,INE686F01025,SELL,Stage 4 takes precedence: the guide requires SELL regardless of RS.
UNITDSPR,2026-09-07,1440.0,0.16394429634260477,0.04409936596291364,0.0014085873659059889,0.1109293540400782,0.09686518001082148,1363.6622949887628,0.8041269865719514,Stage 2 — Advancing,1465.7459333831189,1563.4000244140625,False,1201.5470073699987,0.46688141719995785,0.5923449780853608,869425584.3837097,1468.435888671875,True,5.597991914256628,False,-7.893055039468278,True,False,True,True,True,True,False,False,1363.4237646484376,1367.1842510986328,True,2.1378980364118303,2,1.0484739095797044,15.566427254389481,0.7330553357238686,False,1563.4000244140625,0.062186371191434796,0.06613714419386052,False,8.569446139865455,60.0,True,True,4,True,False,True,True,False,False,True,False,4,False,False,,United Spirits Ltd.,Fast Moving Consumer Goods,EQ,INE854D01024,REDUCE,Stage 2 + RS 60; distribution warning (U/D 0.59) triggers REDUCE.
URBANCO,2026-09-04,181.08999633789062,,,,,,131.09541132678726,2.498974656717645,Stage 2 — Advancing,143.17941344018075,,False,,0.698884493551137,5.3322123809638144,2508112547.900252,143.4464016723633,False,38.13602970929293,True,,True,True,True,True,False,False,False,False,130.87786702473957,130.82680019378662,True,4.1723525657981195,3,1.6115325452087508,31.075717665708027,2.262601045312709,False,183.97000122070312,0.007787426902119707,,False,1.590372158072606,,True,False,4,True,True,True,True,True,False,False,False,5,False,False,,Urban Company Ltd.,Consumer Services,EQ,INE0CAZ01013,WAIT,"Stage 2 + RS unavailable; wait because price is more than 20% above the 30-week line (currently +38%) — the guide treats that as poor entry timing, not a failed trend."
USHAMART,2026-09-04,514.1500244140625,-0.0034383474164718653,0.25154081542373197,0.18769404037675352,0.3587219116935938,0.1582160145322271,462.5812578593215,1.2929495382986378,Stage 2 — Advancing,498.3404738482307,529.2999877929688,True,375.18134032527684,2.720869625947631,2.005421029188913,362912224.2995453,498.91583923339846,False,11.148044949634329,False,-2.8622640710946,True,True,True,True,False,False,True,True,461.1174141438802,453.81882232666015,True,2.750725755381355,1,1.171042963692061,10.618604229274684,2.029484977366556,False,529.2999877929688,0.022110032651261432,0.022932298328770077,False,2.9466036486474056,68.0,True,True,5,True,True,True,True,True,True,True,False,7,False,False,,Usha Martin Ltd.,Capital Goods,EQ,INE228A01035,WAIT,"Stage 2 + RS 68; wait because a breakout without leadership is not an entry: RS needs 80, short by 12."
VGUARD,2026-09-04,335.3999938964844,0.11884585188509211,0.12201223715951226,-0.002969305055066984,-0.07798526992813493,0.055749873189298915,316.7012874208648,0.13440017699968276,Stage 2 — Advancing,315.4965245863971,390.34213160745503,False,287.43192892625956,0.5222326515508219,1.3082567205932503,333415348.5325943,315.71146484375,False,5.904209177012554,False,-14.075379842989344,True,True,False,True,False,False,False,False,317.5715232340495,319.9148585510254,False,2.7568364972043296,2,1.2165798236812195,17.87659173535441,0.48998505714064605,False,350.0,0.014423231477495827,0.016438795832922033,False,4.3530132287425305,53.0,True,True,4,True,False,False,False,True,False,True,False,3,False,False,,V-Guard Industries Ltd.,Consumer Durables,EQ,INE951I01027,HOLD,Stage 2 + RS 53; trend/leadership is adequate without a stronger entry trigger.
VMART,2026-09-04,824.2000122070312,0.22749072702572626,0.5345916574000786,0.04640968087343711,0.10106514003471401,0.22740958647193646,681.0496504158809,2.44418670227895,Stage 2 — Advancing,792.094456092984,886.8128854091074,False,457.2878261718021,0.47777287064743723,1.706863091037403,94476348.26296692,792.7147229003906,False,21.019078668307944,True,-7.060437915625384,True,True,True,True,False,False,False,False,678.7313755289714,686.4223387145996,False,3.504264140399011,2,0.8262447055359043,21.4351472858568,0.6009428120923352,False,868.9000244140625,0.03544313588594106,0.03778404293708913,False,5.423442313150928,76.0,True,True,5,True,False,False,True,True,True,True,True,6,False,False,,V-Mart Retail Ltd.,Consumer Services,EQ,INE665J01013,HOLD,Stage 2 + RS 76; trend/leadership is adequate without a stronger entry trigger.
VIPIND,2026-09-07,320.5,-0.028346235957265264,-0.12527291119292994,-0.07209031365514973,-0.24276432368576495,-0.09936400408967504,318.5280809794387,-1.2773104404619318,Stage 3 — Topping,304.3019588694853,454.29998779296875,False,278.25,2.360041496824462,0.8995009916103724,126577050.22081451,304.26199829101563,False,0.619072269703147,False,-29.451902132549336,True,True,False,False,False,False,False,False,320.18833231608073,331.8524998474121,False,3.117896008390559,2,1.3393832213331256,12.634610850186508,1.7440963825747198,False,329.6499938964844,0.013840786088093648,0.01940266508746217,False,2.854912292194811,21.0,True,False,2,False,False,False,False,True,False,False,False,1,False,False,,V.I.P. Industries Ltd.,Consumer Durables,EQ,INE054A01027,SELL,Stage 3 + RS 21; RS below 50 in Stage 3 triggers SELL.
V2RETAIL,2026-09-04,216.5,-0.15561620454871417,0.1231000425460338,-0.04220489103473213,0.29881814643384286,0.013696177769543239,214.15267118689133,0.7178771492753588,Stage 2 — Advancing,221.8588232900582,259.25,False,158.55999755859375,1.5616750755247133,0.5206935354261782,250985633.28679657,221.8713998413086,True,1.0961006463749312,False,-16.48987463837994,True,False,True,True,True,True,False,False,213.9325331624349,216.11609985351564,False,2.3701757458089325,3,0.46508503935609324,15.10927241162245,0.8956540145701484,False,248.9199981689453,0.009310165985994604,0.011396720678121426,False,14.974594997203372,46.0,True,False,3,True,False,False,True,False,True,True,False,4,False,False,,V2 Retail Ltd.,Consumer Services,EQ,INE945H01021,REDUCE,Stage 2 + RS 46; distribution warning (U/D 0.52) triggers REDUCE.
DBREALTY,2026-09-07,100.87999725341797,-0.11856706034654585,-0.02418262784309899,-0.16219587920199618,-0.416979726260691,-0.16809847079977558,111.4002737803002,-0.30861571721931824,Stage 4 — Declining,111.29078405043659,183.89999389648438,False,83.5,1.1135889760655302,0.5323911522246171,140241963.85185966,111.28719970703125,True,-9.44367205742237,False,-45.14409972726677,False,False,False,False,True,True,False,False,111.59926645914713,112.88884975433349,False,4.5761593882291995,2,0.9972558154578899,22.20017596233832,2.727276142645494,False,125.98999786376953,0.00435650066318887,0.007687291057605931,False,24.890960838622345,10.0,True,False,0,False,False,False,False,False,False,False,False,0,False,False,,VALOR ESTATE Ltd.,Realty,EQ,INE879I01012,SELL,Stage 4 takes precedence: the guide requires SELL regardless of RS.
WABAG,2026-09-07,2008.0,0.25774738811256803,0.6431827419589908,0.4726014986761431,0.3358766326578344,0.3934311299036209,1636.2994301155823,4.024397781678157,Stage 2 — Advancing,2025.3853544347426,2248.015501662673,False,1030.4859602847353,0.5290065666946185,1.080802516694404,1317572864.701294,2026.0283203125,True,22.715926134507193,True,-10.676772534938184,True,False,True,True,False,False,False,False,1624.3953645833333,1530.9188122558594,True,3.8261244225108495,2,1.0321328423959675,17.438291745440875,0.8446094318344668,False,2248.015501662673,0.08671543982805631,0.09490131693142455,False,11.952963230212799,87.0,True,True,4,True,True,True,True,False,True,True,True,7,False,False,,Va Tech Wabag Ltd.,Utilities,EQ,INE956G01038,WAIT,"Stage 2 + RS 87; wait because price is more than 20% above the 30-week line (currently +23%) — the guide treats that as poor entry timing, not a failed trend."
VAIBHAVGBL,2026-09-04,218.74000549316406,-0.04751639315397704,0.02793440423330984,-0.05055175292341563,0.01835734069857553,-0.019858558859896867,227.10156818258352,-0.18028969498626868,Stage 4 — Declining,239.6516792446959,286.08045169934377,False,171.95281788079984,0.6040218534923417,0.3697634919296147,61142785.27659607,239.81611328125,True,-3.6818603923936766,False,-23.538989052265325,False,False,True,False,True,True,False,False,227.15438028971354,227.19022682189942,False,2.7201238816166815,3,0.3503760892169696,23.676954835948848,0.4060200470803094,False,280.5181654418038,0.009406493112788586,0.011658637769502204,False,28.2427349351833,37.0,True,False,1,False,False,False,True,False,False,True,False,2,False,False,,Vaibhav Global Ltd.,Consumer Durables,EQ,INE884A01027,SELL,Stage 4 takes precedence: the guide requires SELL regardless of RS.
VTL,2026-09-04,598.2000122070312,-0.04484960505270574,0.12090850586575352,0.3961419770343124,0.484690623715218,0.1824083793019745,583.0074914383562,1.625087009770887,Stage 2 — Advancing,610.247096641391,682.2146139481268,False,382.25830878098185,0.35134450706503617,10.821441376424216,923800068.1004639,609.8727160644531,True,2.605887744459867,False,-12.314981242469214,True,False,True,True,False,False,False,False,580.3258569335937,542.1976432800293,True,3.112675895426216,2,1.133421311295894,16.88832393685535,8.838391437534762,False,682.2146139481268,0.025724440676542535,0.02835256842955296,False,14.044567038895162,72.0,True,True,4,True,True,True,True,False,True,True,True,7,False,False,,Vardhman Textiles Ltd.,Textiles,EQ,INE825A01020,HOLD,Stage 2 + RS 72; trend/leadership is adequate without a stronger entry trigger.
VARROC,2026-09-04,826.3499755859375,0.3763852381153767,0.6087687040249286,0.2900729244841107,0.47573223805049136,0.4254688685580568,608.8155163995151,3.017597595034993,Stage 2 — Advancing,729.471451104856,896.0,False,461.0607825414901,0.4711584247230033,1.823099000732593,357290024.9107605,731.8527490234375,False,35.73076791355505,True,-7.773440224783757,True,True,True,True,False,False,False,False,607.9584053548177,608.7999755859375,True,4.110591196641943,2,0.982137187607837,32.78758452996125,0.6720959912387361,False,896.0,0.03553559092483911,0.03757513893899337,False,8.428635139085717,88.0,True,True,5,True,False,True,True,True,True,True,True,7,False,False,,Varroc Engineering Ltd.,Automobile and Auto Components,EQ,INE665L01035,WAIT,"Stage 2 + RS 88; wait because price is more than 20% above the 30-week line (currently +36%) — the guide treats that as poor entry timing, not a failed trend."
VBL,2026-09-07,405.95001220703125,-0.22338958150329347,-0.09014382958232792,-0.15137601071056705,-0.13276459795005957,-0.1642127202499083,466.296264439413,-0.6446439720336539,Stage 4 — Declining,450.3916009641161,555.1842484654879,False,379.7399306767125,0.7676608125437424,0.3920690722022946,2589308629.271988,449.3286016845703,True,-12.941611767988482,False,-26.880127934273258,False,False,False,False,True,True,False,False,465.6369567871094,468.97112030029297,False,2.768636889426956,2,0.9554231182551759,23.464274645987146,1.5821709562650283,False,523.2197256310908,0.017530943155745788,0.023817890761814245,False,28.88772260074546,11.0,True,False,0,False,False,False,False,False,False,False,False,0,False,False,,Varun Beverages Ltd.,Fast Moving Consumer Goods,EQ,INE200M01039,SELL,Stage 4 takes precedence: the guide requires SELL regardless of RS.
MANYAVAR,2026-09-04,594.2000122070312,0.4849431994762097,0.5994616748506898,-0.017607611488434483,-0.1839593596317186,0.27355622053659123,430.5403452906115,1.1961309039706602,Stage 2 — Advancing,466.1284311331955,779.0,False,329.20001220703125,0.5530214264247518,2.4938689177132662,344851546.7046173,467.1989996337891,False,38.01262035174675,True,-23.722719870727694,True,True,True,True,False,False,False,False,432.20833374023437,466.5582513427734,False,3.1561047679279612,1,1.7988834502885336,36.77980031398748,0.622786815539756,False,604.0,0.025552428371951413,0.032110926092249616,False,1.6492742496871937,81.0,True,True,5,True,False,False,True,True,True,True,True,6,False,False,,Vedant Fashions Ltd.,Consumer Services,EQ,INE825V01034,WAIT,"Stage 2 + RS 81; wait because price is more than 20% above the 30-week line (currently +38%) — the guide treats that as poor entry timing, not a failed trend."
VEDL,2026-09-07,268.0,-0.1508238440524713,-0.6220862359516715,-0.48050364826020253,-0.38838200606365025,-0.3585239156760934,439.60323668179444,-5.931829946484612,Stage 4 — Declining,271.41862727146525,795.0,False,249.6999969482422,0.3635719771468041,0.7463807056579531,3212664979.892598,271.1560000610352,True,-39.03593567169501,False,-66.28930817610063,False,False,False,False,False,False,False,False,445.51726796468097,481.1457967376709,False,3.099681471964952,2,1.5144544991201239,14.192440911256982,0.6413585017571666,False,291.0,0.011573574638405922,0.034553300785705135,False,8.582089552238802,2.0,True,False,0,False,False,False,False,False,False,False,False,0,False,False,,Vedanta Ltd.,Metals & Mining,EQ,INE205A01025,SELL,Stage 4 takes precedence: the guide requires SELL regardless of RS.
VIJAYA,2026-09-07,1497.5,0.09115416304320467,0.5657674213438482,0.4719615038448519,0.3525108977967586,0.31450962981437364,1214.7462337964203,3.0263748044901284,Stage 2 — Advancing,1409.5274562461702,1573.0,False,848.0,0.3927965598324333,2.04796315362895,287119902.45932007,1411.4920043945312,False,23.27677652639395,True,-4.799745708836623,True,True,True,True,False,False,False,False,1208.260001220703,1157.7327508544922,True,2.563321099712318,2,0.7395518396857663,17.92752701843611,0.47398907328978085,False,1573.0,0.06466950754109278,0.06474956875726216,True,5.041736227045068,83.0,True,True,5,True,True,True,True,True,True,True,True,8,True,False,,Vijaya Diagnostic Centre Ltd.,Healthcare,EQ,INE043W01024,WAIT,"Stage 2 + RS 83; wait because price is more than 20% above the 30-week line (currently +23%) — the guide treats that as poor entry timing, not a failed trend."
VIKRAMSOLR,2026-09-04,168.4499969482422,-0.21483172266356987,0.012806574857054276,-0.3295522509522699,-0.4771069373281758,-0.24470321175010623,194.63643855264743,-1.1598123942823224,Stage 4 — Declining,178.66490233178232,407.95001220703125,False,155.3800048828125,0.8497380311735889,1.8909827523019465,1183309930.3665338,178.53260040283203,True,-13.454028340804259,False,-58.70817700508972,False,False,False,False,False,False,False,False,195.06193349202474,205.85515007019043,False,3.460118605107902,2,0.38617146809994,24.56915348353204,0.44105118863153825,False,205.99000549316406,0.007243868045858749,0.01641663859254704,False,22.285550148425592,5.0,True,False,0,False,False,False,False,False,False,False,False,0,False,False,,Vikram Solar Ltd.,Capital Goods,EQ,INE078V01014,SELL,Stage 4 takes precedence: the guide requires SELL regardless of RS.
VMM,2026-09-04,106.13999938964844,-0.10248606906517987,-0.04909517310598166,-0.20678573106489262,-0.2988506013603687,-0.15194072873232056,115.27452050823055,-0.7650030622715409,Stage 4 — Declining,111.00823525821461,155.32000732421875,False,98.7699966430664,0.5960027006394266,1.726761553435442,1899226454.6922417,110.90059997558593,True,-7.9241458375269636,False,-31.663665732329495,False,False,False,False,False,False,False,False,115.445,119.51129985809327,False,3.5525851025396666,1,1.0878275847719847,17.260898764740045,2.505341025187911,False,123.69000244140625,0.004564346476078489,0.006679179606708289,False,16.534768374484663,12.0,True,False,0,False,False,False,False,False,False,False,False,0,False,False,,Vishal Mega Mart Ltd.,Consumer Services,EQ,INE01EA01019,SELL,Stage 4 takes precedence: the guide requires SELL regardless of RS.
VIYASH,2026-09-07,263.6499938964844,0.03290888891864596,0.2996007307250508,0.32023033513023336,0.4343615548574269,0.22400207971000063,237.63965690299256,1.6966843876043303,Stage 2 — Advancing,268.3098030838312,298.0,False,178.1300048828125,0.45286883203007705,0.2487675145813367,2622392900.3743424,268.2799993896484,True,10.945284693837753,False,-11.526847685743501,True,False,True,True,True,True,False,False,236.90099934895832,229.62604942321778,True,3.757686174386727,2,0.8091675032218967,17.68456273430946,6.5295875363737625,False,298.0,0.011385719711851594,0.012623839980657473,False,13.028639066459569,76.0,True,True,4,True,True,True,True,False,True,True,True,7,False,False,,Viyash Scientific Ltd.,Healthcare,EQ,INE807F01027,REDUCE,Stage 2 + RS 76; distribution warning (U/D 0.25) triggers REDUCE.
IDEA,2026-09-07,15.600000381469727,0.043478299698823886,0.5506957982874627,0.4444444542559085,1.1576763956176093,0.4479546495117257,12.316712353327503,2.3366985935209916,Stage 2 — Advancing,13.842549024843702,15.680000305175781,True,7.159999847412109,1.8438637478351265,1.3400847575112715,6683211785.837519,13.83079999923706,False,26.657178749938137,True,-0.5102035851341613,True,True,True,True,False,False,True,True,12.289066689809163,11.941200041770935,True,3.250916282750175,1,1.5400555228933634,19.642856273984787,1.2279306438278688,False,15.680000305175781,0.0006736857043809729,0.0006736857043809729,True,0.5128200112166859,90.0,True,True,5,True,True,True,True,True,True,True,True,8,True,False,,Vodafone Idea Ltd.,Telecommunication,EQ,INE669E01016,WAIT,"Stage 2 + RS 90; wait because price is more than 20% above the 30-week line (currently +27%) — the guide treats that as poor entry timing, not a failed trend."
VOLTAMP,2026-09-04,11418.0,0.2189951283074354,0.3432708141207568,0.44266673971288384,0.45274449547149276,0.3353344611840009,9517.045828205266,2.6479380669475416,Stage 2 — Advancing,9988.007046568628,12724.746990128295,False,6594.353209382375,1.0732271253110262,2.57776069575477,433587750.75,9983.9021484375,False,19.97420424477685,False,-10.269335737221752,True,True,True,True,False,False,False,False,9465.916083984375,8996.436420898437,True,3.8466831819432974,3,0.7821012061370272,22.403624241388155,0.9800321795453606,False,11699.0,0.49100912345536435,0.5424891251382455,False,2.461026449465753,85.0,True,True,5,True,True,True,True,True,True,True,True,8,True,False,,Voltamp Transformers Ltd,Capital Goods,EQ,INE540H01012,HOLD,Stage 2 + RS 85; trend/leadership is adequate without a stronger entry trigger.
VOLTAS,2026-09-07,1167.199951171875,-0.09815402541715446,-0.20801770808985176,-0.11765889763352289,-0.18281226804353679,-0.14095938492024407,1338.4721269999466,-0.8543282328437596,Stage 4 — Declining,1278.862745098039,1577.544205432766,False,1151.0,0.4739783795173959,0.5264452454589975,1327149061.7818482,1278.5239990234375,True,-12.796095815006714,False,-26.01158514910342,False,False,False,False,True,True,False,False,1340.3162833658855,1349.4379174804687,False,2.2104193822994516,3,0.9389302194610959,17.96151104775481,0.8936418724378786,False,1403.0,0.050405506540415826,0.06718266276055992,False,20.20219831155583,14.0,True,False,0,False,False,False,False,False,False,False,False,0,False,False,,Voltas Ltd.,Consumer Durables,EQ,INE226A01021,SELL,Stage 4 takes precedence: the guide requires SELL regardless of RS.
WAAREEENER,2026-09-04,2635.0,-0.14214093103766756,0.00037965072133627764,-0.11704588785075021,-0.17638372892065268,-0.11546636562508035,2955.2917881795806,-0.5551725988469647,Stage 4 — Declining,2738.145091337316,3862.832998996418,False,2403.0,0.7528012825456523,0.456079996396386,1207653160.1907592,2732.7199951171874,True,-10.83790742628754,False,-31.78581624717959,False,False,False,False,True,True,False,False,2956.9820084635417,2937.3310095214842,False,1.9460555769686905,2,0.812941798860927,15.480132450331126,0.6537217841352133,False,3020.0,0.11331310564940314,0.161786777964548,False,14.61100569259961,18.0,True,False,0,False,True,False,False,False,False,False,False,1,False,False,,Waaree Energies Ltd.,Capital Goods,EQ,INE377N01017,SELL,Stage 4 takes precedence: the guide requires SELL regardless of RS.
WAAREERTL,2026-09-04,858.9500122070312,-0.11916116422891154,0.06562871436659545,-0.14888029942787706,-0.15457675963874873,-0.09523013463157068,935.3434916457085,-0.2847859491019511,Stage 4 — Declining,937.4754949831495,1358.0,False,779.5,0.4788955960410703,0.44320107099029415,85389563.05511475,935.8120043945313,True,-8.167425135365535,False,-36.748894535564716,False,False,True,False,True,True,False,False,934.6946651204427,942.6979989624024,False,1.7097279205415497,2,0.6383384190028676,20.480225988700564,0.48559612093553906,False,1062.0,0.036937492782076455,0.05580745601886726,False,23.639325328285565,23.0,True,False,1,False,False,False,False,False,False,False,False,0,False,False,,Waaree Renewable Technologies Ltd.,Capital Goods,EQ,INE299N01021,SELL,Stage 4 takes precedence: the guide requires SELL regardless of RS.
WAKEFIT,2026-09-04,151.5500030517578,,,,,,144.65020569056682,-1.4169662523374038,Stage 3 — Topping,131.63627489875344,,False,,0.30043687086350196,1.48319864199982,218252118.3705906,131.87240036010743,False,4.769987936243192,False,,True,True,False,False,False,False,False,False,145.6310668436686,,False,5.022387851354701,2,1.4057967692734918,26.195682835831928,0.41172842516540914,False,159.9499969482422,0.006517116321431196,,False,5.542721034202547,,True,False,2,False,False,False,False,True,False,False,False,1,False,False,,Wakefit Innovations Ltd.,Consumer Durables,EQ,INE0E7301029,REDUCE,Stage 3 with RS unavailable; the guide requires REDUCE when RS is 50 or higher.
WEWORK,2026-09-04,666.9500122070312,,,,,,597.1362050023572,1.101237915755937,Stage 2 — Advancing,706.4196083218444,,False,,0.7484064012280772,0.2783655995528895,216664314.72435912,708.0170007324218,True,11.691437668630144,False,,True,False,True,True,True,True,False,False,596.4326645914714,597.1759992980957,True,3.404625969669202,3,0.47029334774471815,21.579611353937224,1.0501887347180763,False,794.5,0.028680902161702486,,False,19.124369961533993,,True,False,3,True,False,True,True,False,False,False,False,3,False,False,,WeWork India Management Ltd.,Services,EQ,INE085001019,REDUCE,Stage 2 + RS unavailable; distribution warning (U/D 0.28) triggers REDUCE.
WEBELSOLAR,2026-09-07,75.20999908447266,-0.32096426838302783,0.42686398009496584,-0.2891976106244206,-0.4285822680854102,-0.18656888707618416,89.62821916031511,0.026830345465334027,Stage 1 — Basing,92.04333331538182,137.89999389648438,False,50.400001525878906,0.8372337790205899,0.4804839231067565,211407635.756707,91.89419998168945,True,-16.086697036848463,False,-45.460476857649766,False,False,True,True,True,True,False,False,89.13146664937337,89.46639997482299,False,4.438999224336909,3,0.8585458866603874,33.80434708243734,1.2386318201387734,False,110.4000015258789,0.0032479423058156165,0.005688731296516003,False,46.78899464136723,8.0,True,False,2,False,False,False,True,False,True,False,False,2,False,False,1.0,Websol Energy System Ltd.,Capital Goods,EQ,INE855C01023,AVOID,Stage 1 + RS 8; weak RS in a basing stage is AVOID.
WELCORP,2026-09-07,2597.89990234375,0.8768188575795646,2.221712182455335,2.153310139119352,2.0695708217925723,1.6396461717052777,1364.2054384832513,9.35523163401104,Stage 2 — Advancing,1868.0627537147673,2676.0,True,707.6502693631002,0.7818739902978731,3.0981504372598896,6964347862.100122,1875.3080078125,False,90.43318763133968,True,-2.918538776391999,True,True,True,True,False,False,False,False,1349.6770727539063,1209.957098388672,True,5.150863870367906,2,1.275909655261923,47.365470852017935,1.8538144090765871,False,2676.0,0.11219025530926434,0.1135974167471158,False,3.0062781705249897,99.0,True,True,5,True,True,True,True,True,True,True,True,8,True,False,,Welspun Corp Ltd.,Capital Goods,EQ,INE191B01025,WAIT,"Stage 2 + RS 99; wait because price is more than 20% above the 30-week line (currently +90%) — the guide treats that as poor entry timing, not a failed trend."
WELENT,2026-09-07,783.5,0.4542999222597819,0.727420004884787,0.5128407802178623,0.6099745482864851,0.5517670355817397,540.6625207352312,3.256119859080564,Stage 2 — Advancing,622.8744865866269,825.0,False,409.9812045484441,1.0796648523043126,7.126097787974247,602430416.3201691,623.9052416992188,False,44.91479803973488,True,-5.030303030303029,True,True,True,True,False,False,False,False,538.9539392089844,528.5967378234864,True,4.737897266586516,1,2.6229935308424297,32.47273023200757,2.0340308235299043,False,825.0,0.0338354318253397,0.0349873017039549,False,5.296745373324829,93.0,True,True,5,True,True,True,True,True,True,True,True,8,True,False,,Welspun Enterprises Ltd.,Construction,EQ,INE625G01013,WAIT,"Stage 2 + RS 93; wait because price is more than 20% above the 30-week line (currently +45%) — the guide treats that as poor entry timing, not a failed trend."
WELSPUNLIV,2026-09-07,211.9499969482422,0.48171135955010036,0.7620252294252976,0.5744421187980864,0.8600014435063439,0.6319783021659858,146.73719170975357,3.1981696547162652,Stage 2 — Advancing,172.6171195834291,216.0,True,107.03568289025932,1.0909749886272004,24.939123815934515,2012950878.529267,172.83060821533203,False,44.441906294267675,True,-1.8750014128508408,True,True,True,True,False,False,False,False,146.64603688557943,142.62406539916992,True,3.364675910525171,2,1.4454676598917298,29.1759279039171,0.6306646142297505,False,216.0,0.00915305637794921,0.00915305637794921,True,1.9108294928387393,95.0,True,True,5,True,True,True,True,True,True,True,True,8,True,False,,Welspun Living Ltd.,Textiles,EQ,INE192B01031,WAIT,"Stage 2 + RS 95; wait because price is more than 20% above the 30-week line (currently +44%) — the guide treats that as poor entry timing, not a failed trend."
WESTLIFE,2026-09-04,530.5999755859375,0.21087096323532584,0.11618020583598931,-0.07850243222951347,-0.2865265558519784,0.03457862884502984,492.162231654337,0.9415461907537059,Stage 2 — Advancing,528.6918221267999,766.669811438393,False,398.1246588021791,0.1932690544601541,0.37007823027290376,54501275.03413391,529.5463806152344,False,7.80997432541648,False,-30.79159141659059,True,True,True,True,True,True,False,False,492.1991365559896,502.39145248413087,False,3.8043184075841214,1,1.4770359457750046,27.17902718644978,0.3196933253738218,False,608.9500122070312,0.02281743115413285,0.03273279093355065,False,14.766309880540863,49.0,True,False,4,True,False,False,True,True,True,False,False,4,False,False,,Westlife Foodworld Ltd.,Consumer Services,EQ,INE274F01020,REDUCE,Stage 2 + RS 49; distribution warning (U/D 0.37) triggers REDUCE.
WHIRLPOOL,2026-09-04,815.9500122070312,0.015061160576020027,-0.08791684649945886,-0.16164922857261654,-0.39170803387081277,-0.12223035755816963,835.6793873408069,0.04227006583459314,Stage 1 — Basing,788.1493961109835,1428.4580610250364,False,746.535864765959,0.45260139264984545,1.9303464989193115,406042970.63882446,787.9518249511718,False,-2.3608785178435454,False,-42.878966175491364,False,True,False,True,False,False,False,False,834.6233260091146,854.4686038208008,False,3.0327424053721153,2,1.680637372389972,12.542217258548957,2.557140006224551,False,853.5956908179593,0.035088360507721864,0.059394451962686785,False,4.6137236408761995,17.0,True,False,2,False,False,False,False,True,False,False,False,1,False,False,2.0,Whirlpool of India Ltd.,Consumer Durables,EQ,INE716A01013,AVOID,Stage 1 + RS 17; weak RS in a basing stage is AVOID.
WIPRO,2026-09-07,172.8000030517578,-0.11895185916326179,-0.10556029183483884,-0.3102007635739217,-0.26422726724017065,-0.18357840819509094,189.6142729667768,-1.9619161710754063,Stage 4 — Declining,178.2773240033318,263.220498300555,False,167.0916913788894,0.7574827757434432,0.6780833397416559,1479799271.7087111,178.372900390625,True,-8.867618271523847,False,-34.351616166895816,False,False,False,False,True,False,False,False,190.75471995035807,204.9290392303467,False,2.2023808630265482,2,1.0544500003919572,12.672888796433712,0.591514588668286,False,191.33999633789062,0.0074623646747622755,0.011010973283496876,False,10.729162591843021,9.0,True,False,0,False,False,False,False,False,False,False,False,0,False,False,,Wipro Ltd.,Information Technology,EQ,INE075A01022,SELL,Stage 4 takes precedence: the guide requires SELL regardless of RS.
WOCKPHARMA,2026-09-07,2208.0,0.14946117545784943,0.6989843347792473,0.6235294117647059,0.49310246625277676,0.42290771274248573,1662.9082114859802,2.50247726295707,Stage 2 — Advancing,1915.015677657782,2422.300048828125,False,1086.699951171875,5.9588536718811405,3.020347913190151,1972705205.8161926,1914.3219921875,False,32.77942731589039,True,-8.846965467048573,True,True,True,True,False,False,False,False,1655.5819921875,1586.667992553711,True,3.7079453715132873,2,1.9241462767984345,19.838997119227976,1.8966183603540876,False,2236.0,0.09535243582686669,0.09594904959249598,False,1.26811594202898,88.0,True,True,5,True,True,True,True,True,True,True,True,8,True,False,,Wockhardt Ltd.,Healthcare,EQ,INE049B01025,WAIT,"Stage 2 + RS 88; wait because price is more than 20% above the 30-week line (currently +33%) — the guide treats that as poor entry timing, not a failed trend."
YATHARTH,2026-09-04,991.0999755859375,0.22779082997669353,0.49688559471636107,0.4504704463036284,0.28999897360512783,0.3385873349157009,792.8708345596104,3.191072310616394,Stage 2 — Advancing,869.3543665268842,1024.8499755859375,False,537.9315639475303,0.9001660016323932,1.57289129416388,494473103.9549988,870.0103588867188,False,25.00144189771223,True,-3.293164931843229,True,True,True,True,False,False,False,False,788.2911405436198,759.0190194702149,True,3.571068749304219,1,1.7051149616721648,22.478440963138574,2.2174346084905707,False,1024.8499755859375,0.04262034772018604,0.04272431077161946,True,3.405307318269979,86.0,True,True,5,True,True,True,True,True,True,True,True,8,True,False,,Yatharth Hospital & Trauma Care Services Ltd.,Healthcare,EQ,INE0JO301016,WAIT,"Stage 2 + RS 86; wait because price is more than 20% above the 30-week line (currently +25%) — the guide treats that as poor entry timing, not a failed trend."
YESBANK,2026-09-07,22.420000076293945,-0.0377682055614359,0.11431407262049498,-0.007964615138828401,0.09686885961363867,0.025536381194486694,21.780000033443923,0.344592609993577,Stage 2 — Advancing,23.09235299802294,25.780000686645508,False,17.200000762939453,0.5301675938827781,0.8607231861384811,1126845587.966116,23.052400054931642,True,2.938475857976508,False,-13.033361213570881,True,False,True,True,False,False,False,False,21.76940002441406,21.857750053405763,False,1.7586340126734528,3,0.537246402773134,13.89108301723584,0.6876363602646574,True,25.34000015258789,0.0009682072547613971,0.0010979706245473082,False,13.024085933797313,48.0,True,False,3,True,False,False,True,False,True,True,False,4,False,False,,Yes Bank Ltd.,Financial Services,EQ,INE528G01035,WAIT,Stage 2 + RS 48; wait because the close is below its 50-session average — short-term timing has weakened even though the 30-week trend is intact.
ZFCVINDIA,2026-09-04,2551.89990234375,0.05155216030026111,0.07892096569816909,0.03181570499532094,0.11784418235245608,0.06633703472929367,2458.925383267337,0.3663008151594038,Stage 2 — Advancing,2492.713091681985,3038.7327548607846,False,2046.7853151927584,0.19759195975978125,0.5029771879259111,245331455.42963868,2490.3378857421876,False,3.781103717465051,False,-16.02091700029534,True,True,True,True,True,True,False,False,2460.843722330729,2441.4300439453127,True,2.5143739604243236,2,0.3707692104557863,17.34511293403001,0.6492003991840524,True,2734.2605866682857,0.10973954582200338,0.11658053456182066,False,7.146075132376839,55.0,True,True,5,True,True,True,True,True,False,True,False,6,False,False,,ZF Commercial Vehicle Control Systems India Ltd.,Automobile and Auto Components,EQ,INE342J01019,REDUCE,Stage 2 + RS 55; distribution warning (U/D 0.50) triggers REDUCE.
ZAGGLE,2026-09-04,180.77000427246094,-0.10261118903112443,-0.16166581561456062,-0.5062278031720442,-0.5379680401981829,-0.28221680740940736,220.65513736254547,-2.824794105757933,Stage 4 — Declining,200.01352916044348,405.3999938964844,False,154.36000061035156,0.31879678248852883,3.5311955060901847,1145405347.6929984,199.90179962158203,True,-18.075778142682275,False,-55.4094704010728,False,False,False,False,False,False,False,False,222.57900065104167,251.6329997253418,False,5.260432404979314,2,1.3787525736607,30.524797146967597,0.5503976792745957,False,222.17999267578125,0.007773666258963348,0.01675464548546931,False,22.907555138907988,3.0,True,False,0,False,False,False,False,False,False,False,False,0,False,False,,Zaggle Prepaid Ocean Services Ltd.,Information Technology,EQ,INE07K301024,SELL,Stage 4 takes precedence: the guide requires SELL regardless of RS.
ZEEL,2026-09-07,85.98999786376953,-0.23407855673896005,0.05109400354378435,-0.11805130396133812,-0.2580673275955987,-0.15863634829821452,94.06417804874786,0.9260429811604132,Stage 1 — Basing,101.72764722038718,121.80000305175781,False,68.0,1.3854533598594925,0.7797416350519172,3560596501.1199784,101.61580017089844,True,-8.583692913144858,False,-29.400660337234264,False,False,True,True,False,False,False,False,93.84033330281575,93.21744995117187,False,5.86197806035368,2,1.4777781061019737,27.190591211096155,0.9705752682517553,False,117.31999969482422,0.0037134763374354566,0.005128424784121226,False,36.43447215883124,11.0,True,False,2,False,True,False,True,False,False,False,False,2,False,False,1.0,Zee Entertainment Enterprises Ltd.,Media Entertainment & Publication,EQ,INE256A01028,AVOID,Stage 1 + RS 11; weak RS in a basing stage is AVOID.
ZENTEC,2026-09-04,1801.4000244140625,-0.004119754495105821,0.2815302113016942,0.3110818280217309,0.2215140926242234,0.16117732459148737,1635.3059826158496,1.965188544846197,Stage 2 — Advancing,1792.2215169270833,2042.629425992547,False,1222.3593609523095,0.3182811651670338,1.6870691556243351,982849046.2973572,1792.6605029296875,False,10.156756201217298,False,-11.809748675351006,True,True,True,True,False,False,False,False,1627.4903979492187,1559.1908575439454,True,3.8014917107514092,2,1.0554937043953,21.71062184824497,0.4426370898926359,False,2042.629425992547,0.07746574242249263,0.08623992390608136,False,13.391217847737558,69.0,True,True,5,True,True,True,True,True,True,True,False,7,False,False,,Zen Technologies Ltd.,Capital Goods,EQ,INE251B01027,HOLD,Stage 2 + RS 69; trend/leadership is adequate without a stronger entry trigger.
ZENSARTECH,2026-09-07,453.8500061035156,-0.04120549876857493,-0.1685359631403599,-0.3747928168608251,-0.3991133544794585,-0.2049706264035587,505.03386594171394,-2.4297654143003666,Stage 4 — Declining,486.10418641333484,845.3898333433813,False,412.9712066051201,0.11941014169649096,0.6743286802489015,320923952.31098634,487.3637774658203,True,-10.134738141324062,False,-46.31470734529517,False,False,False,False,True,False,False,False,508.4574371337891,555.8483772277832,False,3.170493862003951,3,0.28054050614777876,25.335160941269113,0.152275987708414,False,553.0999755859375,0.019599503433880675,0.03553054677420227,False,21.868451723626194,7.0,True,False,0,False,False,False,False,False,False,False,False,0,False,False,,Zensar Technolgies Ltd.,Information Technology,EQ,INE520A01027,SELL,Stage 4 takes precedence: the guide requires SELL regardless of RS.
ZYDUSLIFE,2026-09-07,1156.9000244140625,0.06330551578253885,0.26821058237733486,0.24315815880646752,0.142121320288908,0.1560202186075576,1023.7717916410263,1.795713180467473,Stage 2 — Advancing,1135.4492642271753,1205.0,False,834.749872350541,1.4846169457184122,2.147023820899809,2129568313.1073976,1135.7523828125,False,13.003701983197047,False,-3.99169921875,True,True,True,True,False,False,False,False,1020.4583215332032,993.011650390625,True,2.6307996040172577,3,1.208428648461724,9.327802855938797,1.031709989581494,False,1205.0,0.0499607044094395,0.05090305565195036,False,4.157660521296891,68.0,True,True,5,True,True,True,True,True,True,True,False,7,False,False,,Zydus Lifesciences Ltd.,Healthcare,EQ,INE010B01027,HOLD,Stage 2 + RS 68; trend/leadership is adequate without a stronger entry trigger.
ZYDUSWELL,2026-09-07,555.3499755859375,0.10277329694450299,0.4597570497899208,0.3578804368508308,0.14644071632085787,0.2339249593701231,495.1753828492883,1.6389463982439123,Stage 2 — Advancing,549.1574730966605,611.8499755859375,False,366.8171926721902,10.027752909155508,7.4580948056080985,320749981.00980836,548.7743286132812,False,12.152177757787275,False,-9.23428981849559,True,True,True,True,False,False,False,False,492.62409037272135,477.98203994750975,True,3.0521288724931734,1,1.3527559087174759,19.91500865375503,1.2585055273253742,False,611.8499755859375,0.023982777585375946,0.025855853813796032,False,10.17376474004308,77.0,True,True,5,True,True,True,True,True,True,True,True,8,True,False,,Zydus Wellness Ltd.,Fast Moving Consumer Goods,EQ,INE768C01028,HOLD,Stage 2 + RS 77; trend/leadership is adequate without a stronger entry trigger.
ECLERX,2026-09-04,1905.699951171875,0.354615273148819,0.18421047042260352,-0.2211917150710474,-0.14090722740997585,0.10626841484784369,1627.6883628531677,-1.211689977406627,Stage 3 — Topping,1777.9250895182292,2496.1160957516863,False,1319.2685842580436,0.39363638114056565,2.132401221569472,455376885.19644773,1785.4091552734376,False,17.080148427883458,False,-23.65339278828744,True,True,True,False,False,False,False,False,1646.9742513020833,1808.8059521484374,False,4.15256366732817,2,0.6065788352356829,36.01995226682621,0.8276070390276792,False,2062.0,0.08195096011506682,0.10596218410638437,False,8.201713429861357,61.0,True,True,4,True,False,False,False,True,True,True,False,4,False,False,,eClerx Services Ltd.,Services,EQ,INE738I01010,REDUCE,Stage 3 with RS 61; the guide requires REDUCE when RS is 50 or higher.
