Symbol,Date,Close,R3M,R6M,R9M,R12M,RS_Blend,MA_30W,MA_30W_Slope_10S_Pct,Stage,MA_10W,High_52W,Near_52W_High,Low_52W,Volume_Ratio,U_D,AvgValue20,SMA_50,Below_50DMA,Ext_Pct,Extended_20Pct,Pct_From_52W_High,Above_MA_30W,Above_MA_10W,MA10W_Above_MA30W,MA_30W_Rising,Distribution,Heavy_Distribution,Breakout,Breakout_Confirmed,SMA_150,SMA_200,SMA_200_Rising,ATR_Pct,VCP_Contractions,Contraction_Ratio,Base_Depth_Pct,Volume_DryUp,VCP_Setup,VCP_Pivot,RS_Line,RS_Line_High_52W,RS_Line_At_High,Pct_To_Pivot,RS_Score,Liquid_UI_Filter,RS_Not_Lagging,Trend_Health,TT1_Above_150_200,TT2_150_Above_200,TT3_200_Rising,TT4_50_Above_150_200,TT5_Above_50,TT6_Above_52W_Low,TT7_Near_52W_High,TT8_RS,Trend_Template_Score,Trend_Template_Pass,RS_Line_NH_Before_Price,Stage1_Readiness,Company Name,Industry,Series,ISIN Code,Action,Action_Reason
360ONE,2026-09-28,1045.0,-0.03722132255881594,0.07536954114108396,-0.10881279732430638,0.05451385956908705,-0.010674408346353447,1092.0854897695044,-0.26950507530684176,Stage 4 — Declining,1136.7176489736519,1229.0652744329707,False,900.8207868154223,0.6451686515023841,0.5720130495904306,978078673.0770019,1136.922001953125,True,-4.311520500051902,False,-14.976037340074488,False,False,True,False,True,True,False,False,1092.638281656901,1104.7457467651368,False,2.6971982068096376,2,0.8510997958975313,15.19339644441898,0.8910416403863352,False,1222.9000244140625,0.04700400013669674,0.051273315731198366,False,17.023925781250004,48.0,True,False,1,False,False,False,True,False,False,True,False,2,False,False,,360 ONE WAM Ltd.,Financial Services,EQ,INE466L01038,SELL,Stage 4 takes precedence: the guide requires SELL regardless of RS.
3MINDIA,2026-09-28,33415.0,0.015546061509687847,0.09829672489761365,-0.019553816664229173,0.16291350736986288,0.05454970772452461,32985.512993706594,-0.5252569655792572,Stage 3 — Topping,34336.7,37487.09942436396,False,28319.862583025053,0.38242132921819283,2.216386925795053,136072536.5,34336.7,True,1.3020473756929274,False,-10.862668723089797,True,False,True,False,False,False,False,False,33102.194348958335,33492.49387695312,False,2.923195314337017,2,1.7376741911489733,15.549597855227882,1.6182016348773842,False,37300.0,1.50300350676337,1.5957972004548862,False,11.626515038156526,59.0,True,True,3,False,False,False,True,False,False,True,False,2,False,False,,3M India Ltd.,Diversified,EQ,INE470A01017,REDUCE,Stage 3 with RS 59; the guide requires REDUCE when RS is 50 or higher.
ABB,2026-09-29,6660.5,-0.05458610196857727,0.10834919258003395,0.3100622958175443,0.29929570186779353,0.12170699726564346,6937.573537813563,1.0818424301755947,Stage 1 — Basing,7379.1941827512255,7832.294844565128,False,4564.870705303207,0.9353469961109468,0.7944597923806953,1201543018.85,7377.890830078125,True,-3.9938104627412097,False,-14.961066556096814,False,False,True,True,False,False,False,False,6919.393714192708,6501.346408691406,True,2.454234452582925,1,0.9653697757661232,14.881789137380192,0.6054900119690237,False,7825.0,0.30136645400660605,0.32689961302851106,False,17.483672396967197,68.0,True,True,3,False,True,True,True,False,True,True,False,5,False,False,3.0,ABB India Ltd.,Capital Goods,EQ,INE117A01022,WATCH,Stage 1 + RS 68; adequate RS in a basing stage remains WATCH.
ACC,2026-09-29,1202.5999755859375,-0.09809513006841486,-0.0797638922580951,-0.29888800752999634,-0.3308854302574812,-0.1811455180364805,1350.708059297938,-1.7394832325783316,Stage 4 — Declining,1301.170592064951,1975.569036609613,False,1188.0999755859375,4.848121203527063,0.41192226535102133,176784690.41724855,1299.4380029296874,True,-10.965218034530954,False,-39.12640088499322,False,False,False,False,True,True,False,False,1355.704679361979,1440.3387286376953,False,1.9487559600488344,1,1.087973043550798,15.970015201159596,1.1491465013050803,False,1413.9000244140625,0.054413826323964416,0.08036860726139042,False,17.57026884398316,12.0,True,False,0,False,False,False,False,False,False,False,False,0,False,False,,ACC Ltd.,Construction Materials,EQ,INE012A01025,SELL,Stage 4 takes precedence: the guide requires SELL regardless of RS.
ACMESOLAR,2026-09-29,437.95001220703125,0.15477920160060976,0.6255892737980977,0.8600357613790197,0.5787359393920126,0.47478387555407,337.93081581998035,4.152424416104394,Stage 2 — Advancing,395.8196076037837,476.8999938964844,False,195.72747422084996,0.4491063002672989,2.0220095636691213,1204003924.476767,396.27399963378906,False,29.597536449689233,True,-8.167326942324848,True,True,True,True,False,False,False,False,335.8711328125,308.44958740234375,True,4.441147419892218,2,1.4661276865745596,27.72069267800166,1.7420846488350425,False,476.8999938964844,0.019815845989187425,0.020121347080234744,False,8.893704898686106,91.0,True,True,5,True,True,True,True,True,True,True,True,8,True,False,,ACME Solar Holdings Ltd.,Power,EQ,INE622W01025,WAIT,"Stage 2 + RS 91; wait because price is more than 20% above the 30-week line (currently +30%) — the guide treats that as poor entry timing, not a failed trend."
AIAENG,2026-09-28,3841.39990234375,-0.20167290555234607,0.1149202171456396,-0.007326956672056628,0.25601482212334425,-0.00794754570155299,4202.519527859158,0.09707834110010971,Stage 1 — Basing,4330.936665039062,5160.600958593338,False,3033.596513266056,0.5423508589868433,0.2660380896258002,261715478.75845948,4330.936665039062,True,-8.592931528848101,False,-25.562934759620948,False,False,True,True,True,True,False,False,4189.3516845703125,4117.403736572265,True,3.106196480575404,2,1.6956923738865923,22.384789094180903,1.4054830611554596,False,4867.602569017498,0.1727858005118397,0.2201446808937118,False,26.714288872856805,49.0,True,False,2,False,True,True,True,False,False,False,False,3,False,False,1.0,AIA Engineering Ltd.,Capital Goods,EQ,INE212H01026,AVOID,Stage 1 + RS 49; weak RS in a basing stage is AVOID.
APLAPOLLO,2026-09-28,2197.0,0.22969798177380918,0.11039342231991567,0.16932472233788753,0.32851241545302834,0.21352530473168999,1961.4999314399615,-0.08529682244474701,Stage 3 — Topping,2068.187598134957,2292.568366695916,False,1661.6987395161798,0.4965512664930607,0.8029568473539817,1318822223.260205,2073.4045947265627,False,12.006121681949544,False,-4.1686157797619305,True,True,True,False,False,False,False,False,1968.21390625,1975.1616485595703,True,2.4865085277610706,2,1.2079240667001534,21.20561210627289,0.8754477652467871,False,2272.2467615017363,0.09882085004815573,0.09938902609650702,False,3.4249777652133107,78.0,True,True,4,True,False,True,True,True,True,True,True,7,False,False,,APL Apollo Tubes Ltd.,Capital Goods,EQ,INE702C01027,REDUCE,Stage 3 with RS 78; the guide requires REDUCE when RS is 50 or higher.
ASKAUTOLTD,2026-09-29,619.8499755859375,0.3506633239298078,0.4179271844392476,0.31832075823659856,0.14983003824266916,0.31748092575562625,498.6346811307531,2.908178147538587,Stage 2 — Advancing,609.4276117063037,687.7000122070312,False,373.9332517882958,0.7847202524495925,0.7749105005928436,181639164.00110474,611.9514886474609,False,24.30943916301702,True,-9.866225885810742,True,True,True,True,False,False,False,False,497.0749043782552,486.88695785522464,True,4.005577966005993,2,0.675429627678209,30.296937788123845,0.4025919972574233,False,687.7000122070312,0.02804624114682311,0.029252679752480505,False,10.946202999678412,86.0,True,True,5,True,True,True,True,True,True,True,True,8,True,False,,ASK Automotive Ltd.,Automobile and Auto Components,EQ,INE491J01022,WAIT,"Stage 2 + RS 86; wait because price is more than 20% above the 30-week line (currently +24%) — the guide treats that as poor entry timing, not a failed trend."
AUBANK,2026-09-28,995.2999877929688,-0.0363528565259148,0.12859424190446034,0.02186421628060109,0.34050938056807456,0.08365242514026128,1010.7418865047089,0.23203721867843807,Stage 1 — Basing,1056.6497934378829,1144.0999755859375,False,718.3523818731599,0.8646387378679383,0.7210826869075396,1183586472.0391998,1057.936063232422,True,-1.5277786463505971,False,-13.005855342035344,False,False,True,True,False,False,False,False,1009.8657788085937,1005.1020333862305,True,2.389086926894169,2,0.6465692688457784,16.172656316329984,0.9376242164971028,False,1144.0999755859375,0.04476849833710523,0.04779853945760736,False,14.950265208274116,63.0,True,True,3,False,True,True,True,False,True,True,False,5,False,False,3.0,AU Small Finance Bank Ltd.,Financial Services,EQ,INE949L01017,WATCH,Stage 1 + RS 63; adequate RS in a basing stage remains WATCH.
AWL,2026-09-28,180.66000366210938,-0.007526205166042743,-0.020475986561687587,-0.23357778910318627,-0.30539784877350096,-0.11490080695409206,188.56521177945072,-0.42212434156867484,Stage 4 — Declining,189.83450975605086,281.42985528309595,False,170.3003850027749,0.24964633139268583,0.529084750479396,305362370.66294634,189.84380004882811,True,-4.192294030665322,False,-35.80638291542315,False,False,True,False,True,True,False,False,188.5835759480794,196.37992279052733,False,2.120793905866949,3,0.6451775335096277,12.020315152613215,0.5584933568695303,False,204.82000732421875,0.008126069700315238,0.011664737051174908,False,13.373188958468152,26.0,True,False,1,False,False,False,False,False,False,False,False,0,False,False,,AWL Agri Business Ltd.,Fast Moving Consumer Goods,EQ,INE699H01024,SELL,Stage 4 takes precedence: the guide requires SELL regardless of RS.
AXISCADES,2026-09-29,2067.39990234375,0.21676177508672123,0.41631840206886483,0.5934945764144242,0.25054437660627094,0.3387761810526005,1727.7306140718006,1.633095943498919,Stage 2 — Advancing,1676.4999928193934,2211.0,False,1063.300048828125,4.651598311568327,2.017966521044166,448412405.47558594,1678.5219921875,False,19.659852381236643,False,-6.494803150440975,True,True,False,True,False,False,False,False,1722.3806689453124,1617.7810028076171,True,4.6131101048661955,1,2.0306728660404176,31.50333547077433,1.784717858694328,False,2067.39990234375,0.09354327416604452,0.09403153538512572,False,0.0,87.0,True,True,4,True,True,True,False,True,True,True,True,7,False,False,,AXISCADES Technologies Ltd.,Capital Goods,EQ,INE555B01013,HOLD,Stage 2 + RS 87; trend/leadership is adequate without a stronger entry trigger.
AADHARHFC,2026-09-28,436.95001220703125,-0.15728059362192626,-0.04251121647204226,-0.097210718580514,-0.14633191951420377,-0.1201230083621225,484.0376708148277,-0.16782436982135662,Stage 4 — Declining,480.6127450980392,563.0,False,430.1499938964844,0.47243311109429603,0.30382932253652967,155034719.11542207,480.0140002441406,True,-9.728097924388656,False,-22.388985398395867,False,False,False,False,True,True,False,False,483.4216664632161,482.3682495117188,False,2.807612120330718,0,1.2980345400309012,15.981074150408404,1.322513618309153,False,517.7999877929688,0.01965396979283152,0.02384431524932254,False,18.50325513840012,25.0,True,False,0,False,True,False,False,False,False,True,False,2,False,False,,Aadhar Housing Finance Ltd.,Financial Services,EQ,INE883F01010,SELL,Stage 4 takes precedence: the guide requires SELL regardless of RS.
AARTIDRUGS,2026-09-28,429.6499938964844,0.152803809563113,0.29921372251872347,0.035120864219034154,-0.08084713858666348,0.11181901345546404,388.648288465526,1.0544865632571954,Stage 2 — Advancing,421.1009796740962,531.1493690336815,False,318.95001220703125,2.4154584093257645,2.3268981333533847,79794426.67923737,421.16299926757813,False,10.549822718335555,False,-19.109384488558213,True,True,True,True,False,False,False,False,388.1216674804688,387.4325782775879,True,3.4305338157712773,1,1.1393159778998192,11.605862361919982,0.9531672068825014,False,453.6499938964844,0.01932561566683455,0.022144114370841263,False,5.585942125203958,67.0,True,True,5,True,True,True,True,True,True,True,False,7,False,False,,Aarti Drugs Ltd.,Healthcare,EQ,INE767A01016,HOLD,Stage 2 + RS 67; trend/leadership is adequate without a stronger entry trigger.
AARTIIND,2026-09-28,476.6000061035156,0.02466999378265311,0.14410023041373377,0.2687233054725229,0.27481964060359787,0.14739663281103216,473.402791271471,0.4791435796054566,Stage 2 — Advancing,502.1097795075061,550.655353408149,False,337.3793264159987,0.24675965405934241,0.6620800203371962,258951386.7635681,502.2636322021484,True,0.6753688172090211,False,-13.44858391846836,True,False,True,True,True,False,False,False,472.8147906494141,452.4029444885254,True,2.8677704176963075,1,0.9444979261428428,16.54489782970519,0.3940293231737911,False,550.655353408149,0.021437422729224227,0.02305538501942513,False,15.538259831358214,71.0,True,True,4,True,True,True,True,False,True,True,True,7,False,False,,Aarti Industries Ltd.,Chemicals,EQ,INE769A01020,REDUCE,Stage 2 + RS 71; distribution warning (U/D 0.66) triggers REDUCE.
AARTIPHARM,2026-09-29,972.7999877929688,0.44403741258323093,0.6016399712519163,0.3355545993613982,0.20779306990168345,0.406612493136292,725.5520015379199,1.722781558636144,Stage 2 — Advancing,807.3313431085325,985.0499877929688,True,583.5851680913014,0.903657100696832,2.2482175929170536,703004868.9130799,809.4649438476563,False,34.07722475177086,True,-1.2435917112639583,True,True,True,True,False,False,False,False,725.3509354654948,731.0811349487304,True,4.43817199273483,1,3.215709005564862,34.092075166096436,1.7343034258477816,False,985.0499877929688,0.04401610731609288,0.04401610731609288,True,1.2592516605383741,89.0,True,True,5,True,False,True,True,True,True,True,True,7,False,False,,Aarti Pharmalabs Ltd.,Healthcare,EQ,INE0LRU01027,WAIT,"Stage 2 + RS 89; wait because price is more than 20% above the 30-week line (currently +34%) — the guide treats that as poor entry timing, not a failed trend."
AAVAS,2026-09-29,1248.4000244140625,-0.158646729119585,0.12427953617239873,-0.15534504437478858,-0.2237766669697615,-0.11442712668226426,1339.4244949444621,-0.051173689833350355,Stage 4 — Declining,1336.4784366383271,1771.9000244140625,False,1060.4000244140625,0.6008226210948424,1.0446700920975693,116113553.04412842,1332.7740063476563,True,-6.795789600232293,False,-29.544556283479515,False,False,False,False,False,False,False,False,1338.3880053710936,1357.6930035400392,False,2.8859798516379453,2,0.5948566572632215,20.150174374305703,0.8499223508508982,False,1544.9000244140625,0.05648613295389632,0.07290896978560894,False,23.75040004818667,26.0,True,False,0,False,False,False,False,False,False,False,False,0,False,False,,Aavas Financiers Ltd.,Financial Services,EQ,INE216P01012,SELL,Stage 4 takes precedence: the guide requires SELL regardless of RS.
ABBOTINDIA,2026-09-28,26740.0,0.06960016712502615,0.047090899621182514,-0.05325306302045696,-0.0798345771234561,0.010640718745464354,26208.28943965517,0.2438770939096946,Stage 2 — Advancing,26905.0633984375,29954.070075835953,False,24574.941813474234,0.5961517673764999,1.311526839819692,214935260.5,26905.0633984375,True,2.0287877298100554,False,-10.72999451393002,True,False,True,True,False,False,False,False,26195.4053515625,26409.719833984374,False,2.1997542472486376,1,2.451438092900894,12.222804260520343,0.8990005576643607,False,28635.0,1.202762644646192,1.274751750473849,False,7.086761406133135,52.0,True,True,4,True,False,False,True,False,False,True,False,3,False,False,,Abbott India Ltd.,Healthcare,EQ,INE358A01014,HOLD,Stage 2 + RS 52; trend/leadership is adequate without a stronger entry trigger.
ACE,2026-09-28,1212.9000244140625,0.22976196443545072,0.5564592361926601,0.27746814872051684,0.12501419560806282,0.2836931018784282,979.5178356431935,2.3457037515624,Stage 2 — Advancing,1123.8322993259803,1268.0,False,743.7339869667156,0.4303865436274315,2.5868712824223925,396111592.2677002,1126.5133044433594,False,23.82623167015843,True,-4.345423942108639,True,True,True,True,False,False,False,False,976.7923905436198,957.2761236572265,True,3.0735067773730016,1,0.914450532896542,24.602203947060524,0.8034526440434627,False,1268.0,0.05455612718981634,0.05502691580992387,False,4.542829126626136,84.0,True,True,5,True,True,True,True,True,True,True,True,8,True,False,,Action Construction Equipment Ltd.,Capital Goods,EQ,INE731H01025,WAIT,"Stage 2 + RS 84; wait because price is more than 20% above the 30-week line (currently +24%) — the guide treats that as poor entry timing, not a failed trend."
ACUTAAS,2026-09-29,3304.10009765625,-0.07332223943390304,0.29924231951375746,1.0016778272846603,1.4524004581672334,0.5213352252195691,2974.0817887701955,2.570134719184991,Stage 2 — Advancing,3275.190185546875,3737.2044731885353,False,1301.0268289605388,3.0161105875127587,1.906858491845411,1097081850.111316,3267.208955078125,False,11.096477243234105,False,-11.588993287347915,True,True,True,True,False,False,False,False,2957.9663818359377,2673.7782177734375,True,4.153121757142496,3,0.5125844975454915,18.08827529060656,1.1943080805909299,False,3690.2396838313616,0.1495000270420456,0.15856746687970308,False,11.686679421395807,93.0,True,True,5,True,True,True,True,True,True,True,True,8,True,False,,Acutaas Chemicals Ltd.,Healthcare,EQ,INE00FF01025,HOLD,Stage 2 + RS 93; trend/leadership is adequate without a stronger entry trigger.
ADANIENSOL,2026-09-29,1305.800048828125,-0.12150159621877687,0.3658996326654027,0.3066494028405915,0.4979065659055062,0.18549048179478933,1400.2843565648916,1.5110434204650858,Stage 1 — Basing,1518.7843137254902,1789.0,False,803.0999755859375,0.9122856310126307,0.984367751007948,2179667231.210437,1514.3280004882813,True,-6.747508625216014,False,-27.009499786018722,False,False,True,True,False,False,False,False,1392.6020027669272,1288.9187512207031,True,2.939633998478468,2,1.491308356280433,27.463028943579353,0.5440362966510675,False,1758.0,0.05908330160753473,0.07457985437971158,False,34.63010677459359,75.0,True,True,3,False,True,True,True,False,True,False,True,5,False,False,3.0,Adani Energy Solutions Ltd.,Power,EQ,INE931S01010,WATCH,Stage 1 + RS 75; adequate RS in a basing stage remains WATCH.
ADANIENT,2026-09-29,2972.89990234375,0.0035105155590717807,0.6315025139773711,0.3499587706537517,0.18518796089433875,0.23473405532872105,2716.5962570086626,1.792854683458911,Stage 2 — Advancing,3005.4980420879288,3245.0,False,1752.216581309528,2.7693963949526985,1.8325834964173537,4257859906.191382,3001.95400390625,True,9.434734538628575,False,-8.385211021764249,True,False,True,True,False,False,False,False,2706.3106388346355,2573.5463317871095,True,2.590783400450118,3,1.0475398232919786,12.748679334824859,0.7758932182137522,False,3201.89990234375,0.1345142709535202,0.1378515671461701,False,7.702916597341969,80.0,True,True,4,True,True,True,True,False,True,True,True,7,False,False,,Adani Enterprises Ltd.,Metals & Mining,EQ,INE423A01024,WAIT,Stage 2 + RS 80; wait because the close is below its 50-session average — short-term timing has weakened even though the 30-week trend is intact.
ADANIGREEN,2026-09-29,1260.0,-0.16139767054908483,0.5135135135135136,0.2576105093288936,0.2169797939937419,0.13306169514759592,1287.69829948581,1.5012154924343823,Stage 1 — Basing,1327.0823543772979,1631.5,False,765.0,0.9462454834722038,1.2962370886477774,1546408078.9093566,1322.7860009765625,True,-2.1509929380872927,False,-22.77045663499847,False,False,True,True,False,False,False,False,1281.127333577474,1201.5237496948241,True,2.700115039505385,2,0.6248362398358557,21.518086278161338,0.6238056506627055,False,1548.0,0.05701099497760282,0.06916112468322001,False,22.857142857142865,70.0,True,True,3,False,True,True,True,False,True,True,True,6,False,False,4.0,Adani Green Energy Ltd.,Power,EQ,INE364U01010,WATCH,Stage 1 + RS 70; adequate RS in a basing stage remains WATCH.
ADANIPORTS,2026-09-29,1822.0,0.02584315356398781,0.3676772258347982,0.2580298965573016,0.3227868361394659,0.20003605313190828,1680.8291746386055,0.9620606410779331,Stage 2 — Advancing,1725.049019607843,1891.0999755859375,False,1286.5777387006826,1.9164108835517215,2.168191655079656,3465124198.586212,1722.62,False,8.39887999872131,False,-3.65395677002891,True,True,True,True,False,False,False,False,1677.7525480143229,1626.3627911376952,True,2.1957816198288285,2,0.5794783204270765,13.755954000796445,0.855155629242563,False,1847.199951171875,0.08243970861047012,0.08243970861047012,True,1.3830928195321057,77.0,True,True,5,True,True,True,True,True,True,True,True,8,True,False,,Adani Ports and Special Economic Zone Ltd.,Services,EQ,INE742F01042,HOLD,Stage 2 + RS 77; trend/leadership is adequate without a stronger entry trigger.
ADANIPOWER,2026-09-29,196.3000030517578,-0.13543272224924963,0.27533787283635136,0.3977499262267332,0.3385612766565802,0.1481567262442331,204.58210951616974,1.8443692483016694,Stage 1 — Basing,207.58941171683517,254.1999969482422,False,128.10000610351562,1.8165311056007685,1.3710742983838364,3330954184.7773337,207.33380004882812,True,-4.048304362487432,False,-22.777338549014004,False,False,True,True,False,False,False,False,203.30373392740884,188.29945053100585,True,2.668655672720978,2,1.296009150968877,13.19350491774191,0.8156539894598849,False,221.6999969482422,0.008881951181021574,0.01083753491595467,False,12.939375191852264,72.0,True,True,3,False,True,True,True,False,True,True,True,6,False,False,3.0,Adani Power Ltd.,Power,EQ,INE814H01029,WATCH,Stage 1 + RS 72; adequate RS in a basing stage remains WATCH.
ATGL,2026-09-29,588.4000244140625,-0.19579033037649507,0.11246553673150883,0.041964027375001045,-0.06526041889374434,-0.06048230310804493,639.5131424884407,0.8643031062026463,Stage 1 — Basing,636.1186284083946,859.5498025483846,False,462.63840779150803,0.3581476389587475,3.8233734161438537,1743474153.9090972,634.8330004882813,True,-7.992504716242344,False,-31.545557608229323,False,False,False,True,False,False,False,False,637.0076210530599,615.2666932678222,True,3.4433581829650395,2,1.7922102699425384,17.645377295620314,4.451447383294276,False,699.9000244140625,0.02662323082277103,0.03519195409356111,False,18.94969329938987,38.0,True,False,1,False,True,True,False,False,False,False,False,2,False,False,1.0,Adani Total Gas Ltd.,Oil Gas & Consumable Fuels,EQ,INE399L01023,AVOID,Stage 1 + RS 38; weak RS in a basing stage is AVOID.
ABCAPITAL,2026-09-29,378.0,-0.01894624454774496,0.2363041700735895,0.09012256669069929,0.3041227946878253,0.11853140847132485,369.9044214365434,0.7804865525238958,Stage 2 — Advancing,401.6950982785692,430.70001220703125,False,286.5,1.4045458997964873,0.8091169854163025,999417529.1488144,401.5480004882813,True,2.1885595560109827,False,-12.235897541999396,True,False,True,True,False,False,False,False,369.5309997558594,364.70399948120115,True,2.499055177626606,2,0.7510794089802778,12.688651698433903,0.8459317887382809,False,430.70001220703125,0.017103298493280846,0.01795271890420358,False,13.941802171172291,68.0,True,True,4,True,True,True,True,False,True,True,False,6,False,False,,Aditya Birla Capital Ltd.,Financial Services,EQ,INE674K01013,HOLD,Stage 2 + RS 68; trend/leadership is adequate without a stronger entry trigger.
ABFRL,2026-09-28,47.59000015258789,-0.20841648373103283,-0.16581944278672833,-0.38017711761907247,-0.43945819437845735,-0.28045754444926474,59.0408903409357,-2.3427623761105076,Stage 4 — Declining,54.46039222268497,88.98999786376953,False,47.25,0.6643484137465506,0.6561912855909948,214637551.6229616,54.40400009155273,True,-19.394846727791283,False,-46.52207967749239,False,False,False,False,True,False,False,False,59.28773333231608,62.51889993667603,False,2.5440525505493192,2,0.5283944711663232,26.287049727347334,0.8058267410076912,False,64.0999984741211,0.002140593659021664,0.0038210503371576454,False,34.69215858078834,4.0,True,False,0,False,False,False,False,False,False,False,False,0,False,False,,Aditya Birla Fashion and Retail Ltd.,Consumer Services,EQ,INE647O01011,SELL,Stage 4 takes precedence: the guide requires SELL regardless of RS.
ABLBL,2026-09-29,76.9800033569336,-0.19704524720372252,-0.15863481995940232,-0.37056708034469976,-0.42814771380325933,-0.2702880217029613,95.21623297451305,-1.7298559191952667,Stage 4 — Declining,87.15583068249272,149.99351685072722,False,75.05999755859375,41.2265968055683,0.08278932540166377,173575946.7778473,87.01117156982421,True,-19.15243761267139,False,-48.677779564603654,False,False,False,False,True,True,False,False,95.36367986043294,100.25628219604492,False,2.813346543873526,2,2.0153259259510734,22.527136011060296,5.090636907521652,False,96.88553345505541,0.0034831004640936427,0.006338730882356901,False,25.858053039859886,5.0,True,False,0,False,False,False,False,False,False,False,False,0,False,False,,Aditya Birla Lifestyle Brands Ltd.,Consumer Services,EQ,INE14LE01019,SELL,Stage 4 takes precedence: the guide requires SELL regardless of RS.
ABREL,2026-09-28,1191.5,-0.11370231893890914,0.055609022800334085,-0.2902134093443324,-0.31533469292301164,-0.15546874346896564,1323.3248199044842,-0.47100790553782357,Stage 4 — Declining,1356.4686303232231,1910.6691914062499,False,1078.220335805519,1.9798905786608334,1.1384929010228184,206125808.90216675,1354.762001953125,True,-9.961637378946698,False,-37.639649743707984,False,False,True,False,False,False,False,False,1322.0548543294271,1365.7158618164062,False,3.4872014462093848,3,1.0983903045088264,20.511443393548117,1.30240261707245,False,1486.0,0.05359355613672169,0.07915299458184843,False,24.716743600503577,18.0,True,False,1,False,False,False,False,False,False,False,False,0,False,False,,Aditya Birla Real Estate Ltd.,Realty,EQ,INE055A01016,SELL,Stage 4 takes precedence: the guide requires SELL regardless of RS.
ABSLAMC,2026-09-28,987.7000122070312,-0.11281913885796846,0.12127000074485839,0.3141031299370294,0.3021875172002457,0.10238447403323933,1021.8290890210295,1.0411570987442387,Stage 1 — Basing,1029.85793169807,1194.9557175378152,False,690.6919781874805,0.5587372565584985,0.8683895534627506,214571892.50797424,1028.6300048828125,True,-3.3399985555995326,False,-17.344216382999576,False,False,True,True,False,False,False,False,1018.2869169108072,962.4835089111328,True,4.206020852943942,1,0.985942441090206,12.857017949876745,0.5930721650472054,False,1116.9000244140625,0.044426652161526,0.05083183799390338,False,13.080896082843196,66.0,True,True,3,False,True,True,True,False,True,True,False,5,False,False,3.0,Aditya Birla Sun Life AMC Ltd.,Financial Services,EQ,INE404A01024,WATCH,Stage 1 + RS 66; adequate RS in a basing stage remains WATCH.
CPPLUS,2026-09-28,3723.39990234375,0.046814737207119705,1.0400275445023222,1.4787663124143058,1.9689091846688647,0.9162665031999464,2964.538033263324,4.968627046072593,Stage 2 — Advancing,3591.0588235294117,4094.0,False,1226.4431802909007,0.6644575048035889,0.7519655461882939,972927093.6958618,3591.562001953125,False,25.597980547582356,True,-9.052274002351002,True,True,True,True,False,False,False,False,2927.792478841146,2566.499591674805,True,4.643604679405502,2,1.3812912252764002,20.59110893991207,1.5316704380982533,False,4094.0,0.1674781717882701,0.16849942638437868,False,9.953271401843523,98.0,True,True,5,True,True,True,True,True,True,True,True,8,True,False,,Aditya Infotech Ltd.,Capital Goods,EQ,INE819V01029,WAIT,"Stage 2 + RS 98; wait because price is more than 20% above the 30-week line (currently +26%) — the guide treats that as poor entry timing, not a failed trend."
AVL,2026-09-28,595.1500244140625,-0.09702216370459782,0.2191676986397335,0.1741644606539816,0.04259572166291603,0.04837671070948711,566.0253358605789,1.643605518182567,Stage 2 — Advancing,614.8384231866575,703.5025243881884,False,435.6227250181752,0.4121167913420451,0.9834128144026073,125904203.5362854,614.4162658691406,True,5.145474364535763,False,-15.401863705941388,True,False,True,True,False,False,False,False,563.8095810953776,546.2333181762696,True,3.0652545573417798,2,0.8268371034338368,13.954621156165953,0.5978703436518652,False,663.1384314334114,0.026769791223840825,0.029005649732506793,False,11.423742624607103,59.0,True,True,4,True,True,True,True,False,True,True,False,6,False,False,,Aditya Vision Ltd.,Consumer Services,EQ,INE679V01027,HOLD,Stage 2 + RS 59; trend/leadership is adequate without a stronger entry trigger.
ADVENZYMES,2026-09-28,283.1499938964844,-0.1836611677806621,0.06946843899773847,-0.03863535621824332,-0.11133864982797148,-0.0895655805219601,319.70530387146835,-0.2702063794485454,Stage 4 — Declining,302.93439259248623,417.20001286678644,False,250.86763242464252,0.6701481834098213,1.414154915574698,61040686.84455109,302.6394934082031,True,-11.434064287429013,False,-32.130876039331454,False,False,False,False,False,False,False,False,319.23540690104164,312.9523295593262,False,2.8631980263908194,1,0.5781393670316067,17.784256559766764,0.8739865533919774,False,343.0,0.012736059666809602,0.017335545982790617,False,21.137209038894046,31.0,True,False,0,False,True,False,False,False,False,False,False,1,False,False,,Advanced Enzyme Tech Ltd.,Healthcare,EQ,INE837H01020,SELL,Stage 4 takes precedence: the guide requires SELL regardless of RS.
AEGISLOG,2026-09-29,1299.800048828125,0.11295975603433717,1.1351731019365316,0.8347739496321047,0.7687142109418486,0.5929161549158319,996.7822485683727,4.723493997689343,Stage 2 — Advancing,1328.0215681487439,1528.699951171875,False,573.0465115667306,0.553922782965615,1.3122898852719935,1226371266.927478,1328.3119995117188,True,30.399598377174275,True,-14.97350099136716,True,False,True,True,False,False,False,False,990.8695495605468,920.2059872436523,True,5.109576703168979,1,1.2667041146180344,22.8102284496423,0.7826623834773261,False,1528.699951171875,0.058811820679069954,0.06500423005266591,False,17.61039342552124,94.0,True,True,4,True,True,True,True,False,True,True,True,7,False,False,,Aegis Logistics Ltd.,Oil Gas & Consumable Fuels,EQ,INE208C01025,WAIT,"Stage 2 + RS 94; wait because price is more than 20% above the 30-week line (currently +30%) — the guide treats that as poor entry timing, not a failed trend."
AEGISVOPAK,2026-09-29,294.25,0.2650416151099908,0.7130941050241071,0.1897525145316752,0.17204164292018276,0.3209942985391893,236.89779289401307,2.2407943596861823,Stage 2 — Advancing,286.9419597550934,320.95001220703125,False,157.88530940558778,0.569647645369328,2.7603106691646397,594124023.2062973,286.9117987060547,False,24.209684018308273,True,-8.319056298962902,True,True,True,True,False,False,False,False,236.81072540283202,235.04966941833496,True,5.0054613834070425,2,1.6417783025237476,19.52018134638662,1.4952556685608982,False,320.95001220703125,0.013313877200126691,0.013923853049969643,False,9.073920885991926,86.0,True,True,5,True,True,True,True,True,True,True,True,8,True,False,,Aegis Vopak Terminals Ltd.,Oil Gas & Consumable Fuels,EQ,INE0INX01018,WAIT,"Stage 2 + RS 86; wait because price is more than 20% above the 30-week line (currently +24%) — the guide treats that as poor entry timing, not a failed trend."
AEQUS,2026-09-29,271.6300048828125,,,,,,203.60333334994155,3.233788066554655,Stage 2 — Advancing,240.70745131548713,,False,,3.4990614598484124,2.8481697106958377,1073320496.2091888,240.7516003417969,False,33.41137417232294,True,,True,True,True,True,False,False,False,False,202.37679992675783,186.9154500579834,False,4.028062718283635,1,2.2347776563025663,22.113137349595117,1.4279862278132702,False,274.0,0.012290394320746233,,False,0.872508586895604,,True,False,4,True,True,False,True,True,False,False,False,4,False,False,,Aequs Ltd.,Capital Goods,EQ,INE947N01017,WAIT,"Stage 2 + RS unavailable; wait because price is more than 20% above the 30-week line (currently +33%) — the guide treats that as poor entry timing, not a failed trend."
AETHER,2026-09-29,1749.9000244140625,0.3037550946758898,0.49519379751169934,1.1009724734311312,1.330713975579596,0.7068780871748412,1328.3333362397693,3.546209790581445,Stage 2 — Advancing,1608.8862687653186,1798.0,True,728.0,1.6890678918034958,2.451103977838676,470711239.90059817,1612.0699951171875,False,31.73651346940214,True,-2.6751933028886232,True,True,True,True,False,False,True,True,1321.0393363444011,1228.4065023803712,True,3.429584480706193,3,1.0209630481460672,22.12458558554644,1.0135919213316769,False,1798.0,0.07917741389141046,0.07917741389141046,True,2.748727065252954,96.0,True,True,5,True,True,True,True,True,True,True,True,8,True,False,,Aether Industries Ltd.,Chemicals,EQ,INE0BWX01014,WAIT,"Stage 2 + RS 96; wait because price is more than 20% above the 30-week line (currently +32%) — the guide treats that as poor entry timing, not a failed trend."
AFCONS,2026-09-29,245.10000610351562,-0.2186088998629454,-0.12512446772041808,-0.359786275428697,-0.4492247631147288,-0.27427066119794696,296.22100082708863,-1.1768275629424396,Stage 4 — Declining,273.78431432387407,476.09320955207187,False,225.35000610351562,0.3172943768005492,1.8631300719699122,764671827.6114838,273.5010003662109,True,-17.257721289454953,False,-48.51848310667657,False,False,False,False,False,False,False,False,296.23533243815103,310.489358215332,False,6.283148422167255,2,2.505687917541799,26.005577036270576,1.138815167534767,False,304.54998779296875,0.011089996203950755,0.019899006397263275,False,24.25539788209756,4.0,True,False,0,False,False,False,False,False,False,False,False,0,False,False,,Afcons Infrastructure Ltd.,Construction,EQ,INE101I01011,SELL,Stage 4 takes precedence: the guide requires SELL regardless of RS.
AFFLE,2026-09-29,1501.0,0.07252590210789567,0.03796419704095344,-0.14657723542815182,-0.23273528470280502,-0.039259303774842415,1500.0156440994367,0.5135706146019547,Stage 2 — Advancing,1609.1333414713542,1994.300048828125,False,1251.300048828125,0.5148532176231927,3.223828206006726,592910492.000354,1610.7280078125,True,0.06562304229529303,False,-24.735498006831726,True,False,True,True,False,False,False,False,1497.217997233073,1539.570498046875,False,2.7081950016952985,3,0.4745942346271005,18.82507635155413,0.35575521005190447,True,1748.199951171875,0.06791547893760463,0.08569322548467583,False,16.469017399858423,43.0,True,False,3,False,False,False,True,False,False,True,False,2,False,False,,Affle 3i Ltd.,Information Technology,EQ,INE00WC01027,WAIT,Stage 2 + RS 43; wait because the close is below its 50-session average — short-term timing has weakened even though the 30-week trend is intact.
AHLUCONT,2026-09-28,572.4000244140625,-0.3242642976124376,-0.15987477046657028,-0.43094881264851337,-0.4103997633602592,-0.32995038834004364,767.7610147554581,-1.867920522385802,Stage 4 — Declining,700.436430089614,1076.649454434594,False,558.4254164589258,0.3637857169476609,0.6292351734929974,37999530.10165405,697.5715405273437,True,-25.445547063055894,False,-46.83506111888012,False,False,False,False,True,False,False,False,767.9014876302083,801.3650543212891,False,3.1806979470282046,1,1.064933517989309,34.37793967904741,0.749827818713001,False,850.9720873250685,0.025746498397898384,0.04417394142965601,False,48.667374393662264,2.0,False,False,0,False,False,False,False,False,False,False,False,0,False,False,,Ahluwalia Contracts (India) Ltd.,Construction,EQ,INE758C01029,SELL,Stage 4 takes precedence: the guide requires SELL regardless of RS.
AJANTPHARM,2026-09-28,3525.199951171875,0.11856812746602796,0.2669589077732133,0.32663100372046405,0.45927242441413973,0.2579997181679746,3187.4245806132276,1.287329936708037,Stage 2 — Advancing,3520.8466557521447,3796.0,False,2283.1397649802702,1.0854628738084866,0.5611947374418075,270606547.47476804,3522.5134033203126,False,10.597125108875915,False,-7.133826365335216,True,True,True,True,True,True,False,False,3181.323162434896,3074.991036376953,True,1.9413282869187236,3,0.5556416616597523,13.82943868910194,1.0706771753482336,False,3796.0,0.1585631569251351,0.1585631569251351,True,7.681835146346905,82.0,True,True,5,True,True,True,True,True,True,True,True,8,True,True,,Ajanta Pharmaceuticals Ltd.,Healthcare,EQ,INE031B01049,REDUCE,Stage 2 + RS 82; distribution warning (U/D 0.56) triggers REDUCE.
AKUMS,2026-09-28,799.9500122070312,0.3189998998651955,0.6943872436232692,0.8004763169584181,0.7994684816248732,0.5864663683873903,616.3311853869208,3.6805520879504616,Stage 2 — Advancing,741.3921532724418,838.7999877929688,False,407.37371334346585,0.45021477348663075,1.4940414330001912,254635095.77754515,742.6889965820312,False,29.792233651918522,True,-4.63161375194564,True,True,True,True,False,False,False,False,611.7592864990235,569.6879710388183,True,3.4046763720882,1,1.4041623997814094,22.07916248238454,0.8302108775549479,False,838.7999877929688,0.03598167510347355,0.03625765867201844,False,4.856550408537652,94.0,True,True,5,True,True,True,True,True,True,True,True,8,True,False,,Akums Drugs and Pharmaceuticals Ltd.,Healthcare,EQ,INE09XN01023,WAIT,"Stage 2 + RS 94; wait because price is more than 20% above the 30-week line (currently +30%) — the guide treats that as poor entry timing, not a failed trend."
APLLTD,2026-09-29,861.5,0.11143810311461055,0.2980666601555566,0.04029122932776552,-0.02163846467254371,0.10791912620799991,767.4030699437978,0.9080310486683452,Stage 2 — Advancing,822.2766209022672,983.3745824758901,False,626.4825498908483,3.1682968645296294,3.108524444704001,182442440.96828613,822.2944763183593,False,12.261734900681788,False,-12.393505450287368,True,True,True,True,False,False,False,False,766.3799584960938,772.5987057495117,False,2.8480220459733334,2,1.0943047329164532,10.820585846318163,2.628744426281834,False,870.0,0.03898013664540066,0.04004071456476142,False,0.9866511897852481,66.0,True,True,5,True,False,False,True,True,True,True,False,5,False,False,,Alembic Pharmaceuticals Ltd.,Healthcare,EQ,INE901L01018,HOLD,Stage 2 + RS 66; trend/leadership is adequate without a stronger entry trigger.
ALIVUS,2026-09-28,1345.5,0.21835501663553258,0.37673630139488656,0.4884291730786994,0.43771609677065704,0.34791832090306163,1141.2654402223352,2.9513952934124843,Stage 2 — Advancing,1320.3446260340074,1488.4866814641196,False,816.0868402393627,0.5143557284019207,0.9076002093865624,209734373.21764526,1324.1860693359374,False,17.89544768287008,False,-9.606178089781336,True,True,True,True,False,False,False,False,1134.8991153971353,1076.8612106323242,True,3.2202578732597416,2,0.7592570059932644,27.292819760023697,0.7423709380651793,False,1488.4866814641196,0.06052046142002437,0.0626429748796899,False,10.627029465932324,87.0,True,True,5,True,True,True,True,True,True,True,True,8,True,False,,Alivus Life Sciences Ltd.,Healthcare,EQ,INE03Q201024,HOLD,Stage 2 + RS 87; trend/leadership is adequate without a stronger entry trigger.
ALKEM,2026-09-28,5175.0,-0.0443757032450417,-0.02998183870171478,-0.055816611191972676,-0.03809047017612133,-0.04252806531197844,5422.250528413955,-0.23453835065526674,Stage 4 — Declining,5412.478084788603,5875.534417311879,False,5051.0,0.7915885563723369,0.982972670545613,736893734.725,5407.8596484375,True,-4.5599244652806075,False,-11.922905518990756,False,False,False,False,False,False,False,False,5427.469059244791,5468.365576171875,False,2.3926846100759143,1,0.9453131000881635,13.9814754732827,1.371617195617733,False,5871.990978444605,0.23277100546163218,0.2576734274233371,False,13.468424704243587,42.0,True,False,0,False,False,False,False,False,False,True,False,1,False,False,,Alkem Laboratories Ltd.,Healthcare,EQ,INE540L01014,SELL,Stage 4 takes precedence: the guide requires SELL regardless of RS.
ALKYLAMINE,2026-09-28,1799.800048828125,0.006205678961962224,0.400355750543798,0.1446748878923767,-0.08133193007213224,0.09522201325759339,1707.3541326653467,1.381325289643387,Stage 2 — Advancing,1907.5882424747242,2115.0,False,1205.1967651271746,0.333338377687216,0.6614409547775496,109009745.0758911,1909.1200073242187,True,5.414571845060712,False,-14.903070977393618,True,False,True,True,True,False,False,False,1701.3495743815104,1667.5753240966797,True,3.0269233505310753,1,1.3686100314449412,17.73049645390071,0.2929657765706845,False,2115.0,0.08095483420205167,0.08869571831597763,False,17.513053818234205,64.0,True,True,4,True,True,True,True,False,True,True,False,6,False,False,,Alkyl Amines Chemicals Ltd.,Chemicals,EQ,INE150B01039,REDUCE,Stage 2 + RS 64; distribution warning (U/D 0.66) triggers REDUCE.
ABDL,2026-09-28,723.4500122070312,0.16254222464763068,0.8378394596044128,0.1893312625820167,0.41582092315594266,0.35361521892752673,572.079022848195,2.0963393094108884,Stage 2 — Advancing,625.5098063151041,753.7999877929688,False,378.81990505354565,2.98784151444759,6.789729910358399,731418289.2138764,625.4930029296875,False,26.459804207679106,True,-4.026263740703739,True,True,True,True,False,False,False,False,569.2081317138671,559.2273667907715,True,3.795799943920189,2,1.6748982286058012,23.056512418079652,5.265929605399037,False,753.7999877929688,0.032540712414040725,0.032540712414040725,True,4.195172447830742,87.0,True,True,5,True,True,True,True,True,True,True,True,8,True,False,,Allied Blenders and Distillers Ltd.,Fast Moving Consumer Goods,EQ,INE552Z01027,WAIT,"Stage 2 + RS 87; wait because price is more than 20% above the 30-week line (currently +26%) — the guide treats that as poor entry timing, not a failed trend."
ALOKINDS,2026-09-28,7.21999979019165,-0.43725644324820134,-0.39378674368661193,-0.5565110881036867,-0.5841014091965844,-0.4817824254966571,11.969041089489036,-4.06210367551374,Stage 4 — Declining,9.95156863156487,18.450000762939453,False,6.980000019073486,0.6579557125225312,0.9062733010522586,244341769.3517626,9.906199998855591,True,-39.67770904778575,False,-60.86721142746793,False,False,False,False,False,False,False,False,12.035533329645792,12.931700031757355,False,3.858329770341953,2,2.1054953406666144,43.755035415821986,1.3342579685742975,False,12.40999984741211,0.00032475490059819976,0.0007738506363811857,False,71.88365939111327,1.0,True,False,0,False,False,False,False,False,False,False,False,0,False,False,,Alok Industries Ltd.,Textiles,EQ,INE270A01029,SELL,Stage 4 takes precedence: the guide requires SELL regardless of RS.
ARE&M,2026-09-29,766.2999877929688,-0.06257392322131983,0.09860663557039695,-0.14893765141788828,-0.21867116348185134,-0.07883000515439648,840.4305187406994,-0.44539975063783155,Stage 4 — Declining,875.5424314012714,1017.2999877929688,False,666.0087356197063,0.4024465299180957,0.4090035093029105,327167709.3985535,875.061103515625,True,-8.82054248325106,False,-24.67315472445294,False,False,True,False,True,True,False,False,840.4990999348959,849.7019332885742,False,2.155068099867722,2,0.6574992998726698,24.899242193298637,0.4691316836901157,False,1017.2999877929688,0.03467263869476353,0.043030462677147975,False,32.75479629366935,34.0,True,False,1,False,False,False,True,False,False,True,False,2,False,False,,Amara Raja Energy & Mobility Ltd.,Automobile and Auto Components,EQ,INE885A01032,SELL,Stage 4 takes precedence: the guide requires SELL regardless of RS.
AMBER,2026-09-28,6990.0,-0.08734821778300039,0.05877006967585574,0.05081178592904401,-0.14364471669218992,-0.04175185933065819,7456.630136986301,-0.7634158369361987,Stage 4 — Declining,7304.803921568628,8974.0,False,5400.5,0.549010015295863,0.47318596781449884,758142919.8,7293.72,True,-6.2579225255082305,False,-22.10831290394473,False,False,False,False,True,True,False,False,7470.39,7252.57,True,2.1970161455139996,4,0.7215535807142506,13.292264702146579,0.3901107209550434,False,7873.0,0.31440953201484234,0.3817543461194995,False,12.632331902718175,43.0,True,False,0,False,True,True,False,False,False,True,False,3,False,False,,Amber Enterprises India Ltd.,Consumer Durables,EQ,INE371P01015,SELL,Stage 4 takes precedence: the guide requires SELL regardless of RS.
AMBUJACEM,2026-09-29,365.75,-0.13789039481437837,-0.10098956516246949,-0.3342502631914581,-0.34615245707509557,-0.21143461501155597,426.2838713976802,-1.884072426519423,Stage 4 — Declining,410.08039167815565,585.8501015513514,False,365.75,0.8493294800355733,0.5366729879769929,449400371.3842041,409.4649993896484,True,-14.20036634255114,False,-37.56935451039757,False,False,False,False,True,True,False,False,427.86582926432294,454.94934341430667,False,2.0710883574983523,1,1.1737349251714329,18.812430632630413,0.6056680348503506,False,450.5,0.016549024930998597,0.024946785223085605,False,23.171565276828442,8.0,True,False,0,False,False,False,False,False,False,False,False,0,False,False,,Ambuja Cements Ltd.,Construction Materials,EQ,INE079A01024,SELL,Stage 4 takes precedence: the guide requires SELL regardless of RS.
ANANDRATHI,2026-09-29,2100.60009765625,0.05626798875236849,0.38806371659943784,0.36594811464234445,0.49996330309775905,0.2733022223688557,1908.9168377311862,2.264607006211361,Stage 2 — Advancing,2150.7666518267465,2268.39990234375,False,1351.1991966764108,5.766083438504404,0.9510067317687645,705800383.1829712,2151.957985839844,True,10.041467293718576,False,-7.397276137868214,True,False,True,True,False,False,False,False,1901.3614241536459,1803.7066235351563,True,2.6312193950475797,1,2.069445807072762,11.739549383804276,1.890880219807461,False,2268.39990234375,0.09504547747415275,0.09791407558902339,False,7.9881841800694575,83.0,True,True,4,True,True,True,True,False,True,True,True,7,False,False,,Anand Rathi Wealth Ltd.,Financial Services,EQ,INE463V01026,WAIT,Stage 2 + RS 83; wait because the close is below its 50-session average — short-term timing has weakened even though the 30-week trend is intact.
ANANTRAJ,2026-09-29,602.2999877929688,0.17428641399650058,0.37957850931700454,0.12638098363462547,-0.13710988281564584,0.14348448762579707,544.8575755009035,0.8224474976270324,Stage 2 — Advancing,612.4479585535386,742.4300925158334,False,402.3389018697037,0.47667442188820336,1.7530056802192502,1798133143.7276337,612.5398937988281,True,10.54264726690397,False,-18.87451844092327,True,False,True,True,False,False,False,False,544.6312239583333,545.0320338439941,True,2.785750209611561,2,0.8931780280588839,11.964564624662943,0.6024534822437476,False,649.0,0.027252159983393004,0.0316419246218884,False,7.753613341111953,71.0,True,True,4,True,False,True,True,False,True,True,True,6,False,False,,Anant Raj Ltd.,Realty,EQ,INE242C01024,HOLD,Stage 2 + RS 71; trend/leadership is adequate without a stronger entry trigger.
ANGELONE,2026-09-29,273.5,-0.16548792389648193,0.16608928511250776,0.15666566643112723,0.31196557580041073,0.06074893591021638,299.7161364912176,0.9062190574461226,Stage 1 — Basing,295.51862649356616,359.3387168134344,False,206.12108714450565,0.8258860870518215,1.6195397537062772,1499083169.9213881,294.9909991455078,True,-8.746988666719913,False,-23.887967757730134,False,False,False,True,False,False,False,False,298.52970021565756,286.40709564208987,True,2.797075910710205,2,0.8998386642547774,15.325077399380804,0.4913344724086626,False,323.0,0.012375005655852676,0.01534267578363301,False,18.098720292504566,60.0,True,True,2,False,True,True,False,False,True,True,False,4,False,False,3.0,Angel One Ltd.,Financial Services,EQ,INE732I01021,WATCH,Stage 1 + RS 60; adequate RS in a basing stage remains WATCH.
ANTHEM,2026-09-29,869.75,0.12225806451612908,0.2796501100410531,0.3590237754085277,0.1386271752497812,0.20436343794632406,785.0476954453657,1.6910806019692304,Stage 2 — Advancing,876.5068646599265,977.5499877929688,False,577.6439689831894,0.8066816448669218,1.455162264172439,836461392.185791,878.2060021972657,True,10.789446940110036,False,-11.027567811273842,True,False,True,True,False,False,False,False,783.3691817220052,749.093649597168,True,2.999219407644849,3,0.8087625123664955,25.11891881328249,1.2406337750732357,False,977.5499877929688,0.03935342292203973,0.041946484514774965,False,12.394364793672752,77.0,True,True,4,True,True,True,True,False,True,True,True,7,False,False,,Anthem Biosciences Ltd.,Healthcare,EQ,INE0CZ201020,HOLD,Stage 2 + RS 77; trend/leadership is adequate without a stronger entry trigger.
ANURAS,2026-09-28,1187.0999755859375,-0.0678306031734347,-0.03662733286469322,-0.1000838866008622,0.08006287088999375,-0.03846191098448622,1267.8506701239223,-0.4758670496809225,Stage 4 — Declining,1221.0627537147673,1413.2033352966978,False,1043.872746633716,0.49480510595241045,0.2899824906217297,682543991.0837281,1220.1582080078124,True,-6.369101380850484,False,-15.999350840994907,False,False,False,False,True,True,False,False,1267.6188785807292,1275.4957415771485,True,2.9166527566123572,2,1.5128096412032093,12.410698075093437,3.135089430819499,False,1272.282421717602,0.053395643459056556,0.061368037425888325,False,7.175675838896334,43.0,True,False,0,False,False,True,False,False,False,True,False,2,False,False,,Anupam Rasayan India Ltd.,Chemicals,EQ,INE930P01018,SELL,Stage 4 takes precedence: the guide requires SELL regardless of RS.
APARINDS,2026-09-29,17803.0,0.11752839509623847,0.6840883919819374,1.0864011250604282,1.1377060868015327,0.6286504788072751,13928.977319834185,3.6402811449807837,Stage 2 — Advancing,16558.19776348039,19265.0,False,6777.469795325622,1.2856697616937423,1.077587060861118,2309156360.6179686,16613.49947265625,False,27.81268567829023,True,-7.58889177264469,True,True,True,True,False,False,False,False,13866.756608072918,12548.847282714843,True,4.667383429057191,2,1.0984712632990379,31.29485381965049,1.0510501623813453,False,19265.0,0.8055291615763993,0.828738316519351,False,8.212099084423974,95.0,True,True,5,True,True,True,True,True,True,True,True,8,True,False,,Apar Industries Ltd.,Capital Goods,EQ,INE372A01015,WAIT,"Stage 2 + RS 95; wait because price is more than 20% above the 30-week line (currently +28%) — the guide treats that as poor entry timing, not a failed trend."
APOLLOHOSP,2026-09-29,8659.0,0.001626787718379763,0.1483746509199524,0.22529313435368592,0.1661189068792579,0.10860805351793115,8321.078942123724,0.9163918278196403,Stage 2 — Advancing,8830.51535692402,9070.5,False,6679.845437739152,1.9021762887563618,0.6484331794119437,2691036552.35,8828.80326171875,True,4.061024540527081,False,-4.536684857505103,True,False,True,True,True,False,False,False,8310.339462890624,8026.078422851562,True,1.7644729678451816,1,1.3585091831446319,6.315991713057943,1.117197143865991,False,9070.5,0.39179222659608165,0.3985219533120891,False,4.752280863841096,67.0,True,True,4,True,True,True,True,False,False,True,False,5,False,False,,Apollo Hospitals Enterprise Ltd.,Healthcare,EQ,INE437A01024,REDUCE,Stage 2 + RS 67; distribution warning (U/D 0.65) triggers REDUCE.
APOLLO,2026-09-29,402.6000061035156,-0.010567083550490297,1.1259570708828708,0.5340731439692228,0.22112035902375893,0.37200328135497446,346.70157670001595,2.9459702873471105,Stage 2 — Advancing,392.9325824812347,466.21327810672074,False,179.38966604060064,0.9567787742797412,1.7371999835511334,3160602187.127669,392.98503540039064,False,16.12292333238099,False,-13.644671868106562,True,True,True,True,False,False,False,False,344.59890716552735,319.7794606781006,True,4.54074410797832,2,1.6121792876462142,15.550887872464036,1.3511591937636658,False,427.6869882771289,0.01821637057615111,0.019392099958259627,False,6.231242372898271,88.0,True,True,5,True,True,True,True,True,True,True,True,8,True,False,,Apollo Micro Systems Ltd.,Capital Goods,EQ,INE713T01028,HOLD,Stage 2 + RS 88; trend/leadership is adequate without a stronger entry trigger.
APOLLOTYRE,2026-09-28,389.6000061035156,-0.09014726793590555,-0.04999862333879779,-0.2199337447847054,-0.17783393233507505,-0.12561216726607788,419.2382722619462,-0.9157234033112971,Stage 4 — Declining,427.49706013997394,533.7087547028075,False,363.2227809620478,0.5874234839525886,0.8200209040664014,259376657.62742463,427.47300109863284,True,-7.069551641485661,False,-27.001383681543313,False,False,True,False,False,False,False,False,420.20843505859375,438.98960037231444,False,2.6235694731614454,2,1.739204304521077,16.923407603003522,1.2330880026897042,False,467.3999938964844,0.017524171043202582,0.022283213883416485,False,19.96919573258362,24.0,True,False,1,False,False,False,False,False,False,False,False,0,False,False,,Apollo Tyres Ltd.,Automobile and Auto Components,EQ,INE438A01022,SELL,Stage 4 takes precedence: the guide requires SELL regardless of RS.
APTUS,2026-09-29,233.33999633789062,-0.1265581071721622,0.190830118197842,-0.1531018821730371,-0.2557098036413745,-0.0942195563921788,254.08107025769291,-0.08743169153102581,Stage 4 — Declining,257.19686321183747,326.69252082124143,False,191.24135126964168,3.0648706136882047,0.6136914982596887,409803212.79098433,256.31980072021486,True,-8.163171659646418,False,-28.575041830979398,False,False,True,False,True,False,False,False,253.8672545369466,257.2467402648926,False,3.312763048951569,2,0.5590542714717779,23.146178793669538,2.112289845336735,False,301.0,0.010557893142296304,0.013936956189480366,False,28.99631641552507,30.0,True,False,1,False,False,False,False,False,False,False,False,0,False,False,,Aptus Value Housing Finance India Ltd.,Financial Services,EQ,INE852O01025,SELL,Stage 4 takes precedence: the guide requires SELL regardless of RS.
ACI,2026-09-28,482.75,-0.07607655502392341,-0.20277653212282887,-0.08259734282527564,-0.2999989114168564,-0.14750517928256157,541.3426099803349,-1.2551323979300366,Stage 4 — Declining,507.04901960784315,700.9383640503645,False,446.0,0.5018000462855327,2.486015553943505,200640353.43366852,505.85199951171876,True,-10.82357252137669,False,-31.12803853245605,False,False,False,False,False,False,False,False,542.413876953125,542.7762814331055,False,3.0443154699290704,2,0.7040516109991628,26.189491104675216,0.6785405820253173,False,604.25,0.021714048866976414,0.030177516003415505,False,25.168306576903166,19.0,True,False,0,False,False,False,False,False,False,False,False,0,False,False,,Archean Chemical Industries Ltd.,Chemicals,EQ,INE128X01021,SELL,Stage 4 takes precedence: the guide requires SELL regardless of RS.
ARVINDFASN,2026-09-29,410.1499938964844,-0.11497010081065762,0.07617497238456061,-0.19730247710619786,-0.20574464584535468,-0.11136247043766144,445.93233667661065,-0.5116912022008591,Stage 4 — Declining,443.85439147949216,567.0187417779242,False,364.92489307412075,1.5106416698233858,0.8122185863357374,88799407.15786591,443.85439147949216,True,-8.02416416956897,False,-27.665531370192042,False,False,False,False,False,False,False,False,445.7379355875651,454.3599487304688,False,3.192212274921498,2,1.2362235518382771,18.554727421985593,0.7190271193733349,False,479.5244406836144,0.018557983525473252,0.02333158427919094,False,16.914408830794493,27.0,True,False,0,False,False,False,False,False,False,False,False,0,False,False,,Arvind Fashions Ltd.,Consumer Services,EQ,INE955V01021,SELL,Stage 4 takes precedence: the guide requires SELL regardless of RS.
ARVIND,2026-09-28,543.5999755859375,0.0012768994300607073,0.5626659643771108,0.7647304054781026,0.7898050541864476,0.4239510445803565,475.8428250665534,2.7199641330469815,Stage 2 — Advancing,542.643913119447,607.1500244140625,False,275.6944407527197,0.3345591970743859,0.7537097679965057,360367737.08775026,542.9660382080078,False,14.239397328289494,False,-10.466943304408948,True,True,True,True,False,False,False,False,472.5419101969401,435.68867248535156,True,4.083888440715295,0,1.8707832626224614,17.49280623597661,1.0727166111529471,False,607.1500244140625,0.024451074953827513,0.025328286862673504,False,11.690590817195211,90.0,True,True,5,True,True,True,True,True,True,True,True,8,True,False,,Arvind Ltd.,Textiles,EQ,INE034A01011,HOLD,Stage 2 + RS 90; trend/leadership is adequate without a stronger entry trigger.
ASAHIINDIA,2026-09-28,933.5499877929688,0.04067915390506016,0.1448617392639293,-0.06030488564223424,0.031726608232695463,0.039528353932902174,882.4123698195366,0.15880916717225801,Stage 2 — Advancing,931.5648133520987,1071.7996569938532,False,773.5120327669628,0.6707352354501462,0.8979432343271138,130830009.30503845,932.4355712890625,False,5.7952063822371835,False,-12.898834992039687,True,True,True,True,False,False,False,False,883.5274430338542,905.1337686157226,False,2.660174934711071,1,1.602563578847264,13.494171018454647,0.700093847809656,False,995.0,0.04199098923811861,0.0446731610137975,False,6.5824019078300156,57.0,True,True,5,True,False,False,True,True,False,True,False,4,False,False,,Asahi India Glass Ltd.,Automobile and Auto Components,EQ,INE439A01020,HOLD,Stage 2 + RS 57; trend/leadership is adequate without a stronger entry trigger.
ASHAPURMIN,2026-09-29,518.7999877929688,-0.22512191084145006,0.06909629366525394,-0.4161592071212482,-0.22228670620125235,-0.20391868826802936,611.433071006723,-0.22727215503841602,Stage 4 — Declining,599.8048149557675,921.4245512973316,False,453.38988582073415,0.9627537129548696,1.207180080201171,164932928.10523072,598.1185186767578,True,-15.150159127185281,False,-43.695879704690135,False,False,False,False,False,False,False,False,609.9505440266927,641.4486956787109,False,3.376504636496141,1,1.1395360723258143,33.58913997953516,0.6454587141421808,False,749.1244652556719,0.023474050395591545,0.03752194287368451,False,44.39562121859879,9.0,True,False,0,False,False,False,False,False,False,False,False,0,False,False,,Ashapura Minechem Ltd.,Metals & Mining,EQ,INE348A01023,SELL,Stage 4 takes precedence: the guide requires SELL regardless of RS.
ASHOKLEY,2026-09-29,153.44000244140625,-0.0249110202957602,-0.0431201162661351,-0.10783478007821645,0.10318711489055832,-0.019517964409062727,163.3099103655134,-1.7597241915843775,Stage 4 — Declining,166.7796080346201,211.80679384961218,False,131.07000684605995,0.9658382866953904,0.37526868279652137,1788434890.847496,167.03640014648437,True,-6.043667467587688,False,-27.556619099596837,False,False,True,False,True,True,False,False,164.20361511230467,169.97329910278322,True,2.541710358388899,2,0.426994302411259,19.217296768920043,0.6375753285268773,False,182.6999969482422,0.006942672387738394,0.008999157469214435,False,19.06933918227054,47.0,True,False,1,False,False,True,False,False,False,False,False,1,False,False,,Ashok Leyland Ltd.,Capital Goods,EQ,INE208A01029,SELL,Stage 4 takes precedence: the guide requires SELL regardless of RS.
ASHOKA,2026-09-29,108.52999877929688,-0.17892264493079868,-0.0066813412288184715,-0.3540650159530717,-0.42117333984375005,-0.2279529973774475,122.45040852034172,-1.5899531123121924,Stage 4 — Declining,115.84666727103439,214.5,False,101.0,0.21543543575835086,0.3052221794843041,75070917.17654724,115.6758006286621,True,-11.368201959679347,False,-49.403263972355774,False,False,False,False,True,True,False,False,122.71160044352213,131.35710037231445,False,2.66746516665323,2,1.8357976153043147,16.86046511627907,0.204417942073583,False,129.0,0.004910637472480742,0.008886341152521541,False,18.861145720945103,7.0,True,False,0,False,False,False,False,False,False,False,False,0,False,False,,Ashoka Buildcon Ltd.,Construction,EQ,INE442H01029,SELL,Stage 4 takes precedence: the guide requires SELL regardless of RS.
ASIANPAINT,2026-09-29,2415.0,-0.09104592240391185,0.10353924773149958,-0.12230572914175786,0.04147280871819081,-0.031877103499978236,2533.682266754358,0.07085361199341556,Stage 1 — Basing,2602.7745145909926,2960.0187763517797,False,2096.8080953222207,1.236655869199211,0.623427695257639,1244848713.8153198,2600.9820068359377,True,-4.68418113477147,False,-18.412679700076595,False,False,True,True,True,False,False,False,2530.513138020833,2550.480928955078,False,1.6560193625683968,3,0.43250706026908625,16.864525139664803,0.739300509635629,False,2864.0,0.10927107370707208,0.1234889690980411,False,18.592132505175975,45.0,True,False,2,False,False,False,True,False,False,True,False,2,False,False,3.0,Asian Paints Ltd.,Consumer Durables,EQ,INE021A01026,AVOID,Stage 1 + RS 45; weak RS in a basing stage is AVOID.
ASTERDM,2026-09-29,733.9500122070312,-0.04146532518457813,0.10354020113461027,0.20648909542893046,0.18258587907312296,0.08193690505350149,749.0823779462957,0.9753135828666215,Stage 1 — Basing,787.8852969898898,891.2999877929688,False,516.8361420654307,1.4589467289667368,0.5971656176085064,908515218.1962525,787.3740026855469,True,-2.0201203745777163,False,-17.65398605867442,False,False,True,True,True,True,False,False,747.0217997233073,708.3723672485352,True,2.7332544352491985,1,0.9514552888028358,19.387410541859758,0.4644586703206749,False,891.2999877929688,0.033208905126783005,0.036797208555845576,False,21.438786425355705,62.0,True,True,3,False,True,True,True,False,True,True,False,5,False,False,3.0,Aster DM Quality Care Ltd.,Healthcare,EQ,INE914M01019,WATCH,Stage 1 + RS 62; adequate RS in a basing stage remains WATCH.
ASTRAMICRO,2026-09-29,1652.5999755859375,-0.041891565961511223,0.8823256158964559,0.6886289731463431,0.6602536191161024,0.4294850152471758,1425.0666167590082,3.1652817016520673,Stage 2 — Advancing,1705.0175709443934,1957.2277658555508,False,849.7963206864241,1.5191447679429844,1.0256449214633114,525551178.06655276,1704.2253442382812,True,15.96650683912606,False,-15.564248350853195,True,False,True,True,False,False,False,False,1415.972129313151,1296.2405331420898,True,3.0698226688383947,3,0.5400800294640838,21.465452186959215,0.5642649320332103,True,1957.2277658555508,0.07477489595882257,0.07930745093589203,False,18.433244267815386,90.0,True,True,4,True,True,True,True,False,True,True,True,7,False,False,,Astra Microwave Products Ltd.,Capital Goods,EQ,INE386C01029,WAIT,Stage 2 + RS 90; wait because the close is below its 50-session average — short-term timing has weakened even though the 30-week trend is intact.
ASTRAL,2026-09-28,1370.5,-0.07683399419992032,-0.15221072703600236,-0.012478055455893644,0.00012346613811997642,-0.06364666095072333,1509.5731811523438,-1.1484956610255836,Stage 4 — Declining,1462.8272729013481,1765.9224658214252,False,1309.540253350694,0.23955565794124836,0.7188768789101916,866265104.2751954,1464.2056665039063,True,-9.21274853638968,False,-22.39183619182811,False,False,False,False,False,False,False,False,1513.9097615559897,1503.3471575927733,False,2.149372734061474,2,0.6396675399014551,15.179301667190936,0.5097077179250302,False,1597.4874371859296,0.06164495903095013,0.07910053295075928,False,16.562381407218506,38.0,True,False,0,False,True,False,False,False,False,True,False,2,False,False,,Astral Ltd.,Capital Goods,EQ,INE006I01046,SELL,Stage 4 takes precedence: the guide requires SELL regardless of RS.
ATHERENERG,2026-09-28,1454.9000244140625,0.4567209255710263,0.8269605939820339,1.0492992455781431,1.694758211935668,0.8968919805275796,1121.8972598559235,5.318962273486649,Stage 2 — Advancing,1479.9901960784314,1744.0,False,542.5,0.6681492253385917,0.5232702627879837,6571344040.833728,1483.6560009765626,True,29.682108734350955,True,-16.57683346249642,True,False,True,True,True,True,False,False,1110.7556660970051,1003.1047491455079,True,4.019422943031127,1,1.339412882728204,31.8750013998889,0.6942599716140216,False,1744.0,0.06544126406357768,0.07393347643758856,False,19.87077948550917,98.0,True,True,4,True,True,True,True,False,True,True,True,7,False,False,,Ather Energy Ltd.,Automobile and Auto Components,EQ,INE0LEZ01016,REDUCE,Stage 2 + RS 98; distribution warning (U/D 0.52) triggers REDUCE.
ATLANTAELE,2026-09-29,1634.199951171875,-0.08632451443676314,0.31933953817578575,0.7948379474704832,0.9848181206404916,0.38526931548264687,1611.2260319957995,2.970347613326596,Stage 2 — Advancing,1692.1411850873162,2152.60009765625,False,707.5999755859375,1.0730350121995458,0.825201617525426,181011495.25044554,1692.8860083007812,True,1.4258656898447741,False,-24.082510590276797,True,False,True,True,False,False,False,False,1592.1643371582031,1408.005252380371,True,4.178105045351821,2,0.8718044430155556,23.74872318692543,0.7039823039435938,False,1958.0,0.0739423533402052,0.09563200125846202,False,19.813979837407892,88.0,True,True,4,True,True,True,True,False,True,True,True,7,False,False,,Atlanta Electricals Ltd.,Capital Goods,EQ,INE0Z4F01028,WAIT,Stage 2 + RS 88; wait because the close is below its 50-session average — short-term timing has weakened even though the 30-week trend is intact.
ATUL,2026-09-29,5982.5,-0.09026263311473537,-0.03653855438948783,-0.02283631693218635,-0.0027370651957420167,-0.048527440549377396,6503.481624681122,-0.4701230360157127,Stage 4 — Declining,6453.813725490196,7144.769440445724,False,5533.215936920114,0.6084170512315438,0.7686836058476806,164960199.025,6459.06,True,-8.01081105086796,False,-16.26741702631088,False,False,False,False,False,False,False,False,6504.382845052083,6415.4971997070315,True,2.1198734403916184,3,0.3824567518515151,15.213358070500927,0.5347042243936189,False,7007.0,0.2706891090900864,0.3135730749156398,False,17.12494776431257,40.0,True,False,0,False,True,True,False,False,False,True,False,3,False,False,,Atul Ltd.,Chemicals,EQ,INE100A01010,SELL,Stage 4 takes precedence: the guide requires SELL regardless of RS.
AURIONPRO,2026-09-29,634.2000122070312,-0.2685699728538231,-0.1677985756503828,-0.4034966408724432,-0.45171310418774047,-0.3120296532836425,791.7567126215721,-1.965352676970178,Stage 4 — Declining,711.4196717505362,1235.2944216929336,False,632.0499877929688,0.6281627505433091,0.6897804409966979,87845774.20871583,708.9617797851563,True,-19.899635570231865,False,-48.66001164824502,False,False,False,False,True,False,False,False,793.5238562011718,846.9457598876953,False,3.617666814719541,1,0.7209924366439108,25.52922392085661,0.6235627123518284,False,848.7221713941335,0.028695534691056117,0.051597677012938416,False,33.82563151340221,2.0,True,False,0,False,False,False,False,False,False,False,False,0,False,False,,Aurionpro Solution Ltd.,Information Technology,EQ,INE132H01018,SELL,Stage 4 takes precedence: the guide requires SELL regardless of RS.
AUROPHARMA,2026-09-28,1697.5,0.09149951986617477,0.2916603736640955,0.4073122771649973,0.5573394495412844,0.2878622280205454,1499.3883575021405,2.4134043519106863,Stage 2 — Advancing,1637.1725523705577,1740.0,True,1066.800048828125,0.7400803138906612,0.7745459886242135,1195379313.1901245,1638.72400390625,False,13.212830518965578,False,-2.442528735632188,True,True,True,True,False,False,False,False,1491.5180013020833,1414.0284985351564,True,2.0206188648945402,2,1.1228503253362405,13.10344827586207,0.880033394108626,False,1740.0,0.07635338778185906,0.07635338778185906,True,2.503681885125175,84.0,True,True,5,True,True,True,True,True,True,True,True,8,True,False,,Aurobindo Pharma Ltd.,Healthcare,EQ,INE406A01037,HOLD,Stage 2 + RS 84; trend/leadership is adequate without a stronger entry trigger.
AIIL,2026-09-28,548.25,0.058397683397683364,0.12831859824389835,-0.049266421231928814,-0.07561958764477972,0.024045591232511314,507.95924837295325,0.670985588605677,Stage 2 — Advancing,548.9578450520834,683.0,False,400.0,0.20403498140006665,2.8329433284915657,290006511.78540957,548.8980017089843,True,7.93188661415305,False,-19.72913616398243,True,False,True,True,False,False,False,False,507.48766845703125,520.4748008728027,True,3.5176845538360695,2,1.042519151298364,17.228897499406674,0.40487311633080925,False,607.7000122070312,0.024660232607601903,0.028474190345205756,False,10.843595477798672,54.0,True,True,4,True,False,True,True,False,True,True,False,5,False,False,,Authum Investment & Infrastructure Ltd.,Financial Services,EQ,INE206F01022,HOLD,Stage 2 + RS 54; trend/leadership is adequate without a stronger entry trigger.
AVALON,2026-09-29,2302.0,0.28985267158687034,1.390198378521911,1.6792364610038137,1.2778547947869479,0.9853989954972826,1598.1935437260843,5.837463049586855,Stage 2 — Advancing,2099.9372702205883,2618.0,False,777.2999877929688,0.3674243710983535,1.886780780205286,1601770696.519629,2107.076015625,False,44.037623542955686,True,-12.07028265851795,True,True,True,True,False,False,False,False,1586.4443395996093,1421.104755859375,True,6.072049604332801,2,2.0447595373958687,37.76164918204498,1.8047201311582577,False,2618.0,0.10415818288765215,0.11110502436986301,False,13.727193744569943,98.0,True,True,5,True,True,True,True,True,True,True,True,8,True,False,,Avalon Technologies Ltd.,Capital Goods,EQ,INE0LCL01028,WAIT,"Stage 2 + RS 98; wait because price is more than 20% above the 30-week line (currently +44%) — the guide treats that as poor entry timing, not a failed trend."
AVANTIFEED,2026-09-29,747.5,-0.19138303816742785,-0.3745027371736196,-0.0800973664971909,0.19323807335793663,-0.12882562132954592,1063.2580238394187,-3.343982202381346,Stage 4 — Declining,845.8271556181066,1575.9303166617983,False,625.35900054959,1.793907356153642,1.1794119679445398,229863414.0263794,842.9135546875,True,-29.697215234663197,False,-52.56769972016365,False,False,False,False,False,False,False,False,1068.1888252766928,1037.0829983520507,False,2.764453404951027,3,0.5766572555523711,26.609812199029154,0.5675782963513483,False,994.8196039038877,0.033821999004569926,0.065011672214492,False,33.0862346359716,23.0,True,False,0,False,True,False,False,False,False,False,False,1,False,False,,Avanti Feeds Ltd.,Fast Moving Consumer Goods,EQ,INE871C01038,SELL,Stage 4 takes precedence: the guide requires SELL regardless of RS.
DMART,2026-09-29,3750.0,-0.13931604314895574,-0.03924983426121409,-0.010031678986272441,-0.17216713816131635,-0.10001614754134287,4075.567351256909,-0.18815050313574222,Stage 4 — Declining,3873.588230507047,4644.0,False,3600.0,1.3529285934588822,0.8256931409638312,1530607876.1411133,3871.5479931640625,True,-7.988270667555131,False,-19.250645994832038,False,False,False,False,False,False,False,False,4071.398671875,4004.297503662109,False,1.7293326822916666,2,0.5618104762425403,11.51300428099877,0.9758242187928159,False,4124.89990234375,0.1696755802904846,0.21474421533017907,False,9.997330729166665,29.0,True,False,0,False,True,False,False,False,False,True,False,2,False,False,,Avenue Supermarts Ltd.,Consumer Services,EQ,INE192R01011,SELL,Stage 4 takes precedence: the guide requires SELL regardless of RS.
CCAVENUE,2026-09-29,15.359999656677246,-0.08516981422720693,0.1680608442781062,-0.06965478838654593,-0.032136120514147604,-0.020813938615400242,15.221564630261895,-0.7605481071766063,Stage 3 — Topping,15.923333317625756,20.5,False,12.920000076293945,0.8225080690663934,1.505049471179163,243647620.3974611,15.900999965667724,True,0.9094664693019006,False,-25.07317240645246,True,False,True,False,False,False,False,False,15.254599997202556,15.631549987792969,False,4.306176241412441,1,0.8731094731787702,17.783929197525033,0.9533408055711607,False,18.049999237060547,0.0006949911613355616,0.0008419415805485654,False,17.513018492900258,47.0,True,False,2,False,False,False,True,False,False,False,False,1,False,False,,AvenuesAI Ltd.,Financial Services,EQ,INE483S01020,SELL,Stage 3 + RS 47; RS below 50 in Stage 3 triggers SELL.
AWFIS,2026-09-29,247.10000610351562,-0.16038050848529728,-0.02812190323101027,-0.4893045303575946,-0.5664912173622533,-0.2809357335842905,295.64204012293396,-0.9737548434394339,Stage 4 — Declining,268.90490124272367,639.4000244140625,False,229.0500030517578,0.563374370717264,2.9225258374187004,486231754.9286461,268.47699951171876,True,-16.419191938749165,False,-61.35439526610048,False,False,False,False,False,False,False,False,295.64953257242837,328.34064949035644,False,6.135457305199997,2,1.6262453533710712,19.85221574654916,0.6275052949627316,False,304.5,0.011180489846772347,0.02658486128880113,False,23.229458712533678,3.0,True,False,0,False,False,False,False,False,False,False,False,0,False,False,,Awfis Space Solutions Ltd.,Services,EQ,INE108V01019,SELL,Stage 4 takes precedence: the guide requires SELL regardless of RS.
AXISBANK,2026-09-29,1212.0999755859375,-0.10595910930521579,0.006500807367980421,-0.015393812806365537,0.07139629389132351,-0.029882986031498637,1277.425126056282,-0.7338916662865569,Stage 4 — Declining,1241.87843951057,1417.2070248903838,False,1124.5327321092266,1.3412128440889444,0.7772783182563361,5815529458.569318,1241.5520092773438,True,-5.113814433259101,False,-14.472624373302878,False,False,False,False,False,False,False,False,1279.737802734375,1284.7987091064454,False,1.9700155068591196,2,1.3521090523205321,9.615384615384617,0.906151596213423,False,1300.0,0.054843671127366975,0.06098353343007205,False,7.251879068108313,46.0,True,False,0,False,False,False,False,False,False,True,False,1,False,False,,Axis Bank Ltd.,Financial Services,EQ,INE238A01034,SELL,Stage 4 takes precedence: the guide requires SELL regardless of RS.
AZAD,2026-09-29,2914.199951171875,0.46885078184066287,0.9633496296605766,0.7702588006380107,0.8269700932704138,0.6996560174500653,2206.574836575255,3.087877150040108,Stage 2 — Advancing,2656.723537071078,2998.0,True,1360.0,10.37223023174465,2.419239326094737,1653392431.8497558,2662.286005859375,False,32.068937924394135,True,-2.795198426555201,True,True,True,True,False,False,True,True,2196.978673502604,2043.3515063476561,True,4.22389893257261,1,1.5705541935937566,24.94996664442962,1.5210051379017357,False,2998.0,0.13185828474602393,0.13185828474602393,True,2.8755764955121554,96.0,True,True,5,True,True,True,True,True,True,True,True,8,True,False,,Azad Engineering Ltd.,Capital Goods,EQ,INE02IJ01035,WAIT,"Stage 2 + RS 96; wait because price is more than 20% above the 30-week line (currently +32%) — the guide treats that as poor entry timing, not a failed trend."
BEML,2026-09-29,1966.5999755859375,0.15737143481946259,0.3785244905550238,0.06682332015784098,-0.02131311353643317,0.14775551336307136,1786.5661928345557,1.2861548709558912,Stage 2 — Advancing,1915.0407882391237,2256.1876561257286,False,1345.285007075603,0.5598899727786041,1.871642199816287,960382835.7852234,1917.8247241210938,False,10.077084379713973,False,-12.83526570821969,True,True,True,True,False,False,False,False,1784.651990559896,1776.3308325195312,True,3.608607490968178,1,2.1819209281776555,24.349203168037842,0.9169301490414514,False,2192.0929642839997,0.08898239788181248,0.09480474598016259,False,11.466134012885764,72.0,True,True,5,True,True,True,True,True,True,True,True,8,True,False,,BEML Ltd.,Capital Goods,EQ,INE258A01024,HOLD,Stage 2 + RS 72; trend/leadership is adequate without a stronger entry trigger.
BLS,2026-09-29,219.5500030517578,-0.137976709290055,-0.11987417536540834,-0.30002572528220217,-0.3252797768631509,-0.2042266192181743,255.1651349748884,-1.353010888102868,Stage 4 — Declining,242.117468142042,355.6599215623946,False,218.0,0.3911913760359587,0.5787346876355283,171348310.7557686,242.26710815429686,True,-13.957679573518366,False,-38.26968130474565,False,False,False,False,True,True,False,False,255.70379353841145,265.0611167907715,False,2.760364019436292,1,0.6045842311004174,22.71735722342772,0.3455400992439887,False,282.0814508508051,0.009933939778822579,0.014999487935301278,False,28.481642873995217,9.0,True,False,0,False,False,False,False,False,False,False,False,0,False,False,,BLS International Services Ltd.,Consumer Services,EQ,INE153T01027,SELL,Stage 4 takes precedence: the guide requires SELL regardless of RS.
BSE,2026-09-29,3200.0,-0.16877882745127704,0.15419469444863454,0.22072463947634913,0.5297181169453815,0.11341595919356225,3515.229369286777,0.7559386144413649,Stage 1 — Basing,3385.4941262637867,4435.115403617064,False,2029.7525364641647,7.673947709938089,1.8974890629088825,17355951940.118397,3379.9240087890626,True,-8.96753344293819,False,-27.84855164331832,False,False,False,True,False,False,False,False,3499.9843912760416,3315.8711364746096,True,3.0671866280691966,2,1.1583389569029297,16.507832637698396,1.7379452416789734,False,3683.10009765625,0.14478982851454686,0.19180203876599947,False,15.096878051757812,67.0,True,True,2,False,True,True,False,False,True,False,False,3,False,False,2.0,BSE Ltd.,Financial Services,EQ,INE118H01025,WATCH,Stage 1 + RS 67; adequate RS in a basing stage remains WATCH.
BAJAJ-AUTO,2026-09-29,10811.0,0.12263759086188997,0.23167586231219817,0.20646489868299223,0.2576021247700315,0.18820361349780038,10417.405386373299,0.9704958165984712,Stage 2 — Advancing,11581.911764705883,12470.0,False,8373.654962449684,1.865647669298314,0.2860783767474506,2254660460.9,11605.48,True,3.7782403489985183,False,-13.30392943063352,True,False,True,True,True,True,False,False,10407.46173828125,10142.811484375,True,1.6801670256484798,3,0.6211020972520411,15.196471531676023,0.6368236087178047,False,12470.0,0.48916338627211436,0.5296080871435542,False,15.34548145407455,75.0,True,True,4,True,True,True,True,False,False,True,True,6,False,False,,Bajaj Auto Ltd.,Automobile and Auto Components,EQ,INE917I01010,REDUCE,Stage 2 + RS 75; distribution warning (U/D 0.29) triggers REDUCE.
BAJAJELEC,2026-09-29,309.8500061035156,-0.014057775294862629,-0.10978848504297112,-0.35364424324608046,-0.4366298505753351,-0.1856356258908224,344.96657785428624,-0.9674586966331944,Stage 4 — Declining,337.9529400993796,555.940065373127,False,298.3117066005431,0.7783204809954843,0.3792337486188714,37311595.11928864,338.0489990234375,True,-10.179702616177455,False,-44.26557368273944,False,False,False,False,True,True,False,False,345.3747267659505,365.77584243774413,False,2.6764103325697666,2,0.647293847564696,25.398773006134967,0.25543219889685875,False,407.5,0.014019727890299788,0.02376087094353978,False,31.51524672355861,12.0,False,False,0,False,False,False,False,False,False,False,False,0,False,False,,Bajaj Electricals Ltd,Consumer Durables,EQ,INE193E01025,SELL,Stage 4 takes precedence: the guide requires SELL regardless of RS.
BAJFINANCE,2026-09-29,973.7999877929688,-0.0023052098029197055,0.16115923941988686,-0.018250380953388934,-0.011265804977897975,0.025406526776552106,972.8283757839073,-0.009824150954562683,Stage 3 — Topping,1062.1372620825673,1176.4000244140625,False,783.0862114062364,1.2326154151447393,0.5615580203636698,6132979903.166758,1061.9960083007813,True,0.09987496594952017,False,-17.222036077566738,True,False,True,False,True,True,False,False,973.4477307128906,973.0109848022461,True,2.523984969517297,2,0.49907972950145885,18.2760961865065,0.9595862999223046,False,1176.4000244140625,0.04406135413750368,0.048821283293898704,False,20.805097469786247,54.0,True,True,3,True,True,True,True,False,False,True,False,5,False,False,,Bajaj Finance Ltd.,Financial Services,EQ,INE296A01032,REDUCE,Stage 3 with RS 54; the guide requires REDUCE when RS is 50 or higher.
BAJAJFINSV,2026-09-28,1752.0,-0.006293169736122262,0.034693456474324424,-0.1309005456977428,-0.12465303747088585,-0.04668929323330975,1838.7904546032214,-0.8127753990206488,Stage 4 — Declining,1949.574510761336,2193.128599829014,False,1595.6384533474438,0.5442830683904257,0.5325162206144587,1199431463.2603028,1951.3360009765624,True,-4.719975263410281,False,-20.11412371638427,False,False,True,False,True,True,False,False,1843.8918489583334,1886.3837701416016,False,2.0462329762478086,2,0.8282685637788736,17.908898957472857,0.6688554515290328,False,2118.5,0.07880479257367722,0.09154544130113727,False,20.918949771689487,41.0,True,False,1,False,False,False,True,False,False,True,False,2,False,False,,Bajaj Finserv Ltd.,Financial Services,EQ,INE918I01026,SELL,Stage 4 takes precedence: the guide requires SELL regardless of RS.
BAJAJHLDNG,2026-09-29,10600.0,0.019061780432669373,0.17966144725018807,-0.04054192975141191,-0.13385473027240113,0.008677669618342758,10431.645401519983,0.062479198470910546,Stage 2 — Advancing,11113.34459252451,13011.97571177054,False,8433.723545663051,1.411683058805669,0.9875384976492428,462601487.95229495,11127.89515625,True,1.6138834479121122,False,-18.5365832614388,True,False,True,True,False,False,False,False,10438.54318359375,10531.725502929687,False,2.181344451708936,2,0.6371911164000353,11.508070518707274,0.9187013211409129,False,11576.9140625,0.47961630695443647,0.5487554628879966,False,9.216170400943401,52.0,True,True,4,True,False,False,True,False,False,True,False,3,False,False,,Bajaj Holdings & Investment Ltd.,Financial Services,EQ,INE118A01012,HOLD,Stage 2 + RS 52; trend/leadership is adequate without a stronger entry trigger.
BAJAJHFL,2026-09-29,81.26000213623047,-0.06371700335248554,0.07132503323589634,-0.13709245283783178,-0.2719290234580126,-0.09302608995298384,84.97265277265691,-0.35311457293643045,Stage 4 — Declining,84.50725480621936,113.44999694824219,False,72.6500015258789,0.9872660294578938,0.63970745604598,239648260.12376252,84.47399993896484,True,-4.369229999632451,False,-28.37372911230429,False,False,False,False,True,False,False,False,85.02246637980143,86.82294971466064,False,1.9725033044457083,2,1.1487663556560699,8.303171765371957,0.9926989323867523,False,88.4000015258789,0.0036767568044989126,0.0048616773778482345,False,8.786609896561902,31.0,True,False,0,False,False,False,False,False,False,False,False,0,False,False,,Bajaj Housing Finance Ltd.,Financial Services,EQ,INE377Y01014,SELL,Stage 4 takes precedence: the guide requires SELL regardless of RS.
BALAMINES,2026-09-29,2142.10009765625,0.1376771412465312,1.0821283454883184,0.9318966746281243,0.543163115728853,0.5665084836676717,1818.3832048688616,3.9619140618154747,Stage 2 — Advancing,2226.79214776731,2629.800048828125,False,963.3273935013657,0.44404797872316965,0.813360113236973,473360875.5232544,2223.997990722656,True,17.802457255468006,False,-18.545134311226462,True,False,True,True,False,False,False,False,1803.7598148600262,1635.5665567016601,True,3.9924098184817702,2,0.5099977291977515,24.81177229769856,0.4535663758672765,True,2629.800048828125,0.09692322056270078,0.11084720875737412,False,22.767374489431447,94.0,True,True,4,True,True,True,True,False,True,True,True,7,False,False,,Balaji Amines Ltd.,Chemicals,EQ,INE050E01027,WAIT,Stage 2 + RS 94; wait because the close is below its 50-session average — short-term timing has weakened even though the 30-week trend is intact.
BALKRISIND,2026-09-29,2126.199951171875,-0.015687109997954307,-0.007860071474872665,-0.07367725426281213,-0.06356870364235434,-0.035296049875189556,2215.306982589095,-0.8691266216594884,Stage 4 — Declining,2275.7615847120096,2765.3795041598637,False,1963.1703614270675,0.25050176467107726,0.4232658207335825,532319779.2253296,2280.590224609375,True,-4.022333343303863,False,-23.11362878138401,False,False,True,False,True,True,False,False,2221.8824080403647,2274.460307006836,False,2.2474695675146017,3,0.35655128223735266,22.638049901706392,0.3032880202179142,False,2558.0,0.09620378947431678,0.11502188493481694,False,20.308534415595968,44.0,True,False,1,False,False,False,True,False,False,True,False,2,False,False,,Balkrishna Industries Ltd.,Automobile and Auto Components,EQ,INE787D01026,SELL,Stage 4 takes precedence: the guide requires SELL regardless of RS.
BALRAMCHIN,2026-09-28,680.7000122070312,0.2742418507156892,0.36906676487286894,0.5519835903658805,0.5177181376654967,0.39745043886712494,571.2092467007571,2.582567644944511,Stage 2 — Advancing,658.4196047315411,780.9500122070312,False,393.54998779296875,0.5317641471785776,1.2515028677185618,1620449149.9752471,659.5869970703125,False,19.16824108480053,False,-12.836929180228186,True,True,True,True,False,False,False,False,568.348666788737,535.5622496032715,True,3.2382653800963035,3,0.589068153436929,25.456173210260037,0.3841960740434268,True,780.9500122070312,0.030617821499357673,0.03262457501393431,False,14.727486146938617,89.0,True,True,5,True,True,True,True,True,True,True,True,8,True,False,,Balrampur Chini Mills Ltd.,Fast Moving Consumer Goods,EQ,INE119A01028,HOLD,Stage 2 + RS 89; trend/leadership is adequate without a stronger entry trigger.
BALUFORGE,2026-09-28,495.1000061035156,0.09097496225098323,0.21191263916207803,-0.18924755224122558,-0.2204499731972328,-0.0031669923548827694,483.34009750575234,0.2996149028232864,Stage 2 — Advancing,510.9532937442555,677.7972608890275,False,340.948005664704,0.2197499187297472,0.2803338090953674,554045841.5132904,512.2460296630859,True,2.4330504873172343,False,-26.95455784903563,True,False,True,True,True,True,False,False,482.9802803548177,489.1727391052246,False,3.947328453040535,2,1.9230229152371534,34.984611126063626,0.42143261394915144,False,649.8055992450456,0.022269550961309288,0.02890612694920823,False,31.24734220043297,50.0,True,True,4,True,False,False,True,False,True,False,False,3,False,False,,Balu Forge Industries Ltd.,Capital Goods,EQ,INE011E01029,REDUCE,Stage 2 + RS 50; distribution warning (U/D 0.28) triggers REDUCE.
BANCOINDIA,2026-09-28,594.2000122070312,-0.0864789330032335,0.1320855402922705,-0.11570568252007407,-0.25743626019107757,-0.08280285368506965,613.1519329202587,-0.3450754769111053,Stage 4 — Declining,619.0808727787991,848.8263047717415,False,495.5999980879241,0.5599437747951886,1.0776753519812146,51446085.48247375,618.3981970214844,True,-3.090901242529742,False,-29.99745544327611,False,False,True,False,False,False,False,False,613.4996008300782,619.4103588867188,False,2.5237347834106685,1,0.6186657586631688,15.583223932396747,0.6253310907610631,False,684.7572422453691,0.026727059765554548,0.03651217425261881,False,15.240193230892407,33.0,True,False,1,False,False,False,False,False,False,False,False,0,False,False,,Banco Products (India) Ltd.,Automobile and Auto Components,EQ,INE213C01025,SELL,Stage 4 takes precedence: the guide requires SELL regardless of RS.
BANDHANBNK,2026-09-29,185.30999755859375,-0.07618118127636264,0.25522976398595065,0.27981005935118364,0.15252354708624827,0.10704020157413145,183.05683421439866,0.20776863432463433,Stage 2 — Advancing,173.38037019617417,218.86288600994448,False,133.09632102479327,0.673257414932553,3.785862089771669,2327345359.836666,172.70726928710937,False,1.2308545342569088,False,-15.330551955632254,True,True,False,True,False,False,False,False,183.0371998087565,175.1900778198242,True,3.1661220177093568,1,0.7388826422351098,17.492225133075614,1.2185778511167478,False,193.0,0.008384688365168714,0.009343615287264306,False,4.149804404899804,66.0,True,True,4,True,True,True,False,True,True,True,False,6,False,False,,Bandhan Bank Ltd.,Financial Services,EQ,INE545U01014,HOLD,Stage 2 + RS 66; trend/leadership is adequate without a stronger entry trigger.
BANKBARODA,2026-09-29,227.67999267578125,-0.16539588393027937,-0.09702618225609771,-0.18273970937082196,-0.07459320669996072,-0.13703017323748784,256.21377926781065,-1.7000405238124294,Stage 4 — Declining,241.03176461014093,315.30188105660324,False,223.82000732421875,0.9509764558891713,0.8299606665510875,1495402572.4991958,240.8983999633789,True,-11.13671039612749,False,-27.7898400374884,False,False,False,False,False,False,False,False,257.30351776123047,265.02193809509276,False,1.701321621651948,1,1.3564863089425656,10.970559762074563,0.58474219008861,False,251.39999389648438,0.01030179596741239,0.01346161016292559,False,10.418131581056688,21.0,True,False,0,False,False,False,False,False,False,False,False,0,False,False,,Bank of Baroda,Financial Services,EQ,INE028A01039,SELL,Stage 4 takes precedence: the guide requires SELL regardless of RS.
BANKINDIA,2026-09-29,130.11000061035156,-0.08726764065300974,-0.07331422120919773,-0.039667204934555333,0.13126357298469737,-0.03125062689301503,141.86099969773065,-1.36890340646314,Stage 4 — Declining,141.00451001933976,172.71800537071604,False,115.13887914864118,1.473513948602242,1.2493461188917938,678004011.9217064,140.88260009765625,True,-8.283459944887916,False,-24.669115804638963,False,False,False,False,False,False,False,False,142.4377911376953,144.53618049621582,False,2.180025530329492,1,1.119787770524789,13.083158649938603,0.7473046609002917,False,147.89999389648438,0.0058870639613751215,0.007358837389464185,False,13.67304065996402,45.0,True,False,0,False,False,False,False,False,False,True,False,1,False,False,,Bank of India,Financial Services,EQ,INE084A01016,SELL,Stage 4 takes precedence: the guide requires SELL regardless of RS.
MAHABANK,2026-09-29,79.16000366210938,-0.15652631913534287,0.24677346539759815,0.4123066768727408,0.48640842959871966,0.1664871867196746,78.5467484662322,0.9907373201924807,Stage 2 — Advancing,81.58352885526769,94.5,False,53.03273732049094,1.7108671830346185,0.7681323816143375,1272906565.488093,81.58019943237305,True,0.7807518552353843,False,-16.232800357556222,True,False,True,True,False,False,False,False,78.44993647257488,74.40721990585327,True,3.132893990082834,1,1.3008672945849207,11.771432059151786,0.9190395267549167,False,87.5,0.0035817385485774115,0.004080434716266135,False,10.535618938939795,74.0,True,True,4,True,True,True,True,False,True,True,True,7,False,False,,Bank of Maharashtra,Financial Services,EQ,INE457A01014,HOLD,Stage 2 + RS 74; trend/leadership is adequate without a stronger entry trigger.
BATAINDIA,2026-09-28,624.7000122070312,-0.08465260909848649,0.035458205419645505,-0.31145537682620905,-0.439632772259014,-0.17698703237251012,668.2561248361247,-1.4465087959361522,Stage 4 — Declining,672.1787241019455,1181.5155114281206,False,577.3964738257137,0.29313407161413424,0.9209999453121513,98525349.20635375,672.251513671875,True,-6.517877054965215,False,-47.12722717859672,False,False,True,False,False,False,False,False,670.669971516927,717.4523110961914,False,2.009536664466252,3,0.6782423469019958,16.358798815685187,0.5162271606157917,False,742.4570561003084,0.028098946850883974,0.050265024600726585,False,18.8501747386314,13.0,True,False,1,False,False,False,False,False,False,False,False,0,False,False,,Bata India Ltd.,Consumer Durables,EQ,INE176A01028,SELL,Stage 4 takes precedence: the guide requires SELL regardless of RS.
BAYERCROP,2026-09-29,3602.699951171875,-0.10160789541565918,-0.18928792596193322,-0.19477371674565602,-0.24299343635467852,-0.16605417397871725,4270.794953430591,-1.3859199611015671,Stage 4 — Declining,4030.81023571538,4992.8592352646965,False,3575.0,5.314226472525207,0.03696448356759688,124508415.80076905,4025.6040966796877,True,-15.643340631983671,False,-27.84294967248605,False,False,False,False,True,True,False,False,4277.865779622396,4321.658023681641,False,1.8327517669916245,2,2.6475086896541247,17.6058429449159,1.8889576601398381,False,4338.89990234375,0.1630107212873569,0.22417994232510155,False,20.434672916139075,16.0,True,False,0,False,False,False,False,False,False,False,False,0,False,False,,Bayer Cropscience Ltd.,Chemicals,EQ,INE462A01022,SELL,Stage 4 takes precedence: the guide requires SELL regardless of RS.
BELRISE,2026-09-29,240.52000427246094,0.0026681894077345003,0.2699583314433609,0.3185758892306241,0.5146477009624906,0.22170366009038892,221.54720591850023,1.67421086228281,Stage 2 — Advancing,236.5272746366613,267.55305639788776,False,142.2460279440868,0.44812024866372235,1.9906654593483362,740165301.0654907,236.5340426635742,False,8.563772346079679,False,-10.103809872096914,True,True,True,True,False,False,False,False,220.82801981608074,209.31251487731933,True,2.757180070840985,2,1.457253768897593,16.74548480255801,0.9311877559708247,False,267.55305639788776,0.010882765679039905,0.011182903621506052,False,11.239419443383936,79.0,True,True,5,True,True,True,True,True,True,True,True,8,True,False,,Belrise Industries Ltd.,Automobile and Auto Components,EQ,INE894V01022,HOLD,Stage 2 + RS 79; trend/leadership is adequate without a stronger entry trigger.
BERGEPAINT,2026-09-29,448.20001220703125,-0.12872093357129655,0.08907253721718744,-0.17079699959258632,-0.1260229492931355,-0.0930378557622255,484.03902097948554,-0.08694763742168599,Stage 4 — Declining,497.363473331227,590.094751424942,False,388.1693207725482,1.4883424361759998,0.6409458609266586,176989095.08114472,497.2586364746094,True,-7.404156941713424,False,-24.04609410188243,False,False,True,False,True,False,False,False,483.43239705403647,487.25669326782224,False,2.3490791802053117,3,0.44894177308683797,22.05336860336167,1.5033405627061265,False,565.9000244140625,0.020279625908648083,0.02445115823283382,False,26.260599955687546,31.0,True,False,1,False,False,False,True,False,False,True,False,2,False,False,,Berger Paints India Ltd.,Consumer Durables,EQ,INE463A01038,SELL,Stage 4 takes precedence: the guide requires SELL regardless of RS.
BDL,2026-09-29,1085.0999755859375,-0.18698012335136027,-0.045243412400707506,-0.2608213677077206,-0.2732487276941783,-0.1906547509010654,1290.5200137183779,-0.6566758226380642,Stage 4 — Declining,1256.8596335018383,1627.0610201098634,False,1085.0999755859375,0.8232693463861647,0.4079374882298279,1195540071.1510682,1256.541337890625,True,-15.917617390571358,False,-33.309202164239124,False,False,False,False,True,True,False,False,1289.8971915690104,1318.3986596679688,False,2.9879906948885293,2,1.8768799471616198,23.971222308162222,0.8038407780787887,False,1427.2227024142078,0.0490973248081959,0.06775410421444851,False,31.529143353222278,11.0,True,False,0,False,False,False,False,False,False,False,False,0,False,False,,Bharat Dynamics Ltd.,Capital Goods,EQ,INE171Z01026,SELL,Stage 4 takes precedence: the guide requires SELL regardless of RS.
BEL,2026-09-29,387.75,-0.05666572425737748,-0.0407006729474898,-0.008444049528975928,-0.025054798403414735,-0.03750619387892709,417.1982951261559,-0.7303075014494009,Stage 4 — Declining,401.6238690544577,472.8081629796919,False,378.3236519637461,1.2512880450573203,0.6813081394620759,3844973383.691385,401.46646484375,True,-7.0585847234229675,False,-17.98999459815699,False,False,False,False,True,False,False,False,417.69165873209636,417.42657348632815,False,1.8237076445136204,2,0.6595630620989825,8.32667976503954,0.8526423684217235,False,416.3500061035156,0.017544455002036108,0.02080906909961456,False,7.375888098907968,43.0,True,False,0,False,True,False,False,False,False,True,False,2,False,False,,Bharat Electronics Ltd.,Capital Goods,EQ,INE263A01024,SELL,Stage 4 takes precedence: the guide requires SELL regardless of RS.
BHARATFORG,2026-09-28,1957.0,-0.08500555158004008,0.13786886930708708,0.36111771691270955,0.6638574439972571,0.1985665854113947,1966.7292154390518,0.5054715301570312,Stage 1 — Basing,2065.2921573414524,2295.0,False,1174.489600842614,0.5726149706035133,0.6145707123440838,1802280369.0929139,2062.4180004882815,True,-0.49469013642937654,False,-14.7276688453159,False,False,True,True,True,False,False,False,1964.686845703125,1850.3156140136718,True,2.3644067847961074,1,1.8424499937718304,19.37254795581427,0.770437550509626,False,2295.0,0.08802567298326844,0.09552928624997374,False,17.271333673990807,77.0,True,True,3,False,True,True,True,False,True,True,True,6,False,False,3.0,Bharat Forge Ltd.,Automobile and Auto Components,EQ,INE465A01025,WATCH,Stage 1 + RS 77; adequate RS in a basing stage remains WATCH.
BHEL,2026-09-29,413.3500061035156,0.0022559290747206084,0.627166532537617,0.4841926420730358,0.7723785039067259,0.377649907333364,374.53850353007414,2.8345064113600715,Stage 2 — Advancing,419.5058833103554,446.5,False,228.8019259330385,0.9186170279706557,1.0708385125989586,2491714840.386235,419.63000122070315,True,10.362486688988714,False,-7.424410727096165,True,False,True,True,False,False,False,False,372.3090949503581,346.54119438171386,True,2.854723768644561,2,1.3477763801428442,10.65175523474888,0.6549917490257341,False,442.6499938964844,0.018702773906317163,0.01925960534443863,False,7.088420796014483,88.0,True,True,4,True,True,True,True,False,True,True,True,7,False,False,,Bharat Heavy Electricals Ltd.,Capital Goods,EQ,INE257A01026,WAIT,Stage 2 + RS 88; wait because the close is below its 50-session average — short-term timing has weakened even though the 30-week trend is intact.
BPCL,2026-09-28,302.25,-0.02421307506053272,0.06915453466146859,-0.15088502631159306,-0.02191305172219693,-0.03041393869867737,307.7304798282989,-1.4913771804009435,Stage 4 — Declining,314.19705858417586,391.6499938964844,False,266.6000061035156,0.5415536683320681,1.3849510719090627,1309179728.4825408,314.1289996337891,True,-1.780935002394557,False,-22.82650205277761,False,False,True,False,False,False,False,False,309.7036669921875,322.76894622802735,False,2.097366442990813,2,0.8323609175245827,10.289441112591593,0.7714565304189132,False,329.95001220703125,0.013595176116092431,0.01663583958953674,False,9.164602880738215,46.0,True,False,1,False,False,False,False,False,False,True,False,1,False,False,,Bharat Petroleum Corporation Ltd.,Oil Gas & Consumable Fuels,EQ,INE029A01011,SELL,Stage 4 takes precedence: the guide requires SELL regardless of RS.
BHARTIARTL,2026-09-29,1771.199951171875,-0.02585902926356487,-0.027338314109029982,-0.13840755330326382,-0.0571491101585494,-0.05492260721959459,1850.9703560134992,-0.41690564385669093,Stage 4 — Declining,1890.8443100873162,2147.4734560986562,False,1718.8676127570984,1.6273473125581082,0.6220195206177441,9419122538.26562,1890.1775219726562,True,-4.309653289825155,False,-17.521683625853157,False,False,True,False,True,False,False,False,1851.6254736328126,1892.0125354003906,False,1.5808496776878553,1,1.2786580073705667,13.244707040866569,1.0186599951331723,False,2031.0,0.08014116787348423,0.09024431638129608,False,14.668024841364424,40.0,True,False,1,False,False,False,False,False,False,True,False,1,False,False,,Bharti Airtel Ltd.,Telecommunication,EQ,INE397D01024,SELL,Stage 4 takes precedence: the guide requires SELL regardless of RS.
BHARTIHEXA,2026-09-28,1426.5,-0.023564604905435882,-0.04122123625885632,-0.21105303285368415,-0.1396558266384722,-0.08781186111237689,1525.1936954864084,-0.6841520199788342,Stage 4 — Declining,1557.3785496132048,1934.317756973946,False,1414.4376742506906,0.6857307037074479,1.0260499651139783,118204699.10332032,1556.5341137695314,True,-6.470895846113067,False,-26.25306804650225,False,False,True,False,False,False,False,False,1527.8801481119792,1566.16130859375,False,2.448049794272007,2,1.392915351486267,14.328973381300639,0.5621434970286829,False,1659.8377025747243,0.06416383367942383,0.07905125391513393,False,16.35735734838586,32.0,True,False,1,False,False,False,False,False,False,False,False,0,False,False,,Bharti Hexacom Ltd.,Telecommunication,EQ,INE343G01021,SELL,Stage 4 takes precedence: the guide requires SELL regardless of RS.
BIKAJI,2026-09-28,557.9000244140625,-0.12739377281124675,-0.09401697202817794,-0.25408123503828683,-0.23546260630117455,-0.16766967179802655,631.5488108667834,-0.7625477960902738,Stage 4 — Declining,603.2362790575214,766.9994067456643,False,532.75,0.2526200507984315,1.7024225115644338,217268911.1525299,602.4620043945313,True,-11.661614302090118,False,-27.262000529935058,False,False,False,False,False,False,False,False,631.4671565755208,647.0048568725585,False,3.693698927229774,1,2.6020301005412882,19.33530317916038,3.850513749729864,False,660.4500122070312,0.025094289783561444,0.03266885309779096,False,18.3814273714493,16.0,True,False,0,False,False,False,False,False,False,False,False,0,False,False,,Bikaji Foods International Ltd.,Fast Moving Consumer Goods,EQ,INE00E101023,SELL,Stage 4 takes precedence: the guide requires SELL regardless of RS.
GROWW,2026-09-29,183.52000427246094,,,,,,191.35911570438722,0.6698882040889975,Stage 1 — Basing,194.19529424929152,,False,,0.7656060540786644,0.9430266151493147,5620702604.407297,193.9520001220703,True,-4.096544553454251,False,,False,False,True,True,False,False,False,False,190.81773345947266,184.06080001831054,True,2.904704348556421,2,1.0280274568676362,13.34492677889818,0.9895360806453123,False,206.97000122070312,0.008303696858624539,,False,12.777896906229035,,True,False,2,False,True,True,True,False,False,False,False,3,False,False,1.0,Billionbrains Garage Ventures Ltd.,Financial Services,EQ,INE0HOQ01053,AVOID,Stage 1 + RS unavailable; weak RS in a basing stage is AVOID.
BIOCON,2026-09-29,377.0,-0.0910274476020626,0.0198617991602541,-0.0331689356170729,0.10966007322019466,-0.01714039168814987,400.3028576909279,-0.06761113941513575,Stage 4 — Declining,409.4715683880974,447.1499938964844,False,336.647387893357,0.8471169388506775,1.1568383747500788,1224763813.8621278,408.855,True,-5.821306853852127,False,-15.688246640728831,False,False,True,False,False,False,False,False,400.15739990234374,395.1256800842285,False,2.3313764461562148,1,1.4859151530305714,16.271186440677965,0.666148011707802,False,442.5,0.01705805167187005,0.01914165505263705,False,17.374005305039788,48.0,True,False,1,False,True,False,True,False,False,True,False,3,False,False,,Biocon Ltd.,Healthcare,EQ,INE376G01013,SELL,Stage 4 takes precedence: the guide requires SELL regardless of RS.
BIRLACORPN,2026-09-28,839.0999755859375,-0.15329403746619874,-0.02488457585274284,-0.2102498638254272,-0.31301372881784495,-0.1709472486856825,916.3054868097174,-1.339475154603087,Stage 4 — Declining,881.9500169941024,1328.8254130627743,False,759.7237180556469,0.37954697187800185,0.8629462522947712,41796845.07308044,879.5100402832031,True,-8.425739268743747,False,-36.85400901146838,False,False,False,False,False,False,False,False,918.1168119303385,951.4420498657227,False,2.4175573346736123,2,0.4955745924719554,22.20043017062075,0.5781430874848692,False,1015.3012749895368,0.03774263671496999,0.0529491594356942,False,20.998844539419647,14.0,False,False,0,False,False,False,False,False,False,False,False,0,False,False,,Birla Corporation Ltd.,Construction Materials,EQ,INE340A01012,SELL,Stage 4 takes precedence: the guide requires SELL regardless of RS.
BSOFT,2026-09-29,269.04998779296875,-0.08718359897261141,-0.18839654595147393,-0.3745884671049635,-0.21023730065864987,-0.18951790233206203,319.7813772603768,-1.8955958456855493,Stage 4 — Declining,295.03234982958026,467.1017114386881,False,266.2676853930341,0.5868448360362057,1.1188188308754534,402819858.2083176,295.2169970703125,True,-15.864397702590683,False,-42.40012802259143,False,False,False,False,False,False,False,False,320.91193400065106,344.86610748291014,False,2.5380301038944246,2,0.44845540227442887,19.21450335453644,0.47727551531683143,False,331.0,0.012173656748245271,0.01938549775419441,False,23.025465533453637,11.0,True,False,0,False,False,False,False,False,False,False,False,0,False,False,,Birlasoft Ltd.,Information Technology,EQ,INE836A01035,SELL,Stage 4 takes precedence: the guide requires SELL regardless of RS.
BBOX,2026-09-28,783.1500244140625,-0.18132244785872464,0.6988977534353804,0.42350915247979426,0.5817088705158635,0.2682941761427178,763.2797318550006,2.4183985065532765,Stage 2 — Advancing,766.9772757735907,1101.5073628455477,False,443.6987723274004,1.2937914102290442,1.2650785431829572,456221713.6719208,765.5864904785157,False,2.6032778979694804,False,-28.901970987199377,True,True,True,True,False,False,False,False,757.1892779541016,699.1481010437012,True,5.0441899616680015,1,1.0193927774981346,16.166213033830314,1.7420678457260088,False,845.9000244140625,0.035226013258002536,0.047860048102141,False,8.012513317221481,83.0,True,True,5,True,True,True,True,True,True,False,True,7,False,False,,Black Box Ltd.,Information Technology,EQ,INE676A01027,HOLD,Stage 2 + RS 83; trend/leadership is adequate without a stronger entry trigger.
BLACKBUCK,2026-09-28,601.2000122070312,0.06823032204504642,0.023319169714095755,-0.092870596443559,-0.019889161593505067,0.009404011153424902,569.2332182583743,0.0840577071193449,Stage 2 — Advancing,584.5166685814951,748.0,False,496.0,0.6825462049751667,1.5272550149481994,512661440.7957916,584.7310021972656,False,5.615763965156928,False,-19.625666817241814,True,True,True,True,False,False,False,False,569.8309993489584,584.0812490844727,False,4.26052546418603,2,1.0887721078180403,21.691683185263482,1.7846501889094766,False,659.7000122070312,0.02704191909661376,0.03087225260610405,False,9.730538724582516,52.0,True,True,5,True,False,False,True,True,False,True,False,4,False,False,,Blackbuck Ltd.,Services,EQ,INE0UIZ01018,HOLD,Stage 2 + RS 52; trend/leadership is adequate without a stronger entry trigger.
BLUEDART,2026-09-28,4749.60009765625,-0.04670527992159745,-0.018981700370494736,-0.12739296386987875,-0.16284478758151932,-0.08052600233301754,5038.377232623922,-1.2862422087989822,Stage 4 — Declining,4996.0,7036.0,False,4628.5,0.24408241919943235,0.7535791456270293,41562944.51455078,4996.0,True,-5.731550490062864,False,-32.495734825806565,False,False,False,False,False,False,False,False,5057.624658203125,5176.313493652344,False,1.6562293697570611,3,0.1876245386413284,18.102697998259355,0.282570750139845,False,5745.0,0.21363655850668825,0.28077327077994413,False,20.957551833362608,33.0,False,False,0,False,False,False,False,False,False,False,False,0,False,False,,Blue Dart Express Ltd.,Services,EQ,INE233B01017,SELL,Stage 4 takes precedence: the guide requires SELL regardless of RS.
BLUEJET,2026-09-28,557.2999877929688,0.05850060635274046,0.6243889174471158,0.05549972187196128,-0.135369446018466,0.1323040812012184,498.0180628528334,2.7098033862154924,Stage 2 — Advancing,582.4378470626532,691.4547089915617,False,324.3221064393442,0.2640509855452924,1.1821198100487904,233040056.5050354,582.3211962890625,True,11.903569240148904,False,-19.40180888987627,True,False,True,True,False,False,False,False,495.4654907226562,488.6359846496582,True,2.8434724781983323,2,0.7229126193035255,15.88660587447554,0.5366701045158524,False,646.4487679436032,0.02506730019368593,0.029388734197425055,False,15.996551606556352,70.0,True,True,4,True,True,True,True,False,True,True,True,7,False,False,,Blue Jet Healthcare Ltd.,Healthcare,EQ,INE0KBH01020,HOLD,Stage 2 + RS 70; trend/leadership is adequate without a stronger entry trigger.
BLUESTARCO,2026-09-28,1575.4000244140625,-0.033028239339068066,-0.05496283610217256,-0.10248530722774729,-0.1624114250304417,-0.07718320940769954,1645.6165579181827,-1.736421878565475,Stage 4 — Declining,1551.8294127221202,2022.9788267608074,False,1432.300048828125,2.8302083789121575,1.4201311281845808,957510329.3287598,1548.58,False,-4.266883021215396,False,-22.12473983543406,False,True,False,False,False,False,False,False,1653.5314192708333,1694.983440551758,False,3.0518313762230376,2,1.0267729250409154,17.57020781810624,1.2120097760622874,False,1737.5999755859375,0.07086134254823985,0.08877571908180158,False,10.295794633632926,34.0,True,False,1,False,False,False,False,True,False,True,False,2,False,False,,Blue Star Ltd.,Consumer Durables,EQ,INE472A01039,SELL,Stage 4 takes precedence: the guide requires SELL regardless of RS.
BLUESTONE,2026-09-28,786.2000122070312,0.4746318600867989,0.6044898208306759,0.5937563990716914,0.3854965112243054,0.5066012902600542,621.5968994140625,4.890845772841335,Stage 2 — Advancing,821.0274574429382,969.9000244140625,False,399.79998779296875,0.1799885685053033,0.5570331578109117,1422069089.5335908,825.2400061035156,True,26.48068433869748,True,-18.940097699039484,True,False,True,True,True,True,False,False,614.8890030924479,577.7695022583008,True,7.2491551770302864,2,0.7111999409467107,36.43674765629159,0.5322959707540301,False,969.9000244140625,0.03536320141746438,0.040817403387820535,False,23.365557028083227,93.0,True,True,4,True,True,True,True,False,True,True,True,7,False,False,,BlueStone Jewellery and Lifestyle Ltd.,Consumer Durables,EQ,INE304W01038,REDUCE,Stage 2 + RS 93; distribution warning (U/D 0.56) triggers REDUCE.
BBTC,2026-09-28,1415.699951171875,-0.09057622176570124,0.029599964488636443,-0.22188882713304348,-0.19881588980764664,-0.11445143919669123,1500.8048205145474,-1.5713221487798523,Stage 4 — Declining,1475.54798828125,2114.6666501437494,False,1314.5999755859375,0.07657342628582521,4.523327461938467,275716285.75077516,1475.54798828125,True,-5.6706154044397605,False,-33.053280474459676,False,False,False,False,False,False,False,False,1508.9653263346354,1581.9072326660157,False,2.8047712065071453,2,1.1821184795328106,15.0091519219036,0.8287361873032791,False,1639.0,0.0636780485152195,0.08768644936155252,False,15.773119766182365,26.0,True,False,0,False,False,False,False,False,False,False,False,0,False,False,,Bombay Burmah Trading Corporation Ltd.,Fast Moving Consumer Goods,EQ,INE050A01025,SELL,Stage 4 takes precedence: the guide requires SELL regardless of RS.
BORORENEW,2026-09-29,452.5,-0.2522515380576348,0.1709146997195179,-0.14911618956982842,-0.19975242686116745,-0.13649139856534953,518.6425187506643,-0.24968929155168018,Stage 4 — Declining,524.8313754212622,721.0,False,374.3999938964844,0.9172683171588684,1.2853256586578137,201269927.76097566,523.3980029296876,True,-12.753007391293746,False,-37.23994452149791,False,False,True,False,False,False,False,False,517.5680017089844,516.5935012817383,False,3.3875301755500193,2,1.2278071090466602,27.08713895552386,0.7602224394613483,False,602.5,0.020474186688385142,0.029527944561044284,False,33.149171270718234,21.0,True,False,1,False,True,False,True,False,False,False,False,2,False,False,,Borosil Renewables Ltd.,Capital Goods,EQ,INE666D01022,SELL,Stage 4 takes precedence: the guide requires SELL regardless of RS.
BOSCHLTD,2026-09-29,45700.0,0.15333413250723993,0.5532916367715028,0.29106744258136685,0.19965402483248562,0.270136273839967,39716.687688577586,2.061254520472633,Stage 2 — Advancing,45963.071015625,50000.0,False,28422.960694251175,0.4109570135746606,0.9976861126241914,1261762747.25,45963.071015625,True,15.064983158560818,False,-8.599999999999996,True,False,True,True,False,False,False,False,39587.63536458334,38756.1458203125,True,2.324163801187871,1,0.7852965084917468,21.109147528118527,0.5100749398586303,False,50000.0,2.067779738473372,2.1386181738988403,False,9.409190371991238,83.0,True,True,4,True,True,True,True,False,True,True,True,7,False,False,,Bosch Ltd.,Automobile and Auto Components,EQ,INE323A01026,WAIT,Stage 2 + RS 83; wait because the close is below its 50-session average — short-term timing has weakened even though the 30-week trend is intact.
FIRSTCRY,2026-09-29,184.3699951171875,-0.1671033853956101,-0.17611048296133702,-0.3534280236242341,-0.49076094093775835,-0.2709012436629099,214.91442144484748,-1.2780891499498015,Stage 4 — Declining,193.13921550675934,389.6499938964844,False,163.3699951171875,1.9744640724958424,2.4677227366403405,1660677776.1836975,192.82219970703125,True,-14.212367007440896,False,-52.683177722269434,False,False,False,False,False,False,False,False,214.9384662882487,229.06884941101075,False,5.003138799640161,1,3.2099644878200926,26.575283093398877,4.808626995960518,False,222.5,0.008342156242576693,0.01628212559066263,False,20.681242009350086,4.0,True,False,0,False,False,False,False,False,False,False,False,0,False,False,,Brainbees Solutions Ltd.,Consumer Services,EQ,INE02RE01045,SELL,Stage 4 takes precedence: the guide requires SELL regardless of RS.
BRIGADE,2026-09-28,583.9000244140625,0.1156126114622198,0.13032825963023908,-0.11229322087670557,-0.13686188995185744,0.02247967434522314,555.2066083934209,0.8017237967189672,Stage 2 — Advancing,610.1408260569852,799.2478861619728,False,449.19622544946475,0.3128369045536896,1.204447546656949,429729204.31831056,611.1065124511719,True,5.168060968090882,False,-26.943813737440237,True,False,True,True,False,False,False,False,554.623901163737,569.0999244689941,False,3.4307496576712295,2,0.8677991870082056,30.092156413497555,0.3788949677618975,False,735.0,0.026263767298924233,0.0327110555428562,False,25.87771352425696,54.0,True,True,4,True,False,False,True,False,False,False,False,2,False,False,,Brigade Enterprises Ltd.,Realty,EQ,INE791I01019,HOLD,Stage 2 + RS 54; trend/leadership is adequate without a stronger entry trigger.
BRITANNIA,2026-09-29,4835.0,-0.03654961841270932,-0.10626836390667505,-0.18637358494689904,-0.17093538279710674,-0.1073353136952199,5341.651141315901,-1.2807419415740928,Stage 4 — Declining,5256.237429151348,6168.271363350723,False,4798.0,1.860748454849449,0.4701753534667338,1210339025.275,5253.518251953125,True,-9.484916328532256,False,-21.61499202633109,False,False,False,False,True,True,False,False,5354.803173828125,5488.274262695312,False,1.483232382922145,1,0.8758824971527208,15.66921522102118,0.9273768773330582,False,5689.5,0.21876838152119812,0.26728462143509824,False,17.67321613236814,28.0,True,False,0,False,False,False,False,False,False,True,False,1,False,False,,Britannia Industries Ltd.,Fast Moving Consumer Goods,EQ,INE216A01030,SELL,Stage 4 takes precedence: the guide requires SELL regardless of RS.
MAPMYINDIA,2026-09-28,866.0999755859375,0.03329798271363438,0.02968465132850473,-0.4823966035731174,-0.46466042023806653,-0.1701552814110821,950.8187878838901,-1.4763714680919748,Stage 4 — Declining,1000.8950913373162,1992.1530909053106,False,792.673490779813,0.2910914819228355,1.3350153904781483,172249699.74643248,999.0371997070313,True,-8.910090269303561,False,-56.524426785275395,False,False,True,False,False,False,False,False,954.4783984375,1081.5106146240234,False,3.480298662030651,1,0.7029364022190612,29.355173571349667,0.48005087109040573,False,1218.7729003334596,0.03895709413476981,0.08382900244426521,False,40.71965531564994,15.0,True,False,1,False,False,False,False,False,False,False,False,0,False,False,,C.E. Info Systems Ltd.,Information Technology,EQ,INE0BV301023,SELL,Stage 4 takes precedence: the guide requires SELL regardless of RS.
CCL,2026-09-28,1031.5999755859375,-0.11066534350052515,-0.02288266521937099,0.09973294196400229,0.16658401335097794,0.004420720618911793,1111.2435582827216,0.2242339353651701,Stage 1 — Basing,1113.7396335975798,1238.748718225596,False,811.0436585583728,0.5211524109556817,0.6081382617164562,145827870.4385315,1112.0591674804687,True,-7.167068110600572,False,-16.722418323579113,False,False,True,True,True,False,False,False,1109.1765966796875,1073.1795941162109,True,2.351411315041911,2,0.8575751149646019,15.345056129715568,0.8469468533729606,False,1211.6243946054,0.046401268319098334,0.05366696390298339,False,17.450991012016125,51.0,True,True,3,False,True,True,True,False,False,True,False,4,False,False,3.0,CCL Products (I) Ltd.,Fast Moving Consumer Goods,EQ,INE421D01022,WATCH,Stage 1 + RS 51; adequate RS in a basing stage remains WATCH.
CESC,2026-09-29,133.8699951171875,-0.15595355856236348,-0.08175969898921709,-0.1569274322540719,-0.11255270078899449,-0.1326293898314021,159.29344613211495,-0.4801402943931943,Stage 4 — Declining,151.43148773791742,197.1955548334318,False,132.5,2.55682861052421,0.5470955685214863,276501038.91402435,151.27683166503905,True,-15.96013623425645,False,-32.1130766713958,False,False,False,False,True,True,False,False,159.18035634358725,157.50157707214356,False,2.2009610062526046,1,1.8262509399490456,20.111619225878457,1.257630134967596,False,165.8564095505126,0.0060571917613315,0.008393154376327705,False,23.893639799810806,22.0,True,False,0,False,True,False,False,False,False,False,False,1,False,False,,CESC Ltd.,Power,EQ,INE486A01021,SELL,Stage 4 takes precedence: the guide requires SELL regardless of RS.
CGPOWER,2026-09-29,858.0499877929688,-0.10269282322303919,0.28460209912686696,0.3286115266808365,0.15073441087145656,0.11171247804661633,849.7925157611872,1.2655219854414312,Stage 2 — Advancing,882.6980363434436,980.9000244140625,False,524.3427016609982,0.7609698595172099,0.8741619791356466,1981746784.7085814,882.0549975585938,True,0.9717044900524829,False,-12.524215879643574,True,False,True,True,False,False,False,False,847.2323323567708,795.3779550170898,True,2.8786210825443046,1,0.7376889189569963,12.475835060586734,0.6489182679092188,False,931.0,0.03882403455920405,0.04225141794270595,False,8.50183710096768,67.0,True,True,4,True,True,True,True,False,True,True,False,6,False,False,,CG Power and Industrial Solutions Ltd.,Capital Goods,EQ,INE067A01029,HOLD,Stage 2 + RS 67; trend/leadership is adequate without a stronger entry trigger.
CIEINDIA,2026-09-28,383.3500061035156,-0.1866114660883198,-0.12918750871740525,-0.011160097183553597,-0.0674789099871913,-0.11620988961295797,440.22564928778286,-1.288355273718389,Stage 4 — Declining,402.2980382582721,518.5450350593709,False,366.8999938964844,0.3623162519645488,0.8155019206127173,95281173.51503296,400.8679992675781,True,-12.919656834235639,False,-26.07199371610531,False,False,False,False,False,False,False,False,441.6542889404297,434.18078155517577,False,2.5210081357727367,2,0.46168395418826286,22.992972086008518,0.6555499464210489,False,476.45001220703125,0.017243046640471143,0.021752426586580807,False,24.285901818500545,25.0,True,False,0,False,True,False,False,False,False,False,False,1,False,False,,CIE Automotive India Ltd.,Automobile and Auto Components,EQ,INE536H01010,SELL,Stage 4 takes precedence: the guide requires SELL regardless of RS.
CMSINFO,2026-09-29,229.1699981689453,-0.21252617810792385,-0.1444926470462583,-0.3190824666858353,-0.3764840739220967,-0.2530223087740076,275.34220325703524,-1.7687039092311507,Stage 4 — Declining,248.46221834070542,385.6351549871131,False,220.99000549316406,0.4791240273273334,0.8915590406453028,202415834.98919296,247.99185150146485,True,-16.769025794780767,False,-40.573364433902924,False,False,False,False,False,False,False,False,275.7918980916341,288.2167337799072,False,2.951848404990366,2,0.8089972232880558,22.41549040985883,1.320270928124448,False,284.83779385936305,0.01036921397986269,0.016220686612062708,False,24.291048625561864,5.0,True,False,0,False,False,False,False,False,False,False,False,0,False,False,,CMS Info Systems Ltd.,Services,EQ,INE925R01014,SELL,Stage 4 takes precedence: the guide requires SELL regardless of RS.
CORONA,2026-09-28,2053.300048828125,,,,,,1861.3978785021552,2.2229765894341336,Stage 2 — Advancing,2117.0607838350184,,False,,0.38831159987896546,3.2540039069923,122347855.65715332,2118.48,True,10.309572850721803,False,,True,False,True,True,False,False,False,False,1852.3145662434895,,False,3.5027217166725104,1,1.2238614733849171,12.122662457786056,0.6102353408870531,False,2292.39990234375,0.09235723997683887,,False,11.644662145315099,,True,False,3,False,False,False,False,False,False,False,False,0,False,False,,CORONA Remedies Ltd.,Healthcare,EQ,INE02ZQ01018,WAIT,Stage 2 + RS unavailable; wait because the close is below its 50-session average — short-term timing has weakened even though the 30-week trend is intact.
CRISIL,2026-09-28,4650.60009765625,0.13971561283819134,0.2245063545404622,0.10487050315397095,0.021697653762647207,0.12610114742669262,4230.374759226832,0.12717467718041942,Stage 2 — Advancing,4551.1160546875,5005.771680286142,False,3669.9050085491053,2.2092838025152512,2.1121303373768843,269671469.62741697,4551.1160546875,False,9.933525097578366,False,-7.095241359661653,True,True,True,True,False,False,False,False,4237.720519205729,4304.609803466797,True,2.8705965320485727,1,0.8578704912747301,13.444635518359677,0.9052152505688995,False,4872.0,0.20918354796742225,0.20918354796742225,True,4.760673841969942,69.0,True,True,5,True,False,True,True,True,False,True,False,5,False,True,,CRISIL Ltd.,Financial Services,EQ,INE007A01025,HOLD,Stage 2 + RS 69; trend/leadership is adequate without a stronger entry trigger.
CSBBANK,2026-09-28,323.75,-0.0026186262708958186,-0.0848056537102474,-0.2306321069588928,-0.10231524891436872,-0.08459805242506012,353.11301348960563,-1.209810659882915,Stage 4 — Declining,329.0735300101486,574.4000244140625,False,295.0,0.4458905377135511,1.4017929685216994,306640091.3660828,328.4360003662109,True,-8.315471921985672,False,-43.63684083574807,False,False,False,False,False,False,False,False,354.24866638183596,376.5829998779297,False,3.767237297685121,2,1.034655137040973,20.656264205079445,2.73629296102487,False,371.79998779296875,0.014562244061488584,0.023170654398313482,False,14.841695071187267,32.0,True,False,0,False,False,False,False,False,False,False,False,0,False,False,,CSB Bank Ltd.,Financial Services,EQ,INE679A01013,SELL,Stage 4 takes precedence: the guide requires SELL regardless of RS.
CAMPUS,2026-09-28,211.0399932861328,-0.10663672493853515,-0.05033988242128118,-0.18743226750105546,-0.19786162038167976,-0.12978144403621736,230.83395782888752,-1.5474644669536852,Stage 4 — Declining,219.08368069517846,285.84084278783837,False,207.1999969482422,0.4955546480823525,0.37190250862748686,71746029.6738182,218.99181579589845,True,-8.57497949128766,False,-26.168705903664545,False,False,False,False,True,True,False,False,231.6042490641276,238.67040260314943,False,1.8337764309068618,2,0.6681650652497736,11.282383112483245,0.20540889084970332,False,233.5500030517578,0.009492558730401786,0.012172838168143947,False,10.6662293791421,23.0,True,False,0,False,False,False,False,False,False,False,False,0,False,False,,Campus Activewear Ltd.,Consumer Durables,EQ,INE278Y01022,SELL,Stage 4 takes precedence: the guide requires SELL regardless of RS.
CANFINHOME,2026-09-28,737.5999755859375,-0.16006819628743085,-0.09430233964664647,-0.19560424609501725,0.00865123035399007,-0.12027834959250709,834.0618348840164,-0.9609898373017067,Stage 4 — Declining,802.4617668600644,962.6932158005569,False,728.0282170709966,0.4257594053964957,0.5983412978845944,199979362.6346527,801.3680017089844,True,-11.56531269788802,False,-23.381616959608074,False,False,False,False,True,True,False,False,834.9588448079427,853.0349038696289,False,2.2766904872275258,2,0.8751079458710411,15.405418581691432,1.1598675424431175,False,868.8499755859375,0.0331771764146114,0.04003540771606025,False,17.794197985939064,25.0,True,False,0,False,False,False,False,False,False,True,False,1,False,False,,Can Fin Homes Ltd.,Financial Services,EQ,INE477A01020,SELL,Stage 4 takes precedence: the guide requires SELL regardless of RS.
CANBK,2026-09-29,119.51000213623047,-0.050452871788710496,-0.05364221494536292,-0.18200121359730292,0.024671062744918038,-0.06237562187503377,129.01093697061344,-1.275012645855278,Stage 4 — Declining,126.58019690420113,157.68821233301085,False,117.05850285004495,1.3786939680587027,0.5775548486505491,1429247908.6109588,126.56140090942382,True,-7.364441385730835,False,-24.211201098630287,False,False,False,False,True,True,False,False,129.4974212137858,133.6522983932495,False,1.8486190332856807,1,1.318537008863834,11.328977358506572,0.6666709815271666,False,133.11000061035156,0.005407447723461856,0.006615632246604448,False,11.379799373292897,38.0,True,False,0,False,False,False,False,False,False,True,False,1,False,False,,Canara Bank,Financial Services,EQ,INE476A01022,SELL,Stage 4 takes precedence: the guide requires SELL regardless of RS.
CANHLIFE,2026-09-28,147.77999877929688,,,,,,145.07905599515732,0.158291761224727,Stage 2 — Advancing,151.23664736280253,,False,,0.35628182396013625,0.3386314971352055,122570661.75851898,151.27395568847658,True,1.8617041347647856,False,,True,False,True,True,True,True,False,False,145.12995005289713,144.7441790008545,True,3.7971501173327518,1,0.7528618644007541,18.386094721656654,0.4125815315510539,False,166.24617118007782,0.006647130222797238,,False,12.495718333547545,,True,False,3,True,True,True,True,False,False,False,False,4,False,False,,Canara HSBC Life Insurance Company Ltd.,Financial Services,EQ,INE01TY01017,REDUCE,Stage 2 + RS unavailable; distribution warning (U/D 0.34) triggers REDUCE.
CRAMC,2026-09-28,225.39999389648438,,,,,,248.16581893293824,-0.6349005527197193,Stage 4 — Declining,251.39392119762945,,False,,0.24011112121390657,0.25119392830233894,97474624.51111908,251.3057995605469,True,-9.173634441012958,False,,False,False,True,False,True,True,False,False,248.2318105061849,255.40422248840332,False,2.5684484557646647,3,0.37878066673502353,23.77550812805591,0.4084450317834568,False,294.0,0.010138470185571097,,False,30.434786140686576,,True,False,1,False,False,False,False,False,False,False,False,0,False,False,,Canara Robeco Asset Management Company Ltd.,Financial Services,EQ,INE218I01013,SELL,Stage 4 takes precedence: the guide requires SELL regardless of RS.
CAPILLARY,2026-09-28,576.3499755859375,,,,,,514.6284236124117,-0.08763108858167445,Stage 3 — Topping,507.45489801145067,,False,,0.1819429570361499,1.9281194581545742,224209348.60473785,507.9379962158203,False,11.993420717082447,False,,True,True,False,False,False,False,False,False,514.6159989420573,542.9784991455078,False,4.936856231456058,1,1.7995875837564173,28.030551464878865,0.9047760576692084,False,608.7999877929688,0.025924166824140258,,False,5.630261747481025,,True,False,2,True,False,False,False,True,False,False,False,2,False,False,,Capillary Technologies India Ltd.,Information Technology,EQ,INE0ILV01024,REDUCE,Stage 3 with RS unavailable; the guide requires REDUCE when RS is 50 or higher.
CAPLIPOINT,2026-09-29,2744.0,0.07441015778770277,0.7669901309958609,0.45420237505154337,0.36985258217038175,0.34797308075863836,2224.301648283658,3.183394009176599,Stage 2 — Advancing,2625.3244964001224,2990.0,False,1495.027411428422,0.48019819964414867,3.624996898221583,675486835.4855347,2625.751337890625,False,23.364562631033348,True,-8.22742474916388,True,True,True,True,False,False,False,False,2210.6146850585938,2111.2797479248047,True,3.959577810221441,0,1.9405893050582683,20.440477644479156,1.511651953663892,False,2990.0,0.12415727795122393,0.12837264726328468,False,8.965014577259467,87.0,True,True,5,True,True,True,True,True,True,True,True,8,True,False,,Caplin Point Laboratories Ltd.,Healthcare,EQ,INE475E01026,WAIT,"Stage 2 + RS 87; wait because price is more than 20% above the 30-week line (currently +23%) — the guide treats that as poor entry timing, not a failed trend."
CGCL,2026-09-28,248.89999389648438,0.14552680970287346,0.5046717307869877,0.39394110822689576,0.3445069023402232,0.30683467215197074,213.5460143415895,2.98030183280229,Stage 2 — Advancing,247.09906005859375,287.45001220703125,False,150.98878430750037,0.3946940148052506,1.467587713515551,1084017655.9259086,247.04432220458983,False,16.555672866992687,False,-13.411033805342765,True,True,True,True,False,False,False,False,212.2815904744466,203.59399795532227,True,3.5269470501702656,3,0.6511372949192765,24.5641854762621,0.5472062052015946,False,287.45001220703125,0.011195497939841311,0.012036560751293977,False,15.488155586930041,85.0,True,True,5,True,True,True,True,True,True,True,True,8,True,False,,Capri Global Capital Ltd.,Financial Services,EQ,INE180C01042,HOLD,Stage 2 + RS 85; trend/leadership is adequate without a stronger entry trigger.
CARBORUNIV,2026-09-28,1247.800048828125,0.09400442119153851,0.6295684248837006,0.47776132122728754,0.3622585340909863,0.33151942451701033,1025.6194959666632,2.339782675429647,Stage 2 — Advancing,1114.4874195772059,1368.9000244140625,False,733.4511840295453,0.6402000966037048,5.388056551342093,725218556.3593384,1115.084892578125,False,21.66305864262583,True,-8.846517161673118,True,True,True,True,False,False,False,False,1020.461728515625,971.7057369995117,True,4.284685829466105,2,3.7231512260847293,25.626418479923675,5.534475367238559,False,1368.9000244140625,0.0561259269528109,0.05748782945009371,False,9.705078606117134,86.0,True,True,5,True,True,True,True,True,True,True,True,8,True,False,,Carborundum Universal Ltd.,Capital Goods,EQ,INE120A01034,WAIT,"Stage 2 + RS 86; wait because price is more than 20% above the 30-week line (currently +22%) — the guide treats that as poor entry timing, not a failed trend."
CARTRADE,2026-09-29,2907.5,0.09362066245433964,0.67078501412556,0.07925018559762442,0.1628139951831924,0.22001810396301122,2346.149652390253,2.956478276902108,Stage 2 — Advancing,2918.1137216605393,3290.5,False,1600.0,0.5068740848098205,1.5867584965986368,976036158.4795654,2921.95599609375,True,23.92645102744595,True,-11.639568454642147,True,False,True,True,False,False,False,False,2335.5386588541664,2380.639993896484,False,4.034884309551959,3,0.623609558446226,19.00429939593577,0.5336263652224583,False,3254.0,0.13155513325188906,0.1374831756495575,False,11.917454858125542,79.0,True,True,4,True,False,False,True,False,True,True,True,5,False,False,,Cartrade Tech Ltd.,Consumer Services,EQ,INE290S01011,HOLD,Stage 2 + RS 79; trend/leadership is adequate without a stronger entry trigger.
CASTROLIND,2026-09-28,201.0399932861328,0.12074660542069382,0.1866163212738554,0.10472751030680749,0.09230728926025322,0.12502886633646076,180.16696647748554,0.7022260788299484,Stage 2 — Advancing,186.78512992110907,203.39999389648438,True,164.60383017436243,1.7129402266424971,1.8044658510338023,650083748.4560776,186.95451293945314,False,11.585379504769344,False,-1.1602756544587867,True,True,True,True,False,False,True,True,180.05489318847657,178.9585540008545,True,1.7434328344954904,1,2.911439324363504,12.646363991249517,2.2411141763002864,False,203.39999389648438,0.009042759686031483,0.009042759686031483,True,1.1738960849410063,69.0,True,True,5,True,True,True,True,True,False,True,False,6,False,False,,Castrol India Ltd.,Oil Gas & Consumable Fuels,EQ,INE172A01027,WAIT,"Stage 2 + RS 69; wait because a breakout without leadership is not an entry: RS needs 80, short by 11."
CEATLTD,2026-09-28,3274.699951171875,-0.052113181882554316,-0.04469513428902483,-0.14248405132090491,-0.026878925707763734,-0.06365689501656042,3436.5509618471747,-0.7163304008120375,Stage 4 — Declining,3461.262762331495,4393.1588210528225,False,3030.269696896854,0.7905106493467339,1.22423322834581,181792914.20273438,3463.0305615234374,True,-4.709693307975959,False,-25.459103925883298,False,False,True,False,False,False,False,False,3441.966271158854,3527.148645019531,False,2.2894128252212482,3,1.0042130012889876,15.255699449668688,0.47396601844355307,False,3824.800048828125,0.14729569086365896,0.17929129202358526,False,16.798488590058234,37.0,True,False,1,False,False,False,False,False,False,False,False,0,False,False,,Ceat Ltd.,Automobile and Auto Components,EQ,INE482A01020,SELL,Stage 4 takes precedence: the guide requires SELL regardless of RS.
CELLO,2026-09-29,333.3500061035156,-0.10486326833837001,-0.14910832217061254,-0.38092648045969346,-0.4105696830326486,-0.2300662044679389,377.85462387293984,-1.803791573880431,Stage 4 — Declining,348.2224043303845,670.829945323981,False,314.6000061035156,0.1965081600190867,0.977024757705968,107569643.51108246,348.00166381835936,True,-11.778238231746418,False,-50.30782265652699,False,False,False,False,False,False,False,False,378.90523824055987,412.4973114013672,False,2.8348585975311735,1,1.2172642422972328,23.043049046557076,0.4134087701582095,False,408.79998779296875,0.015083028193453491,0.02753179727422853,False,22.633862399277582,7.0,True,False,0,False,False,False,False,False,False,False,False,0,False,False,,Cello World Ltd.,Consumer Durables,EQ,INE0LMW01024,SELL,Stage 4 takes precedence: the guide requires SELL regardless of RS.
CEMPRO,2026-09-29,1223.300048828125,-0.0235472532329436,1.3265304511548757,0.5761863796904163,0.5712390678907708,0.4853722784540351,1060.2249249309098,4.190538407522992,Stage 2 — Advancing,1299.9568660960479,1649.199951171875,False,502.01526853255285,0.3066995042798949,1.0648458859705212,287445577.7723938,1293.16400390625,True,15.381181866464999,False,-25.824637093950763,True,False,True,True,False,False,False,False,1050.6985404459635,961.1201843261719,True,3.538439466735609,3,0.41344376565582336,29.603413738369433,0.43935844839664406,True,1639.0,0.055350438841144066,0.07021194828567799,False,33.98184701865252,92.0,True,True,4,True,True,True,True,False,True,False,True,6,False,False,,Cemindia Projects Ltd.,Construction,EQ,INE686A01026,WAIT,Stage 2 + RS 92; wait because the close is below its 50-session average — short-term timing has weakened even though the 30-week trend is intact.
CENTRALBK,2026-09-29,30.040000915527344,-0.10648417995522896,-0.07479016605194011,-0.16082674721507506,-0.15604740954829155,-0.12092653654515292,32.630005933800525,-1.4184150800268136,Stage 4 — Declining,31.002745123470532,40.260706628503506,False,29.31999969482422,1.0751847224776279,1.9179501782515667,220848075.66027364,30.982400016784666,True,-7.937494781728704,False,-25.38630483385549,False,False,False,False,False,False,False,False,32.76950145721435,33.74685290336609,False,1.961669640768656,2,1.6269824447705201,7.746919808709424,1.3710257644480033,False,32.400001525878906,0.0013592145566050109,0.0017017594022940917,False,7.856193536704259,25.0,True,False,0,False,False,False,False,False,False,False,False,0,False,False,,Central Bank of India,Financial Services,EQ,INE483A01010,SELL,Stage 4 takes precedence: the guide requires SELL regardless of RS.
CDSL,2026-09-28,1289.0,-0.012332598158883767,0.11052499564865537,-0.12270992093704436,-0.11374389683210184,-0.030118803687651675,1291.1630123608734,0.11301907979517356,Stage 1 — Basing,1355.7509789560356,1658.570789743815,False,1106.2094182590258,0.9169432789951886,0.8018011016438946,1487008719.673462,1355.1619995117187,True,-0.1675243435697804,False,-22.282485138961082,False,False,True,True,False,False,False,False,1291.2147875976561,1316.5905657958983,False,2.6532198206146793,2,1.289098919420964,11.141868512110726,0.7689762300275221,False,1445.0,0.05797909681933215,0.06888926562710396,False,12.102404965089208,46.0,True,False,2,False,False,False,True,False,False,True,False,2,False,False,2.0,Central Depository Services (India) Ltd.,Financial Services,EQ,INE736A01011,AVOID,Stage 1 + RS 46; weak RS in a basing stage is AVOID.
CENTURYPLY,2026-09-28,679.0499877929688,-0.09884858438807342,-0.026467475660275852,-0.17769528614887387,-0.14882163006795013,-0.11013631213064934,748.6172359936858,-0.4522468122197143,Stage 4 — Declining,751.1529026405484,857.8455599050699,False,617.6687891415212,0.7502059164895083,0.39479289770418896,48219792.68187256,750.2693664550782,True,-9.292766029942678,False,-20.842396401968532,False,False,True,False,True,True,False,False,748.6478698730468,759.1286828613281,False,2.840103578781335,2,0.9806349464174463,18.12668390658364,1.5583408684668643,False,826.8872354303471,0.030543603558894378,0.03593825843607215,False,21.771187732124897,27.0,False,False,1,False,False,False,False,False,False,True,False,1,False,False,,Century Plyboards (India) Ltd.,Consumer Durables,EQ,INE348B01021,SELL,Stage 4 takes precedence: the guide requires SELL regardless of RS.
CERA,2026-09-28,5196.0,-0.16973523597972517,0.13263461294885626,0.014474173417810876,-0.14944720984061677,-0.06836177908668001,5606.187021751926,0.6354409201795308,Stage 1 — Basing,5836.843137254902,6663.070811519553,False,4410.181828561342,2.9117540805937794,0.5519711733225304,40229070.4,5829.92,True,-7.316684587232047,False,-22.01793817023804,False,False,True,True,True,True,False,False,5586.9000032552085,5464.2722998046875,True,2.1156384031672717,2,1.278421502336176,20.45892045892046,1.091775264189728,False,6493.5,0.23371558345480983,0.283101598001086,False,24.971131639722866,36.0,False,False,2,False,True,True,True,False,False,True,False,4,False,False,1.0,Cera Sanitaryware Ltd,Consumer Durables,EQ,INE739E01017,AVOID,Stage 1 + RS 36; weak RS in a basing stage is AVOID.
CHALET,2026-09-28,868.9500122070312,0.062267055812293304,0.2000049730213591,0.003916273350492494,-0.0893900843656642,0.04781305472615481,805.9900851315015,0.14382954506990675,Stage 2 — Advancing,858.8014801623774,990.7682392873836,False,690.5603579956495,0.4340078972544777,0.8314034364651877,142365207.9905548,858.8770629882813,False,7.811501436181745,False,-12.295330254830429,True,True,True,True,False,False,False,False,806.5101782226562,821.4714758300781,False,2.8502888701885754,3,0.8878013561949305,16.47960211484916,0.8745870102645545,False,938.876442200896,0.03908528850962864,0.042093505744864666,False,8.047232753499811,58.0,True,True,5,True,False,False,True,True,False,True,False,4,False,False,,Chalet Hotels Ltd.,Consumer Services,EQ,INE427F01016,HOLD,Stage 2 + RS 58; trend/leadership is adequate without a stronger entry trigger.
CHAMBLFERT,2026-09-29,413.54998779296875,-0.11624873082112486,-0.0019787049311047467,-0.11792265905140409,-0.16672522642457321,-0.10382481040986635,440.22249037554474,-0.5298344720276571,Stage 4 — Declining,428.0070052801394,509.57104264148865,False,394.4382907843191,1.344651170628148,1.3293136325904114,198158496.1704773,427.89887634277346,True,-6.058868677931972,False,-18.843506952587173,False,False,False,False,False,False,False,False,440.4892171223958,441.6350224304199,False,1.6710705621751623,2,0.7432569826726461,12.73078540043208,0.9770593677939822,False,459.95600595043254,0.01871182244210528,0.022031112677056215,False,11.221380613531906,28.0,True,False,0,False,False,False,False,False,False,True,False,1,False,False,,Chambal Fertilizers & Chemicals Ltd.,Chemicals,EQ,INE085A01013,SELL,Stage 4 takes precedence: the guide requires SELL regardless of RS.
CHENNPETRO,2026-09-29,1436.9000244140625,0.29967112628812376,0.5748268468912379,0.8613793921915136,0.9800093003078487,0.6031115583933696,1138.5626071229274,3.1845218549041876,Stage 2 — Advancing,1360.5051197725184,1677.5,False,681.4494121069772,1.2991414036886757,2.2247187650512843,2896709592.8476195,1363.6046411132813,False,26.202987470756135,True,-14.342770526732485,True,True,True,True,False,False,False,False,1133.5073286946615,1055.051116027832,True,4.814431173628308,2,0.6934109609249888,34.31021736157006,0.6530554578880584,False,1677.5,0.06501515878983134,0.07085984886487401,False,16.744378279487403,95.0,True,True,5,True,True,True,True,True,True,True,True,8,True,False,,Chennai Petroleum Corporation Ltd.,Oil Gas & Consumable Fuels,EQ,INE178A01016,WAIT,"Stage 2 + RS 95; wait because price is more than 20% above the 30-week line (currently +26%) — the guide treats that as poor entry timing, not a failed trend."
CHOICEIN,2026-09-28,756.9000244140625,0.04565869992794003,0.17989091880602115,-0.0797568092230243,-0.05910869174147193,0.026468563539480988,726.5910333041487,-0.1540491697645141,Stage 3 — Topping,787.9147087545956,860.5,False,568.7000122070312,0.9107235932776835,1.1026731803023786,287318585.4879028,787.3720031738281,True,4.171396249150594,False,-12.039509074484311,True,False,True,False,False,False,False,False,727.4689990234375,743.5862487792969,False,2.9938864623790495,2,1.7533706835432843,15.533186714640316,0.6034093892623295,False,854.2999877929688,0.03404529076653049,0.03597957632754474,False,12.868273251055351,54.0,True,True,3,True,False,False,True,False,True,True,False,4,False,False,,Choice International Ltd.,Financial Services,EQ,INE102B01014,REDUCE,Stage 3 with RS 54; the guide requires REDUCE when RS is 50 or higher.
CHOLAHLDNG,2026-09-28,1390.4000244140625,-0.15840231346769007,0.0017981985823387614,-0.2512388900239574,-0.24358684711952017,-0.1619664330993038,1559.0009656932257,-1.0079929773260443,Stage 4 — Declining,1529.7869801240809,2062.371871375786,False,1303.9706528841405,1.0223891742266729,0.673269679264407,230165036.80881348,1529.3412231445313,True,-10.814678437623225,False,-32.58247730626089,False,False,False,False,True,False,False,False,1561.7852563476563,1613.9425360107423,False,2.8886846273121103,2,1.7153410890348793,16.839562796856153,1.3374096187230455,False,1658.0,0.06254006022738923,0.0851296614131479,False,19.246257975197366,16.0,True,False,0,False,False,False,False,False,False,False,False,0,False,False,,Cholamandalam Financial Holdings Ltd.,Financial Services,EQ,INE149A01033,SELL,Stage 4 takes precedence: the guide requires SELL regardless of RS.
CHOLAFIN,2026-09-29,1627.300048828125,-0.08233414116788285,0.14943098999592586,-0.04099560382167533,0.023532544359617047,-0.006540070360379626,1676.336704799107,0.04465020103847639,Stage 1 — Basing,1821.2450980392157,1952.5,False,1298.889892127893,1.06749124069678,0.46098345416766007,2518381249.955762,1822.4939990234375,True,-2.9252271235604033,False,-16.655567281530093,False,False,True,True,True,True,False,False,1677.685606282552,1682.7328778076171,True,3.004099708887749,2,0.846147334617525,18.04353643165813,1.369487892522914,False,1952.5,0.0736301546911056,0.08175495276422576,False,19.984019013952746,49.0,True,False,2,False,False,True,True,False,False,True,False,3,False,False,1.0,Cholamandalam Investment and Finance Company Ltd.,Financial Services,EQ,INE121A01024,AVOID,Stage 1 + RS 49; weak RS in a basing stage is AVOID.
CIPLA,2026-09-29,1379.300048828125,-0.05144070422508018,0.12069546595064207,-0.06811245040864011,-0.06435485207886027,-0.02293064899740374,1365.791449099171,0.26185249430383806,Stage 2 — Advancing,1417.319606407016,1657.4505258313652,False,1154.8655900414417,1.439990232959755,0.6316752150802112,1286343652.745221,1417.0159985351563,True,0.9890675284183414,False,-16.781826827906187,True,False,True,True,True,False,False,False,1365.2405232747396,1373.041202392578,False,1.7596919596844192,2,0.6386766837020971,9.851120383172436,1.006086219763338,False,1491.199951171875,0.062408942981228226,0.06936841281049856,False,8.112803478751562,47.0,True,False,3,True,False,False,True,False,False,True,False,3,False,False,,Cipla Ltd.,Healthcare,EQ,INE059A01026,REDUCE,Stage 2 + RS 47; distribution warning (U/D 0.63) triggers REDUCE.
CUB,2026-09-29,214.91000366210938,0.07654291055157647,0.14005204093014467,-0.03250980741546328,0.37630827462292427,0.12738726584815174,204.26215430019664,0.4824672557824261,Stage 2 — Advancing,222.05003356933594,248.85000610351562,False,154.58923720037282,0.5075782902789202,1.0059726129296733,491979653.9434303,221.93709777832032,True,5.212835142365124,False,-13.638738842259867,True,False,True,True,False,False,False,False,204.45483327229817,206.23898712158203,True,3.6610001781715167,1,0.639298816503437,19.332931255922475,0.7370568926485612,False,248.85000610351562,0.009723994555092954,0.010323305928318278,False,15.792658258369464,69.0,True,True,4,True,False,True,True,False,True,True,False,5,False,False,,City Union Bank Ltd.,Financial Services,EQ,INE491A01021,HOLD,Stage 2 + RS 69; trend/leadership is adequate without a stronger entry trigger.
CLEAN,2026-09-28,781.7000122070312,0.008129345989722925,0.1566762534245678,-0.10510568906182705,-0.2849623252502057,-0.04342661378160381,775.2191433841235,0.8319289417876297,Stage 2 — Advancing,802.3387810202206,1110.008269186581,False,648.9423872407145,0.46553817823433086,1.196211019943921,303245810.1647247,803.8580065917969,True,0.8360047450087782,False,-29.57710010756366,True,False,True,True,False,False,False,False,773.8131876627605,789.2341268920899,False,3.0729732229797855,1,1.0134100209017147,18.343157558199373,0.7312436295789907,False,872.8499755859375,0.03516079184749774,0.048247345547347165,False,11.660478694576938,42.0,True,False,3,False,False,False,True,False,False,False,False,1,False,False,,Clean Science and Technology Ltd.,Chemicals,EQ,INE227W01023,WAIT,Stage 2 + RS 42; wait because the close is below its 50-session average — short-term timing has weakened even though the 30-week trend is intact.
COALINDIA,2026-09-29,425.0,-0.01960522045577262,-0.02004570314767673,0.10294298171904326,0.1688570566479879,0.04250877886156183,429.97915919297407,0.0755439019394899,Stage 1 — Basing,411.60373044481463,478.7148398145708,False,355.1755291130353,0.8835141656757093,3.8231068615839843,3861693545.3572235,411.4308874511719,False,-1.1580001231500159,False,-11.22063394470435,False,True,False,True,False,False,False,False,429.84296223958336,423.09316162109377,True,1.6773102063090861,2,0.775878850646146,10.416433859109516,0.8330988008553178,False,436.29998779296875,0.019229899099588253,0.021468645286866962,False,2.658820657169114,58.0,True,True,3,False,True,True,False,True,False,True,False,4,False,False,4.0,Coal India Ltd.,Oil Gas & Consumable Fuels,EQ,INE522F01014,WATCH,Stage 1 + RS 58; adequate RS in a basing stage remains WATCH.
COCHINSHIP,2026-09-29,1359.300048828125,-0.04677089532460543,0.08277353888495398,-0.1669797896178833,-0.22846305190174665,-0.08124221865677736,1469.1869818239795,-0.6448636595750568,Stage 4 — Declining,1443.8505715762867,1918.7997843558994,False,1185.6655491296951,1.416302481156229,0.6954476206729001,1538235755.8026977,1444.6531787109375,True,-7.47943824409818,False,-29.158838774603403,False,False,False,False,True,False,False,False,1469.6336686197917,1488.9002392578125,False,3.5323284208814387,2,1.263793901552126,18.188730747165025,0.7021838079596698,False,1576.1261711513655,0.06150400655301231,0.08072523977174088,False,15.951306888436424,33.0,True,False,0,False,False,False,False,False,False,False,False,0,False,False,,Cochin Shipyard Ltd.,Capital Goods,EQ,INE704P01025,SELL,Stage 4 takes precedence: the guide requires SELL regardless of RS.
COFORGE,2026-09-29,1722.0,0.1573096178216813,0.5078288513590863,0.02782374906646745,0.1171064785191811,0.1934756629176195,1484.4164798243517,2.2909880480898037,Stage 2 — Advancing,1797.6135948031556,2021.199951171875,False,1005.7569371911586,0.7233870414109449,0.3696419247010619,4148347838.865796,1803.7553149414061,True,16.005179368782073,False,-14.803085216700174,True,False,True,True,True,True,False,False,1478.6663826497395,1514.7772979736328,False,3.059150995811816,3,0.3246204529941606,29.414389231097115,0.5952761697743021,True,2021.199951171875,0.07791502646939052,0.0856236320849553,False,17.375142344475904,76.0,True,True,4,True,False,False,True,False,True,True,True,5,False,False,,Coforge Ltd.,Information Technology,EQ,INE591G01025,REDUCE,Stage 2 + RS 76; distribution warning (U/D 0.37) triggers REDUCE.
COHANCE,2026-09-29,457.8999938964844,0.01721648362785988,0.51271878239405,-0.13993243257186128,-0.4775217011174503,-0.014060476807908368,414.380952588555,2.175626742458059,Stage 2 — Advancing,445.18137374578737,917.8499755859375,False,266.70001220703125,1.2988478283837854,2.6512792705886015,532352680.0973694,445.17200134277346,False,10.502181877828765,False,-50.11167335880028,True,True,True,True,False,False,False,False,412.28533365885414,415.98000045776365,False,3.6736021917434893,1,1.8148202844695822,15.082644628099173,1.5611967536457665,False,484.0,0.020718519247838758,0.03876799277184219,False,5.699935892424568,48.0,True,False,4,True,False,False,True,True,True,False,False,4,False,False,,Cohance Lifesciences Ltd.,Healthcare,EQ,INE03QK01018,WAIT,Stage 2 + RS 48; wait because relative strength is below 50 — the trend has turned up but the stock still lags most of the universe.
COLPAL,2026-09-28,1845.9000244140625,-0.07380831690212619,-0.005081896974850508,-0.10526960108511174,-0.15125650591840023,-0.08184492755652298,1996.8315739043771,-1.0827303239013153,Stage 4 — Declining,1939.0608005897673,2278.1147610448475,False,1761.237851420491,1.029115635806098,0.8845180941842081,785612637.8329163,1935.5800146484376,True,-7.558551830948879,False,-18.972474259047058,False,False,False,False,False,False,False,False,2003.2559464518229,2026.9518334960937,False,2.0593896204818134,2,0.876969825647993,19.48585641036275,1.5586917037814327,False,2213.39990234375,0.08302840669845657,0.09724264593398889,False,19.908980609409866,33.0,True,False,0,False,False,False,False,False,False,True,False,1,False,False,,Colgate Palmolive (India) Ltd.,Fast Moving Consumer Goods,EQ,INE259A01022,SELL,Stage 4 takes precedence: the guide requires SELL regardless of RS.
CAMS,2026-09-29,666.0,-0.14844001742180268,0.05346315794961454,-0.08510339488096963,-0.10517345215649077,-0.08673874478629025,741.3086556155665,-0.08499733482679739,Stage 4 — Declining,750.2394971660539,837.8765073351432,False,606.3175046422562,1.7487503878797863,0.5247603292240525,761203334.5926483,749.9479699707031,True,-10.158879846483359,False,-20.513346039715863,False,False,True,False,True,True,False,False,740.365771891276,735.7271237182617,False,2.723616604537015,3,0.8061044341867519,19.666873607100513,0.8831768819653726,False,827.8651879428801,0.030134383059590063,0.03587820145273262,False,24.30408227370573,32.0,True,False,1,False,True,False,True,False,False,True,False,3,False,False,,Computer Age Management Services Ltd.,Financial Services,EQ,INE596I01020,SELL,Stage 4 takes precedence: the guide requires SELL regardless of RS.
CONCORDBIO,2026-09-29,1410.699951171875,0.12461097297312551,0.3984496043357495,0.0620765611686942,-0.1096388593316252,0.12002185042381393,1265.8838226941168,1.7756307213706357,Stage 2 — Advancing,1443.9117359834559,1657.674495573315,False,981.1254498447715,0.8897252467016142,1.3777054347431914,234954364.37462768,1446.36419921875,True,11.439922517498747,False,-14.89885650415479,True,False,True,True,False,False,False,False,1265.1065417480468,1263.6752426147461,True,4.066876520130779,3,0.8012944759654129,23.343653250773993,1.235273519343308,False,1615.0,0.06382968875489231,0.07204564827632362,False,14.482175933898066,68.0,True,True,4,True,True,True,True,False,True,True,False,6,False,False,,Concord Biotech Ltd.,Healthcare,EQ,INE338H01029,HOLD,Stage 2 + RS 68; trend/leadership is adequate without a stronger entry trigger.
CONCOR,2026-09-29,443.5,-0.053632231161430344,0.017204896406159298,-0.1369675858539393,-0.1381628668822158,-0.0730380037305713,484.9322794181149,-0.384341361070073,Stage 4 — Declining,501.3131923301547,547.7379722645398,False,419.3328127807616,1.0224263137749994,0.4014105326887399,564811249.1248382,501.55585327148435,True,-8.54393101400277,False,-19.030627333281956,False,False,True,False,True,True,False,False,485.15819193522134,490.21527236938476,False,2.721935207021908,2,1.0526022378860331,18.30415175258643,0.7443404229140748,False,542.6224187677778,0.020066965295687977,0.023133150890585416,False,22.35003805361395,35.0,True,False,1,False,False,False,True,False,False,True,False,2,False,False,,Container Corporation of India Ltd.,Services,EQ,INE111A01025,SELL,Stage 4 takes precedence: the guide requires SELL regardless of RS.
COROMANDEL,2026-09-28,1899.0999755859375,-0.0497155485834786,-0.015511423569883998,-0.18955229945264895,-0.12725008689673523,-0.08634898141724509,1976.6015181868045,-1.2185418920030555,Stage 4 — Declining,1996.686284083946,2486.7668094210435,False,1704.8401341065546,0.46092683026056663,1.123308886409476,211242119.9022522,1996.2120092773437,True,-3.920949260018858,False,-23.631762801753155,False,False,True,False,False,False,False,False,1984.7788647460939,2060.718622436523,False,2.2285001608189177,2,0.7595286792562791,11.263435529517759,1.0617228711558737,False,2129.89990234375,0.08542133541822218,0.10095075294231298,False,12.15312146410843,32.0,True,False,1,False,False,False,False,False,False,True,False,1,False,False,,Coromandel International Ltd.,Chemicals,EQ,INE169A01031,SELL,Stage 4 takes precedence: the guide requires SELL regardless of RS.
CRAFTSMAN,2026-09-29,10505.0,0.12034719231544333,0.5190379994618397,0.4958143875937646,0.5653845630531018,0.36418626694791856,9083.969669707834,2.197877306684859,Stage 2 — Advancing,10617.990196078432,11999.0,False,6316.2925601072975,0.4598810754877758,1.0086792176223183,563307811.8,10642.28,True,15.643274713155986,False,-12.45103758646554,True,False,True,True,False,False,False,False,9047.825651041667,8675.70310546875,True,4.059291493846468,2,0.7250100579825036,24.04783731977665,1.0662705540093902,False,11999.0,0.47531785892041084,0.5163305806024931,False,14.221799143265113,88.0,True,True,4,True,True,True,True,False,True,True,True,7,False,False,,Craftsman Automation Ltd.,Automobile and Auto Components,EQ,INE00LO01017,WAIT,Stage 2 + RS 88; wait because the close is below its 50-session average — short-term timing has weakened even though the 30-week trend is intact.
CREDITACC,2026-09-28,1255.199951171875,-0.14162626734658068,0.07539410870575125,-0.005072942721871976,-0.08878406448502718,-0.060343086638861856,1370.2315096920483,0.3592396089687089,Stage 1 — Basing,1465.5941114238665,1634.0,False,1113.0,0.5992557577672603,1.4381071547104072,241595793.50457153,1464.9459936523438,True,-8.395045487315212,False,-23.18237752926101,False,False,True,True,False,False,False,False,1368.289336751302,1349.7095013427734,True,2.8447382655628473,2,1.160861483146871,23.359850132917686,0.4551615790341584,False,1634.0,0.05645877385307613,0.06911154603932185,False,30.178462680345962,39.0,True,False,2,False,True,True,True,False,False,True,False,4,False,False,2.0,CreditAccess Grameen Ltd.,Financial Services,EQ,INE741K01010,AVOID,Stage 1 + RS 39; weak RS in a basing stage is AVOID.
CRIZAC,2026-09-29,169.0800018310547,-0.14489452544146353,-0.10756890193502155,-0.38603682661910177,-0.4215241783802758,-0.24098379156346528,198.75285764940742,-1.7265562031504311,Stage 4 — Declining,179.32274493049172,322.394908081455,False,159.9499969482422,1.297356343938457,2.2717685622623995,61795344.35864792,179.12699981689454,True,-14.929524118186277,False,-47.55500239217935,False,False,False,False,False,False,False,False,199.33813385009765,212.06225494384765,False,4.53673719479602,2,1.2258411719619124,21.975611244759907,0.7996825876618957,False,205.0,0.007650332646986774,0.013155457790872844,False,21.24438004491902,6.0,True,False,0,False,False,False,False,False,False,False,False,0,False,False,,Crizac Ltd.,Consumer Services,EQ,INE0S4R01014,SELL,Stage 4 takes precedence: the guide requires SELL regardless of RS.
CROMPTON,2026-09-29,211.3699951171875,-0.2178719168900577,-0.0791561684966754,-0.16244307088196686,-0.2715408621140819,-0.1897767870545679,253.58663421423256,-1.059597849437588,Stage 4 — Declining,240.44746339087393,306.8101698068928,False,211.3699951171875,1.7261605450831365,0.7294856402503619,542565038.1984184,240.14982696533204,True,-16.647817116962095,False,-31.107239616527583,False,False,False,False,False,False,False,False,253.67715108235677,252.32743507385254,False,2.0846987546450104,2,0.648131163707376,22.003691838676197,0.6898577475455178,False,271.0,0.009563820420668183,0.013242190510290918,False,28.21119660326079,11.0,True,False,0,False,True,False,False,False,False,False,False,1,False,False,,Crompton Greaves Consumer Electricals Ltd.,Consumer Durables,EQ,INE299U01018,SELL,Stage 4 takes precedence: the guide requires SELL regardless of RS.
CUMMINSIND,2026-09-28,4855.0,-0.1323522661806532,0.05695107568230373,0.13140261726975666,0.24570081163163904,0.03386999444447861,5230.2757217198205,0.3069325748881191,Stage 1 — Basing,5246.333333333333,6049.821052103703,False,3784.261865546783,1.1424353849143014,0.522671875976922,1740070841.825,5241.14,True,-7.175065745796328,False,-19.74969245889063,False,False,True,True,True,True,False,False,5220.988561197917,4979.726546630859,True,2.5297925555392085,2,1.0209281517455613,14.810887239307174,0.7402528464155527,False,5658.0,0.21837743604178247,0.2602783675469366,False,16.539649845520078,55.0,True,True,3,False,True,True,True,False,False,True,False,4,False,False,3.0,Cummins India Ltd.,Capital Goods,EQ,INE298A01020,WATCH,Stage 1 + RS 55; adequate RS in a basing stage remains WATCH.
CUPID,2026-09-29,288.0,0.5286624699056013,2.4022444749980734,1.959309503731089,5.5487288144781886,2.193521546603711,177.97333272298178,7.289126076109942,Stage 2 — Advancing,265.0480382582721,299.0,False,41.816001892089844,1.4992421854356202,1.2724184722584113,5140825576.429871,266.1239990234375,False,61.82199635957619,True,-3.678929765886285,True,True,True,True,False,False,False,False,176.05806610107422,153.6338996887207,True,4.9603174603174605,2,1.064086817278952,31.836121217861624,0.8970030053714626,False,299.0,0.013031084566309217,0.013031084566309217,True,3.819444444444442,99.0,True,True,5,True,True,True,True,True,True,True,True,8,True,False,,Cupid Ltd.,Fast Moving Consumer Goods,EQ,INE509F01029,WAIT,"Stage 2 + RS 99; wait because price is more than 20% above the 30-week line (currently +62%) — the guide treats that as poor entry timing, not a failed trend."
CYIENT,2026-09-29,1055.300048828125,0.19709609601396916,0.3447595397618668,-0.04497733137726245,-0.06844837442155294,0.12510520519819796,910.3829951902636,0.8119488519398255,Stage 2 — Advancing,972.7039268344056,1219.0,False,750.2999877929688,0.48755217153628,0.7703375340969824,413945858.3958496,975.2190051269531,False,15.918251373706148,False,-13.429036191294097,True,True,True,True,False,False,False,False,910.6313354492188,960.3860015869141,False,3.497310738475534,3,0.8905685740153618,33.18703755479645,0.39352169526643466,False,1219.0,0.047748972844130357,0.0515630791871601,False,15.512171287555443,69.0,True,True,5,True,False,False,True,True,True,True,False,5,False,False,,Cyient Ltd.,Information Technology,EQ,INE136B01020,HOLD,Stage 2 + RS 69; trend/leadership is adequate without a stronger entry trigger.
DCBBANK,2026-09-28,207.4600067138672,0.1144776444593012,0.25849452161774433,0.2271207413574856,0.6894090752018895,0.2807959254191444,188.40636088750134,1.0270399636631788,Stage 2 — Advancing,204.30509799134498,234.8000030517578,False,121.7392353318017,0.6565054192204326,0.6905057537567075,363062446.1472168,204.59419982910157,False,10.113058676263531,False,-11.643950588818342,True,True,True,True,True,False,False,False,188.3549619547526,186.90167427062988,True,3.0122842063531814,2,0.9712005704716499,23.33901292142575,0.5143167786118644,False,234.8000030517578,0.009331531276495426,0.009935210153144906,False,13.178441845708821,84.0,True,True,5,True,True,True,True,True,True,True,True,8,True,False,,DCB Bank Ltd.,Financial Services,EQ,INE503A01015,REDUCE,Stage 2 + RS 84; distribution warning (U/D 0.69) triggers REDUCE.
DCMSHRIRAM,2026-09-28,944.5999755859375,-0.09315997092266626,-0.14753943951623383,-0.2350965840734015,-0.1730312777391506,-0.14839744863482368,1061.6150951646778,-0.6487462121489984,Stage 4 — Declining,1016.735622032016,1395.1299395484884,False,941.5197177909594,0.3933504725460924,0.5170461870390595,51360486.0315216,1016.524462890625,True,-11.022367721757842,False,-32.293046775869335,False,False,False,False,True,True,False,False,1061.5140905761718,1089.5145376586913,False,2.0220196779446047,2,0.3618373427021807,20.3720358843621,0.2864318605691758,False,1183.0014875578156,0.04248801663307669,0.05606043678727854,False,25.238356778910266,19.0,True,False,0,False,False,False,False,False,False,False,False,0,False,False,,DCM Shriram Ltd.,Diversified,EQ,INE499A01024,SELL,Stage 4 takes precedence: the guide requires SELL regardless of RS.
DLF,2026-09-29,653.0,0.07555650456843144,0.2642415999366623,-0.04000238322532401,-0.0844030664265184,0.05818983188433656,611.6030167560189,0.5003088956176516,Stage 2 — Advancing,661.557965446921,776.7480127911251,False,483.3317854758361,1.4207751939844862,0.7556494167979907,2463271736.488968,661.4831799316406,True,6.7686035074767,False,-15.931551900140118,True,False,True,True,False,False,False,False,611.3923614501953,621.3275392150879,False,2.489608801368341,2,1.4522637638296643,11.511466492754078,0.8915312586534146,False,691.0499877929688,0.029546174381249717,0.032311762126675594,False,5.826950657422469,60.0,True,True,4,True,False,False,True,False,True,True,False,4,False,False,,DLF Ltd.,Realty,EQ,INE271C01023,HOLD,Stage 2 + RS 60; trend/leadership is adequate without a stronger entry trigger.
DOMS,2026-09-28,2046.5,-0.08978528939034192,-0.08666245797757599,-0.2029958547049261,-0.17352956400724284,-0.12855169109408576,2241.28123304579,-0.7651246829577851,Stage 4 — Declining,2199.8522021484373,2750.437480198048,False,2020.548311951282,0.7396878015111709,0.4518731933982666,89129218.32210693,2199.8522021484373,True,-8.690619908555252,False,-25.593655019104823,False,False,False,False,True,True,False,False,2245.029052734375,2304.7307360839845,False,2.111269771888416,3,0.8917887151169605,11.885736999189985,0.46639613403081454,False,2320.85014429639,0.09205137443038267,0.11235353322882886,False,13.405821856652334,23.0,True,False,0,False,False,False,False,False,False,False,False,0,False,False,,DOMS Industries Ltd.,Fast Moving Consumer Goods,EQ,INE321T01012,SELL,Stage 4 takes precedence: the guide requires SELL regardless of RS.
DABUR,2026-09-29,380.3999938964844,-0.0960942548913365,-0.08166111817682908,-0.212476957824408,-0.21402229285647578,-0.1400697757280772,423.5083539275085,-1.8031122303554414,Stage 4 — Declining,398.5735300101486,527.1610207391882,False,368.04998779296875,3.056550187690613,1.0607185323661903,891634086.1424911,398.02300048828124,True,-10.178868877378255,False,-27.839885930282684,False,False,False,False,False,False,False,False,425.31552347819013,444.63606506347656,False,1.8242080887192818,2,0.5870437166349715,15.97032242169663,1.0717853211282833,False,438.0,0.017211890588502074,0.022564461118220917,False,15.14195768341413,21.0,True,False,0,False,False,False,False,False,False,False,False,0,False,False,,Dabur India Ltd.,Fast Moving Consumer Goods,EQ,INE016A01026,SELL,Stage 4 takes precedence: the guide requires SELL regardless of RS.
DALBHARAT,2026-09-28,1651.5999755859375,-0.03999072765158618,-0.10819413079606122,-0.23334250910985754,-0.2509021624992068,-0.1344840515416596,1806.4117507408405,-1.353173785475914,Stage 4 — Declining,1799.7195997051165,2308.784681838889,False,1600.3099946947705,0.41404353442187125,0.7493426237820091,150963257.4982422,1798.7579907226564,True,-8.570126666382238,False,-28.464529907116344,False,False,False,False,False,False,False,False,1814.516472981771,1887.7767059326172,False,2.8885411301897976,2,0.8562233372323725,14.285714285714285,0.4368555495546351,False,1925.0,0.07428880907005717,0.09756846923306918,False,16.55364667325503,22.0,True,False,0,False,False,False,False,False,False,False,False,0,False,False,,Dalmia Bharat Ltd.,Construction Materials,EQ,INE00R701025,SELL,Stage 4 takes precedence: the guide requires SELL regardless of RS.
DATAPATTNS,2026-09-28,4276.7998046875,-0.04892326809811065,0.3593792061628063,0.600613354102532,0.6144196331022815,0.29531313143427973,4130.463485926798,2.3862299191127034,Stage 2 — Advancing,4537.3409112668505,5000.0,False,2126.3648658097904,0.3404977846820037,1.024377344451223,2785768363.521167,4548.447333984375,True,3.54285467621962,False,-14.46400390625,True,False,True,True,False,False,False,False,4104.282097981771,3734.3078942871093,True,4.066125369302509,1,0.7509478777163958,22.189615223228838,0.6167729539853846,False,5000.0,0.1923700465111539,0.21346310662861867,False,16.90984447108914,85.0,True,True,4,True,True,True,True,False,True,True,True,7,False,False,,Data Patterns (India) Ltd.,Capital Goods,EQ,INE0IX101010,WAIT,Stage 2 + RS 85; wait because the close is below its 50-session average — short-term timing has weakened even though the 30-week trend is intact.
DATAMATICS,2026-09-29,821.4000244140625,0.050373333237592854,0.2253706322817688,0.029253354468314674,-0.034458904399520485,0.06418234976514975,772.4014755560428,0.013041742960506753,Stage 2 — Advancing,804.2384284524356,1003.5294156461148,False,627.9510538752943,2.0745699532943007,4.820120925893113,124642118.81550904,803.8742578125,False,6.343663290226909,False,-18.148884167465052,True,True,True,True,False,False,False,False,772.3349353027344,768.8208822631836,False,4.119693170309184,2,1.783987270775713,19.288864109273852,0.8093072420749696,False,901.1892500620039,0.03716574021148647,0.04072302520262157,False,9.713808531337499,60.0,True,True,5,True,True,False,True,True,True,True,False,6,False,False,,Datamatics Global Services Ltd.,Information Technology,EQ,INE365B01017,HOLD,Stage 2 + RS 60; trend/leadership is adequate without a stronger entry trigger.
DEEPAKFERT,2026-09-28,1350.5,-0.1319513240389304,0.4304470981144992,0.08352179134864834,-0.11222804737043013,0.02756763880297132,1343.939969415534,1.7851325285714426,Stage 2 — Advancing,1452.7417590571386,1669.6119086916185,False,860.5304973022847,0.32196082118322294,1.0978324341963395,297562285.3640808,1449.9120727539062,True,0.48811931587382507,False,-19.11293918247676,True,False,True,True,False,False,False,False,1334.3796659342447,1286.618134765625,True,2.9375377825920954,1,0.9730696566260756,23.988325132368026,0.5979621661109586,False,1669.6119086916185,0.06074536094220952,0.07105261893092586,False,23.6291676187796,55.0,True,True,4,True,True,True,True,False,True,True,False,6,False,False,,Deepak Fertilisers & Petrochemicals Corp. Ltd.,Chemicals,EQ,INE501A01019,HOLD,Stage 2 + RS 55; trend/leadership is adequate without a stronger entry trigger.
DEEPAKNTR,2026-09-29,1529.0,-0.01772492824227634,0.14131624379742114,-0.12329712125528358,-0.1623126399050009,-0.0359486747694832,1632.2133396096426,-0.0770869753667025,Stage 4 — Declining,1684.4079135071997,1889.2710718186147,False,1274.1803312746065,0.5092478792208662,0.5365433969254334,376264341.7526916,1684.08541015625,True,-6.323520161544993,False,-19.069316054885512,False,False,True,False,True,True,False,False,1630.7940030924478,1628.9219543457032,True,2.422687395436735,2,1.0547627195278702,18.298214541970555,0.49904637674927155,False,1851.0,0.06918238993710692,0.08258170646011946,False,21.05951602354481,44.0,True,False,1,False,True,True,True,False,False,True,False,4,False,False,,Deepak Nitrite Ltd.,Chemicals,EQ,INE288B01029,SELL,Stage 4 takes precedence: the guide requires SELL regardless of RS.
DELHIVERY,2026-09-29,417.3999938964844,-0.09955775021419255,-0.026472317442602034,0.030108542255471882,-0.05114798888879868,-0.049325452900862786,455.9187076075547,-0.1762385065934069,Stage 4 — Declining,453.68137374578737,524.0,False,374.45001220703125,1.9613992589508407,0.9215011189533483,1083578255.071457,453.0600012207031,True,-8.44859249430634,False,-20.343512615174742,False,False,False,False,False,False,False,False,455.56966674804687,445.18500061035155,True,2.6627422886372805,2,1.0848140577286962,17.57224403256823,1.001986635392197,False,491.3999938964844,0.018886022980701522,0.022340741933881553,False,17.728797575965483,40.0,True,False,0,False,True,True,False,False,False,True,False,3,False,False,,Delhivery Ltd.,Services,EQ,INE148O01028,SELL,Stage 4 takes precedence: the guide requires SELL regardless of RS.
DEVYANI,2026-09-28,131.08999633789062,0.1617334331113569,0.3166934466901792,-0.09493234153308905,-0.22847393612808076,0.06335080705034464,119.64212313090285,0.42157189841425247,Stage 2 — Advancing,133.56568549661074,172.74000549316406,False,91.55000305175781,0.8015798092991581,0.9345239880534622,220664718.7134529,134.01859924316406,True,9.568430338253386,False,-24.1113857999279,True,False,True,True,False,False,False,False,119.90079981486002,122.87639991760254,False,3.1248965916577127,2,0.8292662950944442,31.388264127050974,0.4267463404158306,False,155.9499969482422,0.005896415507928982,0.007490306723191948,False,18.964071481300326,60.0,True,True,4,True,False,False,True,False,True,True,False,4,False,False,,Devyani International Ltd.,Consumer Services,EQ,INE872J01023,HOLD,Stage 2 + RS 60; trend/leadership is adequate without a stronger entry trigger.
DIACABS,2026-09-29,352.04998779296875,0.6881653357969051,1.8633590608478823,1.5462896121810745,1.298726750396888,1.216941219003931,234.18707446662748,6.899599009302704,Stage 2 — Advancing,344.6160774978937,404.0,False,115.56999969482422,0.3323212929854728,1.4705114245760755,324548693.5716141,346.1269989013672,False,50.3285305539513,True,-12.858913912631497,True,True,True,True,False,False,False,False,232.26273289998372,207.67894958496095,True,5.361455143957254,3,0.7562894950165391,34.777227722772274,0.19456554115333954,False,404.0,0.01592914292534133,0.017519527782709036,False,14.756430623023252,98.0,True,True,5,True,True,True,True,True,True,True,True,8,True,False,,Diamond Power Infrastructure Ltd.,Capital Goods,BE,INE989C01038,WAIT,"Stage 2 + RS 98; wait because price is more than 20% above the 30-week line (currently +50%) — the guide treats that as poor entry timing, not a failed trend."
DBL,2026-09-28,406.8999938964844,-0.1126576123790971,0.056354575410917596,-0.14457105110632273,-0.19852383338782387,-0.10241110676828466,429.04339936355063,-0.372985049210639,Stage 4 — Declining,415.36203960343903,536.8656777272844,False,380.60403377874786,0.32498295065001875,3.252941162136741,214287049.88118744,415.5783898925781,True,-5.161110857296514,False,-24.20823107578496,False,False,False,False,False,False,False,False,429.1654380289714,436.1368374633789,False,3.3412862230459126,3,0.5319211201599827,19.622920939024258,0.44115820763699976,False,473.5230966654233,0.01830232284089211,0.022661752628700488,False,16.373335897834362,29.0,True,False,0,False,False,False,False,False,False,True,False,1,False,False,,Dilip Buildcon Ltd.,Construction,EQ,INE917M01012,SELL,Stage 4 takes precedence: the guide requires SELL regardless of RS.
DIVISLAB,2026-09-28,9550.0,0.42837288811193464,0.5988964423033611,0.4919301411400514,0.6854523224434095,0.5266049364221383,7267.637230603448,3.0746985829024354,Stage 2 — Advancing,8698.980583639706,9740.0,True,5613.352076705792,0.7723559797491383,1.0241434985967377,4343447362.675,8727.201259765625,False,31.404467462763574,True,-1.9507186858316206,True,True,True,True,False,False,False,False,7236.691282552083,6993.15724609375,True,1.8765893792071804,2,0.46980596636009386,26.31416837782341,1.0270418029280355,False,9740.0,0.4295580873736401,0.4295580873736401,True,1.9895287958115127,94.0,True,True,5,True,True,True,True,True,True,True,True,8,True,False,,Divi's Laboratories Ltd.,Healthcare,EQ,INE361B01024,WAIT,"Stage 2 + RS 94; wait because price is more than 20% above the 30-week line (currently +31%) — the guide treats that as poor entry timing, not a failed trend."
DIXON,2026-09-28,13640.0,0.13631036752554726,0.3624609779168395,0.1072758284040205,-0.22046163198432633,0.10437918187752562,12291.400992615581,1.315036606953246,Stage 2 — Advancing,14010.130955116421,17623.43837713792,False,9592.617659981392,1.6387412760349054,0.6269939245596843,4350442779.025439,13998.77794921875,True,10.971890089621429,False,-22.603071499971616,True,False,True,True,True,False,False,False,12240.46392578125,12092.531865234376,False,2.738061201902577,2,0.9676283343278033,14.333331771319394,0.7580418003952085,False,14988.465235179307,0.6135258965210943,0.7469329622843282,False,9.88610876231164,66.0,True,True,4,True,True,False,True,False,True,True,False,5,False,False,,Dixon Technologies (India) Ltd.,Consumer Durables,EQ,INE935N01020,REDUCE,Stage 2 + RS 66; distribution warning (U/D 0.63) triggers REDUCE.
AGARWALEYE,2026-09-28,503.6000061035156,0.039100407398496184,0.22904211373646288,-0.00019854298410160176,0.03027827062224775,0.06746453123432028,471.14305623372394,0.7423323244520219,Stage 2 — Advancing,503.27099975585935,568.0,False,401.0,0.2631383557833821,1.7564468630159422,190126423.62921754,503.27099975585935,False,6.888979778084736,False,-11.338027094451474,True,True,True,True,False,False,False,False,470.2570007324219,472.43825073242186,False,2.8750134561896976,2,0.7912021195513605,17.217084984588286,0.19727146514048122,False,567.75,0.022651880149024046,0.023615183743404156,False,12.738282986298909,61.0,True,True,5,True,False,False,True,True,False,True,False,4,False,False,,Dr. Agarwal's Health Care Ltd.,Healthcare,EQ,INE943P01029,HOLD,Stage 2 + RS 61; trend/leadership is adequate without a stronger entry trigger.
LALPATHLAB,2026-09-28,1942.0999755859375,0.15277767714220203,0.47274447374255346,0.3932674155547964,0.2278987709653808,0.279893202909427,1646.853189546768,2.2075473897963604,Stage 2 — Advancing,1890.0190836588542,2038.5999755859375,False,1266.16157090969,0.3840811113421198,0.49017204709357626,599940715.0271057,1894.0434130859376,False,17.927936012342705,False,-4.733640790526539,True,True,True,True,True,True,False,False,1640.3462133789062,1583.375146484375,True,2.922094676556409,2,0.5348783599725224,19.2330419659629,1.3182739216850363,False,2038.5999755859375,0.08735547130901448,0.08735547130901448,True,4.968848216523236,84.0,True,True,5,True,True,True,True,True,True,True,True,8,True,False,,Dr. Lal Path Labs Ltd.,Healthcare,EQ,INE600L01024,REDUCE,Stage 2 + RS 84; distribution warning (U/D 0.49) triggers REDUCE.
DRREDDY,2026-09-29,1251.9000244140625,-0.08421956588594626,-0.01705608461957231,-0.0069058605400798,0.020443161362727613,-0.0343915831137634,1242.9189386692176,-0.4510545002720745,Stage 3 — Topping,1175.0529450061274,1405.9838095385528,False,1101.0,3.0518102097781354,2.795433591365613,1954684315.3059814,1174.43400390625,False,0.7225801671717047,False,-10.959143631608459,True,True,False,False,False,False,False,False,1243.976875,1242.2891387939453,False,1.9809892761358625,2,1.132661869932208,12.116861662810397,1.202346349057092,False,1252.800048828125,0.0566444968288341,0.060745760945246224,False,0.07189267485505635,44.0,True,False,2,True,True,False,False,True,False,True,False,4,False,False,,Dr. Reddy's Laboratories Ltd.,Healthcare,EQ,INE089A01031,SELL,Stage 3 + RS 44; RS below 50 in Stage 3 triggers SELL.
DYNAMATECH,2026-09-28,13139.0,0.2850239801797594,0.4507741672032082,0.37333159536132965,0.8991112130231116,0.45865298718943365,10826.937345096983,1.5794328664036295,Stage 2 — Advancing,11397.59011182598,13500.0,True,6707.758197256808,2.4039790444765003,1.6716755294510015,265349400.55,11419.9884375,False,21.35472462071688,True,-2.674074074074073,True,True,True,True,False,False,True,True,10799.854837239584,10373.145378417968,True,3.739140834810216,2,1.8014494422336988,25.556771821475166,1.7285724463865866,False,13500.0,0.5909909643981421,0.5909909643981421,True,2.7475454753025375,91.0,True,True,5,True,True,True,True,True,True,True,True,8,True,False,,Dynamatic Technologies Ltd.,Capital Goods,EQ,INE221B01012,WAIT,"Stage 2 + RS 91; wait because price is more than 20% above the 30-week line (currently +21%) — the guide treats that as poor entry timing, not a failed trend."
EIDPARRY,2026-09-29,696.25,-0.02485994397759106,-0.124709297485324,-0.34229169085836786,-0.31254935980279286,-0.16585404722033337,778.9428088044467,-1.5228377172384677,Stage 4 — Declining,763.7931362974878,1118.0,False,682.75,0.5059839887243253,0.5254736395698187,238488158.0617798,763.7119995117188,True,-10.616030839461377,False,-37.72361359570662,False,False,False,False,True,True,False,False,781.3420007324219,824.7725009155273,False,2.3621447656851116,1,0.5239533234549056,21.10584923287119,0.5695954665858831,False,865.4000244140625,0.03150309940726664,0.04571742683625329,False,24.294437976885106,16.0,True,False,0,False,False,False,False,False,False,False,False,0,False,False,,E.I.D. Parry (India) Ltd.,Fast Moving Consumer Goods,EQ,INE126A01031,SELL,Stage 4 takes precedence: the guide requires SELL regardless of RS.
EIHOTEL,2026-09-28,295.1000061035156,-0.09193099949092809,0.04269841095259386,-0.19248399533920957,-0.20981168931298466,-0.10869185453629132,311.71650549483627,-0.5227921047674444,Stage 4 — Declining,305.6537948309207,412.08004369538395,False,269.9251049923642,0.6355781687404013,3.3936071846338773,89666601.62271424,304.9936065673828,True,-5.33064470389294,False,-28.387697822693347,False,False,False,False,False,False,False,False,311.8577038574219,319.7412110900879,False,2.7738789333116105,1,2.1531284079853896,16.67002912070318,1.387035743616432,False,336.3735578390905,0.013273570073903214,0.017013281190640252,False,13.986293080962152,28.0,True,False,0,False,False,False,False,False,False,False,False,0,False,False,,EIH Ltd.,Consumer Services,EQ,INE230A01023,SELL,Stage 4 takes precedence: the guide requires SELL regardless of RS.
EPL,2026-09-28,235.0,0.025215944282853453,0.18334258690533245,0.10728928394124404,0.14933377870972486,0.09807950762440165,227.34239719338612,0.6199014482284992,Stage 2 — Advancing,241.1690201104856,274.0299987792969,False,176.39999389648438,0.23370645093035933,0.1763637324382497,2336263644.524057,241.1974005126953,True,3.368312686568542,False,-14.242965716586209,True,False,True,True,True,True,False,False,227.04913330078125,222.92119987487794,True,2.7796356293930473,3,0.6861651033034868,19.264311761957767,0.3939494768691375,False,274.0299987792969,0.010570277542702138,0.011487287434284467,False,16.60851011884974,65.0,True,True,4,True,True,True,True,False,True,True,False,6,False,False,,EPL Ltd.,Capital Goods,EQ,INE255A01020,REDUCE,Stage 2 + RS 65; distribution warning (U/D 0.18) triggers REDUCE.
EDELWEISS,2026-09-29,137.77000427246094,0.1522711708839677,0.33940441130385013,0.28943873273932863,0.261643509251438,0.23900579901251046,117.76242060239623,0.9942564730512249,Stage 2 — Advancing,125.40282335468368,146.0,False,96.92496747850444,0.6984873512532795,1.6404132291170745,1371668862.3597436,125.52316284179688,False,16.989786357752212,False,-5.636983375026761,True,True,True,True,False,False,False,False,117.72011845906576,115.6898875427246,True,3.9664235593304173,0,2.350098306525051,23.214671427198923,1.5338522939449473,False,146.0,0.006233654779080627,0.006233654779080627,True,5.973721036738167,81.0,True,True,5,True,True,True,True,True,True,True,True,8,True,True,,Edelweiss Financial Services Ltd.,Financial Services,EQ,INE532F01054,HOLD,Stage 2 + RS 81; trend/leadership is adequate without a stronger entry trigger.
EICHERMOT,2026-09-29,7179.0,-0.02313798075562301,0.06498971705531686,-0.0024508244070683416,0.0385364726923656,0.01095988076587362,7352.981063323767,-0.4313042958890345,Stage 4 — Declining,7765.584405637255,8165.0,False,6375.239328850012,1.393980879543611,0.37302686852438716,2885611327.65,7768.699873046875,True,-2.3661296258679854,False,-12.075933864053889,False,False,True,False,True,True,False,False,7365.638899739583,7354.626511230469,True,1.4387200764133485,2,0.7583287878529057,12.253521126760564,0.6784430970701731,False,8165.0,0.3248269309081037,0.3456563969310404,False,13.73450341273157,52.0,True,True,2,False,True,True,True,False,False,True,False,4,False,False,,Eicher Motors Ltd.,Automobile and Auto Components,EQ,INE066A01021,SELL,Stage 4 takes precedence: the guide requires SELL regardless of RS.
ELECON,2026-09-29,480.3999938964844,-0.08110174997416975,0.2940328851741498,0.012437514326266053,-0.135664098142521,0.0017205602819110807,461.2882783850845,0.20406470995826265,Stage 2 — Advancing,432.034314922258,623.6462906209067,False,351.0001816860465,1.033099059602543,8.23657623361706,1204027812.6550536,431.6810009765625,False,4.143117526919982,False,-22.96915717750927,True,True,False,True,False,False,False,False,460.455605061849,455.484962310791,False,3.5052635154517113,1,2.243216314740153,17.79366825403792,7.054676433131985,False,489.5,0.021736572729581665,0.026597737582872854,False,1.8942560822506005,51.0,True,True,4,True,True,False,False,True,True,True,False,5,False,False,,Elecon Engineering Co. Ltd.,Capital Goods,EQ,INE205B01031,HOLD,Stage 2 + RS 51; trend/leadership is adequate without a stronger entry trigger.
EMIL,2026-09-29,191.7100067138672,0.6482676531507019,1.1000110065861506,0.8802472384786675,0.3437303509799603,0.7241047804692364,132.51510251622622,4.705755432120662,Stage 2 — Advancing,172.30666785146676,204.5,False,84.9000015258789,0.3310957067456152,1.533462465226205,669829592.1386048,173.0848013305664,False,44.67030781672048,True,-6.254275445541713,True,True,True,True,False,False,False,False,131.8700005086263,123.69765033721924,True,5.038114338159301,1,1.7862832587817294,39.075796411789426,0.6598916203202189,False,204.5,0.00867426843644483,0.008857920287597193,False,6.671531395448893,97.0,True,True,5,True,True,True,True,True,True,True,True,8,True,False,,Electronics Mart India Ltd.,Consumer Services,EQ,INE02YR01019,WAIT,"Stage 2 + RS 97; wait because price is more than 20% above the 30-week line (currently +45%) — the guide treats that as poor entry timing, not a failed trend."
ELECTCAST,2026-09-29,76.52999877929688,0.0102645547301079,-0.03430597751905551,0.002941853720790588,-0.15765527648445143,-0.03369805816450011,76.2586777096703,0.2744790637408956,Stage 2 — Advancing,74.66095643884995,97.77694428392327,False,59.40690087106614,12.562020180092526,2.470909101374071,285075410.4769157,74.7135952758789,False,0.3557904198910222,False,-21.730015864404418,True,True,False,True,False,False,False,False,76.1018546295166,75.25342054367066,True,3.441225704812169,2,2.0955017929444053,21.7804289921825,3.312472085354828,False,87.77999877929688,0.0034627391873352734,0.004157705578145443,False,14.700117835417226,45.0,True,False,3,True,True,True,False,True,False,True,False,5,False,False,,Electrosteel Castings Ltd.,Capital Goods,EQ,INE086A01029,WAIT,Stage 2 + RS 45; wait because relative strength is below 50 — the trend has turned up but the stock still lags most of the universe.
ELGIEQUIP,2026-09-29,594.8499755859375,-0.01754989027853393,0.26240889378399745,0.31072347172825876,0.25393278029695976,0.15839307305042963,567.868316442788,0.8141072653561787,Stage 2 — Advancing,604.6450949276195,653.4000244140625,False,406.3547440834414,0.45129145223262085,1.0809841775003928,230598031.66168824,604.7179968261719,True,4.751393652698677,False,-8.960827462568567,True,False,True,True,False,False,False,False,567.2671166992187,542.726608581543,True,2.8428536571859047,2,0.9966707984668847,13.445061729202322,0.5398720229472972,False,653.4000244140625,0.02691507061155321,0.02774203220249977,False,9.84282612947107,73.0,True,True,4,True,True,True,True,False,True,True,True,7,False,False,,Elgi Equipments Ltd.,Capital Goods,EQ,INE285A01027,HOLD,Stage 2 + RS 73; trend/leadership is adequate without a stronger entry trigger.
ELLEN,2026-09-28,359.04998779296875,0.3305539361567982,0.7189294302937508,0.03323737494379486,-0.2627310312259369,0.23010872926504103,278.1205524313039,3.2298129650714547,Stage 2 — Advancing,321.91764741785386,502.0,False,175.0,0.5845913641740915,2.332212752720837,383596367.86393434,322.61100036621093,False,29.09868927491597,True,-28.47609804920941,True,True,True,True,False,False,False,False,276.70420064290363,280.5581502532959,False,6.503273231504861,2,0.8187502528281491,34.97183921377469,1.4251300949477042,False,390.6000061035156,0.01615003413904466,0.021076032394985955,False,8.7870824072382,79.0,True,True,5,True,False,False,True,True,True,False,True,5,False,False,,Ellenbarrie Industrial Gases Ltd.,Chemicals,EQ,INE236E01022,HOLD,Stage 2 + RS 79; trend/leadership is adequate without a stronger entry trigger.
EMAMILTD,2026-09-28,388.75,-0.020657543657548683,-0.011065901897671648,-0.23565752314122423,-0.28933614819272924,-0.11547493210934451,410.12431544473725,-1.6183040481351219,Stage 4 — Declining,391.43039179783244,556.4864810389029,False,361.1499938964844,1.3838783207793934,2.3321065447990335,946081591.2012832,391.1559997558594,True,-5.211667448090473,False,-30.142058568207474,False,False,False,False,False,False,False,False,411.79600056966143,434.4474079895019,False,3.161230827615411,1,1.7976395746161484,13.929935976362115,3.1770811503650043,False,419.6000061035156,0.017485937849895557,0.023881876481167703,False,7.935692888364154,26.0,True,False,0,False,False,False,False,False,False,False,False,0,False,False,,Emami Ltd.,Fast Moving Consumer Goods,EQ,INE548C01032,SELL,Stage 4 takes precedence: the guide requires SELL regardless of RS.
EMBDL,2026-09-28,56.029998779296875,-0.1205462316047583,0.34914520650620373,-0.10552363784735119,-0.3880515479105324,-0.0771044884922393,58.21986287260709,-0.5072897622148242,Stage 4 — Declining,60.441568561628756,99.20999908447266,False,39.459999084472656,0.6136834178791696,0.5090740272638793,157508142.23102742,60.37539993286133,True,-3.761369376808621,False,-43.52383903200124,False,False,True,False,True,True,False,False,58.248533198038736,59.76459980010986,False,4.568979563158456,1,2.895177164406453,23.56321561886175,1.2749821025900023,False,69.5999984741211,0.002520223990699702,0.004261109354782104,False,24.219168285683313,34.0,True,False,1,False,False,False,True,False,True,False,False,2,False,False,,Embassy Developments Ltd.,Realty,EQ,INE069I01010,SELL,Stage 4 takes precedence: the guide requires SELL regardless of RS.
EMCURE,2026-09-29,1959.0999755859375,0.06131931638615917,0.18769893874912214,0.39808408969128006,0.5434109195841692,0.250366516159378,1760.448218936012,1.9232303802568573,Stage 2 — Advancing,1923.8990957222734,2100.699951171875,False,1257.554251234414,1.9827443082889056,3.5302695082726308,412449061.5461609,1923.961787109375,False,11.284157893038604,False,-6.740609267256181,True,True,True,True,False,False,False,False,1754.1217504882814,1683.101079711914,True,3.0600792687520246,1,1.4247851094611907,13.050517059876407,1.998706048217548,False,2100.699951171875,0.08864304672123151,0.08866664453800659,True,7.227807531547081,81.0,True,True,5,True,True,True,True,True,True,True,True,8,True,True,,Emcure Pharmaceuticals Ltd.,Healthcare,EQ,INE168P01015,HOLD,Stage 2 + RS 81; trend/leadership is adequate without a stronger entry trigger.
EMMVEE,2026-09-29,314.54998779296875,,,,,,294.6687742479804,2.5916894288359194,Stage 2 — Advancing,324.56834441540286,,False,,0.7956868821116307,1.6619833150506236,798120301.3035781,324.53282470703124,True,6.746969914178003,False,,True,False,True,True,False,False,False,False,292.7350629679362,269.3973877716064,False,4.189647304789869,1,1.2374760480020501,14.019189495388428,1.1956993485588425,False,354.79998779296875,0.014232387122436485,,False,12.796058357023954,,True,False,3,True,True,False,True,False,False,False,False,3,False,False,,Emmvee Photovoltaic Power Ltd.,Capital Goods,EQ,INE1C6T01020,WAIT,Stage 2 + RS unavailable; wait because the close is below its 50-session average — short-term timing has weakened even though the 30-week trend is intact.
ENDURANCE,2026-09-28,2700.39990234375,0.004564153908639179,0.19978730879567297,0.06342432069063109,-0.006878595527449405,0.0530922683552266,2610.8606592465753,0.3348647581987052,Stage 2 — Advancing,2812.3953642003676,3072.0,False,2134.0128277243602,0.6817799501638089,0.7356865438981215,222900558.62923583,2814.0381201171876,True,3.429491450647282,False,-12.096357345581055,True,False,True,True,False,False,False,False,2612.0640625,2588.1022619628907,True,2.699072167949662,3,0.6795863507456387,17.377976696332244,0.6558477094448197,False,3072.0,0.12146372954918803,0.12874888545470875,False,13.760928421517438,59.0,True,True,4,True,True,True,True,False,False,True,False,5,False,False,,Endurance Technologies Ltd.,Automobile and Auto Components,EQ,INE913H01037,HOLD,Stage 2 + RS 59; trend/leadership is adequate without a stronger entry trigger.
ENGINERSIN,2026-09-29,310.20001220703125,0.2793124766216577,0.6484136994354406,0.5658287961431625,0.6440292215892343,0.4833793340822306,236.56846006224757,2.188787675866788,Stage 2 — Advancing,254.46389142204734,321.3999938964844,False,161.02693362262252,1.0190525740004612,1.8225731806421066,1792048811.2038682,255.02801940917968,False,31.124838926291876,True,-3.4847485694291525,True,True,True,True,False,False,False,False,236.20990834554036,224.6934091949463,True,3.8673819851738642,1,5.134465489898891,32.28115397668121,2.549394846955794,False,321.3999938964844,0.014035564553958248,0.014119191728248284,False,3.610567778436491,92.0,True,True,5,True,True,True,True,True,True,True,True,8,True,False,,Engineers India Ltd.,Construction,EQ,INE510A01028,WAIT,"Stage 2 + RS 92; wait because price is more than 20% above the 30-week line (currently +31%) — the guide treats that as poor entry timing, not a failed trend."
ENTERO,2026-09-29,1764.9000244140625,0.4706274979735474,0.4252604012123633,0.859355248332127,0.6445211560873529,0.5740783603157876,1306.9124191810345,3.8089711611904553,Stage 2 — Advancing,1553.2980029296875,1920.0,False,944.0,0.3898504217219439,0.717310249824333,406868235.7600586,1553.2980029296875,False,35.04348099469603,True,-8.07812372843425,True,True,True,True,False,False,False,False,1298.3126725260418,1249.1045040893555,True,4.607707374157177,1,1.6153948206231818,38.54166666666667,1.176798538992917,False,1920.0,0.0798561162125724,0.08212800223713124,False,8.788031811457975,94.0,True,True,5,True,True,True,True,True,True,True,True,8,True,False,,Entero Healthcare Solutions Ltd.,Consumer Services,EQ,INE010601016,WAIT,"Stage 2 + RS 94; wait because price is more than 20% above the 30-week line (currently +35%) — the guide treats that as poor entry timing, not a failed trend."
EIEL,2026-09-29,191.47999572753906,-0.1274948060254485,0.38753620092419605,-0.05878886438428865,-0.21418312813882412,-0.02808508072996274,197.41884337963702,1.1843494578020586,Stage 1 — Basing,205.2376469630821,257.6600036621094,False,134.7100067138672,0.38979139758403125,3.2009188381190663,319156265.66775817,204.7531997680664,True,-3.0082476173145967,False,-25.685013969555616,False,False,True,True,False,False,False,False,196.65113321940103,193.71384986877442,False,3.513609023017747,2,1.2140209771311856,17.84652901217009,0.4121585552601108,False,228.83999633789062,0.00866386117042392,0.011031931191774648,False,19.511176856047086,46.0,True,False,2,False,True,False,True,False,True,False,False,3,False,False,2.0,Enviro Infra Engineers Ltd.,Utilities,EQ,INE0LLY01014,AVOID,Stage 1 + RS 46; weak RS in a basing stage is AVOID.
EQUITASBNK,2026-09-28,66.0199966430664,-0.1213734737910902,0.20386572683025306,0.06569807635194991,0.16375810286960313,0.03811499169392514,70.28787641655909,0.4314957925353857,Stage 1 — Basing,74.41235201966529,83.9000015258789,False,51.25,0.989932481471902,0.5030555488999836,116818904.59032364,74.31499908447266,True,-6.071999882595991,False,-21.311090056771242,False,False,True,True,True,True,False,False,70.15619972229004,69.07459981918335,True,3.7650916997502426,2,0.9856745257320182,21.03848691719604,0.7973478090991875,False,81.8499984741211,0.002969573139938193,0.0035580510991794164,False,23.977586543420703,57.0,True,True,3,False,True,True,True,False,False,True,False,4,False,False,3.0,Equitas Small Finance Bank Ltd.,Financial Services,EQ,INE063P01018,WATCH,Stage 1 + RS 57; adequate RS in a basing stage remains WATCH.
ERIS,2026-09-28,1236.300048828125,-0.15263876022746747,-0.07305962527437937,-0.1854418225927924,-0.21606159691290927,-0.1559681130470032,1363.7562036974678,-0.3161089694217578,Stage 4 — Declining,1344.7117608762255,1730.7126256991257,False,1193.5948944523013,0.40322622088153226,1.2404061074199795,66474562.7189209,1342.3399951171875,True,-9.345963341818631,False,-28.56699428487046,False,False,False,False,False,False,False,False,1363.6337125651041,1388.3398114013671,False,2.7570749956378773,2,1.0824494139081804,16.53559487552966,0.6132064529444303,False,1475.0,0.05560865805178505,0.07195957001142826,False,19.30760670907812,18.0,True,False,0,False,False,False,False,False,False,False,False,0,False,False,,Eris Lifesciences Ltd.,Healthcare,EQ,INE406M01024,SELL,Stage 4 takes precedence: the guide requires SELL regardless of RS.
ESCORTS,2026-09-28,2740.699951171875,-0.06034106737802103,-0.024869084593264312,-0.2467233603851311,-0.21390283111466435,-0.12123548216982037,2986.1694536601026,-1.517646471352696,Stage 4 — Declining,2985.098039215686,3923.3920175282797,False,2669.79033448854,1.0169866069123614,1.5065922840371984,204363981.4489258,2985.172001953125,True,-8.22021343053253,False,-30.144631509483865,False,False,False,False,False,False,False,False,3000.7146305338542,3149.1789892578126,False,2.2199752513793065,2,0.6700811486908136,13.97372074117309,0.9525963488843813,False,3173.10009765625,0.12327642189428475,0.1620265355547679,False,15.776996905461615,24.0,True,False,0,False,False,False,False,False,False,False,False,0,False,False,,Escorts Kubota Ltd.,Capital Goods,EQ,INE042A01014,SELL,Stage 4 takes precedence: the guide requires SELL regardless of RS.
ETERNAL,2026-09-29,327.8500061035156,0.26387823368394825,0.40605570475653185,0.15909492320651109,0.009235031379509984,0.22042842534208992,274.7510888754916,1.7147396596660647,Stage 2 — Advancing,318.7470589432062,368.45001220703125,False,212.60000610351562,0.9944432077573958,0.8690886864366835,5864854088.050932,319.39,False,19.32618991442352,False,-11.019135502349386,True,True,True,True,False,False,False,False,274.2094004313151,276.14605056762696,True,2.358439802660401,3,0.7459085097707795,19.99129132511243,0.6189165191521888,False,344.3999938964844,0.014834170675694114,0.015157834913903625,False,5.048036444978199,79.0,True,True,5,True,False,True,True,True,True,True,True,7,False,False,,Eternal Ltd.,Consumer Services,EQ,INE758T01015,HOLD,Stage 2 + RS 79; trend/leadership is adequate without a stronger entry trigger.
ETHOSLTD,2026-09-28,2518.199951171875,0.03336207972675975,0.13202964763851432,-0.1603201229837029,-0.0157129271053551,0.004544151400595159,2504.576387193468,0.4264060250167123,Stage 2 — Advancing,2733.0860009765624,3245.89990234375,False,1919.4000244140625,0.34040370930392394,0.45546907176383283,111197121.68393555,2733.0860009765624,True,0.543946834605169,False,-22.4190508969925,True,False,True,True,True,True,False,False,2501.9013313802084,2561.2774963378906,False,3.812530150725129,3,0.4411718174406159,19.427903226647416,0.4085165183618022,True,3090.39990234375,0.1132683931570455,0.1334739130959589,False,22.722578121947578,51.0,True,True,4,False,False,False,True,False,True,True,False,3,False,False,,Ethos Ltd.,Consumer Durables,EQ,INE04TZ01018,REDUCE,Stage 2 + RS 51; distribution warning (U/D 0.46) triggers REDUCE.
EUREKAFORB,2026-09-28,361.29998779296875,-0.2116517621288232,-0.2180500003500555,-0.4323199295101259,-0.36658490124696186,-0.2880516710729579,452.5397263618365,-1.8473772488576956,Stage 4 — Declining,423.5470593022365,668.2999877929688,False,359.0,0.7686665557307949,0.16262602524207576,60422392.67341461,422.7790002441406,True,-20.161708078621878,False,-45.93745407864722,False,False,False,False,True,True,False,False,453.3970003255208,482.60700073242185,False,3.1127665274513534,1,1.2966323129349917,25.5495663807938,1.2279917690763464,False,482.20001220703125,0.016251238924027973,0.027660536994216084,False,33.46250442813199,3.0,True,False,0,False,False,False,False,False,False,False,False,0,False,False,,Eureka Forbes Ltd.,Consumer Durables,EQ,INE0KCE01017,SELL,Stage 4 takes precedence: the guide requires SELL regardless of RS.
EXIDEIND,2026-09-29,407.0,0.05794958932449945,0.3593166039426632,0.1300093491186629,0.05250391357339956,0.1315458090567449,386.4647883201132,1.472574297574436,Stage 2 — Advancing,442.3333345301011,496.3999938964844,False,285.6312149356571,0.524219102397621,0.9990658648313796,852903912.6527145,442.3110009765625,True,5.313604835552899,False,-18.009668613156183,True,False,True,True,False,False,False,False,385.4466650390625,375.1453382873535,True,2.83081815216825,2,1.0584095429387022,18.785254058533628,0.501150456399744,False,496.3999938964844,0.018415456314193928,0.020726625680449667,False,21.965600465966673,69.0,True,True,4,True,True,True,True,False,True,True,False,6,False,False,,Exide Industries Ltd.,Automobile and Auto Components,EQ,INE302A01020,HOLD,Stage 2 + RS 69; trend/leadership is adequate without a stronger entry trigger.
NYKAA,2026-09-29,327.3500061035156,0.08376103073338981,0.3659504045091395,0.2646320200301886,0.4149556838872337,0.24261203397866832,293.8543530937766,1.4552715973429997,Stage 2 — Advancing,333.05490231981463,349.54998779296875,False,227.89999389648438,0.8780318805876035,0.9039107279675733,1167277934.6010177,333.1570001220703,True,11.398726157052952,False,-6.3510177269986645,True,False,True,True,False,False,False,False,293.3081994628906,284.2980996704102,True,2.58678970919237,2,0.8847911601049921,9.297668755534067,0.6830471331326265,False,349.54998779296875,0.014811547264988716,0.015065707476002011,False,6.781726371018593,81.0,True,True,4,True,True,True,True,False,True,True,True,7,False,False,,FSN E-Commerce Ventures Ltd.,Consumer Services,EQ,INE388Y01029,WAIT,Stage 2 + RS 81; wait because the close is below its 50-session average — short-term timing has weakened even though the 30-week trend is intact.
FEDFINA,2026-09-29,148.86000061035156,0.011964612058529944,0.14252826986825262,0.016525526690793324,-0.02501959817054422,0.03159268450111232,149.59924656071075,0.7088503598415619,Stage 1 — Basing,154.2236001586914,178.47999572753906,False,119.06999969482422,1.2065208793342073,0.9919566264068028,136911193.6338417,154.2236001586914,True,-0.49415085126059966,False,-16.595694658355043,False,False,True,True,False,False,False,False,149.19426661173503,149.13969997406005,True,3.1918745784419444,2,0.7045906968064046,12.82248412363628,0.6055148239119552,False,169.0,0.006735441862827545,0.007513679049946192,False,13.529490331231342,55.0,True,True,3,False,True,True,True,False,False,True,False,4,False,False,3.0,Fedbank Financial Services Ltd.,Financial Services,EQ,INE007N01010,WATCH,Stage 1 + RS 55; adequate RS in a basing stage remains WATCH.
FEDERALBNK,2026-09-29,320.20001220703125,-0.008505037223889622,0.19307075418759045,0.2221146750008387,0.6903089651194918,0.21769686397202836,313.8471671383397,0.7444047825857503,Stage 2 — Advancing,347.6925377939262,370.4344787597656,False,189.91119115494013,1.9251808781737854,0.5171907607043674,1817343955.6408508,347.5496337890625,True,2.0241842953743427,False,-13.560958666947542,True,False,True,True,True,True,False,False,313.539497273763,303.4664946746826,True,2.131479290459664,2,1.3217560236717556,13.749929253426133,1.1983567678940001,False,370.4344787597656,0.014488032768066208,0.015562610562975037,False,15.688464908694112,79.0,True,True,4,True,True,True,True,False,True,True,True,7,False,False,,Federal Bank Ltd.,Financial Services,EQ,INE171A01029,REDUCE,Stage 2 + RS 79; distribution warning (U/D 0.52) triggers REDUCE.
FACT,2026-09-28,767.5,-0.1376404494382022,-0.02663284717818648,-0.13633041251975841,-0.18580599361139694,-0.12481003043714925,840.6010265611623,0.011938435612446341,Stage 1 — Basing,807.0598048789828,1058.5999755859375,False,652.0999755859375,0.07575961792816957,1.1157420451683568,140164195.48761597,806.5770007324219,True,-8.696280905129662,False,-27.498581362125297,False,False,False,True,False,False,False,False,838.1569991048177,837.8169998168945,False,2.6533274697170195,1,1.4333745740549435,19.559783935546875,0.2604382952223,False,920.0,0.034522076655420814,0.043387795836152966,False,19.86970684039089,24.0,True,False,1,False,True,False,False,False,False,False,False,1,False,False,2.0,Fertilisers and Chemicals Travancore Ltd.,Chemicals,EQ,INE188A01015,AVOID,Stage 1 + RS 24; weak RS in a basing stage is AVOID.
FIEMIND,2026-09-28,1926.0,-0.12103924858282566,-0.003462914126841521,-0.15042427115532297,-0.0015840206788356737,-0.0795099406253303,2167.678328004602,-0.8807366145594964,Stage 4 — Declining,2183.903703278186,2674.800048828125,False,1836.7512219513533,0.4237580337438186,0.749534281563408,118082440.27454224,2182.2552587890623,True,-11.149178588092102,False,-27.9946177343681,False,False,True,False,False,False,False,False,2168.1502425130207,2184.9254174804687,False,2.691366990478045,3,0.8771782934302471,29.336775045520795,0.7917207970279196,False,2674.800048828125,0.0866312959457205,0.11177127799045139,False,38.87850720810617,34.0,True,False,1,False,False,False,False,False,False,False,False,0,False,False,,Fiem Industries Ltd,Automobile and Auto Components,EQ,INE737H01014,SELL,Stage 4 takes precedence: the guide requires SELL regardless of RS.
FINCABLES,2026-09-29,1435.5,0.22601935735096101,0.7922543279745058,0.9478873428408578,0.8025335159939837,0.5989427803022539,1074.3384573800224,3.8309527739517346,Stage 2 — Advancing,1228.3605083390778,1498.0,False,695.8450204922062,0.5545718959940167,4.267527208408616,1705512411.7671692,1232.9460046386719,False,33.61711015174289,True,-4.172229639519354,True,True,True,True,False,False,False,False,1070.152822672526,993.6778396606445,True,4.694234913793103,2,1.9058977794658638,36.619543534804315,0.6800137328516334,False,1498.0,0.0649518121351975,0.06562436373786247,False,4.353883664228486,94.0,True,True,5,True,True,True,True,True,True,True,True,8,True,False,,Finolex Cables Ltd.,Capital Goods,EQ,INE235A01022,WAIT,"Stage 2 + RS 94; wait because price is more than 20% above the 30-week line (currently +34%) — the guide treats that as poor entry timing, not a failed trend."
FINPIPE,2026-09-29,151.14999389648438,-0.11847735925672698,-0.024084385099526817,-0.10127734858760395,-0.23377162126569906,-0.11921761469325677,165.48024425767872,-1.1905029151066726,Stage 4 — Declining,157.15522526759727,203.07147405770002,False,144.957002251532,0.9227874983448306,1.1541577561382457,57067519.64999008,157.0419549560547,True,-8.65979526769365,False,-25.5680815841534,False,False,False,False,False,False,False,False,165.8959321085612,167.635772857666,False,2.1051099017153247,2,1.097818238603294,12.390636574155277,0.7796379306662617,False,168.9887898535776,0.006839056780077118,0.008784441500775815,False,11.802048744580285,25.0,True,False,0,False,False,False,False,False,False,False,False,0,False,False,,Finolex Industries Ltd.,Capital Goods,EQ,INE183A01024,SELL,Stage 4 takes precedence: the guide requires SELL regardless of RS.
FSL,2026-09-29,248.89999389648438,0.05757377285560361,0.1692582308721431,-0.2521837254255819,-0.22067617894161007,-0.03769082555676833,249.75040866566354,0.806820659593277,Stage 1 — Basing,272.5664711746515,363.80970663815475,False,202.0,0.10840967381530055,2.974053738175931,675385124.380841,272.69680084228514,True,-0.34050585691637325,False,-31.585114592876874,False,False,True,True,False,False,False,False,249.09840037027996,262.92693656921386,False,3.7149183808465276,3,0.4274173687866034,27.859023603503907,0.25287622195132936,False,341.8999938964844,0.011261933572982417,0.015040758196592025,False,37.36440429109773,43.0,True,False,2,False,False,False,True,False,False,False,False,1,False,False,3.0,Firstsource Solutions Ltd.,Services,EQ,INE684F01012,AVOID,Stage 1 + RS 43; weak RS in a basing stage is AVOID.
FIVESTAR,2026-09-29,497.25,0.024227606134696655,0.32480726377285807,-0.07855447763169121,-0.03246427117883999,0.05244874544634405,482.25958607294785,1.3258919706558014,Stage 2 — Advancing,536.100559608609,663.5913003653413,False,336.9270432139827,2.2500577079770325,0.6341957669003414,359839864.34766847,535.5753942871094,True,3.1083703382901007,False,-25.066829579254858,True,False,True,True,True,False,False,False,480.6468379720052,485.8448539733887,False,4.00488470628636,2,1.2166047473122727,14.352022261279188,1.3258372551440447,False,571.5254614572186,0.022498981946518257,0.027618384116646615,False,14.937247150772981,59.0,True,True,4,True,False,False,True,False,True,False,False,3,False,False,,Five-Star Business Finance Ltd.,Financial Services,EQ,INE128S01021,REDUCE,Stage 2 + RS 59; distribution warning (U/D 0.63) triggers REDUCE.
FORCEMOT,2026-09-29,16905.0,-0.048914736527374436,-0.16937316913421185,-0.1054248378307594,-5.349000320364894e-05,-0.07453619400458476,19057.52741018282,-2.4345971944416345,Stage 4 — Declining,17709.412492340685,26374.965142944882,False,14868.699517207699,1.036270935573502,0.6485641062299283,1133495697.1169922,17711.0836328125,True,-11.294893423753827,False,-35.90512856271217,False,False,False,False,True,False,False,False,19175.35727864583,19547.26662109375,True,2.3517978620019435,3,0.6951183121945859,13.571144618557174,0.7022299585409778,False,19392.82884868421,0.7648975159495045,1.0918785686561783,False,14.716526759445191,35.0,True,False,0,False,False,True,False,False,False,False,False,1,False,False,,Force Motors Ltd.,Automobile and Auto Components,EQ,INE451A01017,SELL,Stage 4 takes precedence: the guide requires SELL regardless of RS.
FORTIS,2026-09-29,822.0,-0.13418352458875693,0.010713027596909175,-0.06893864112094206,-0.15233378025585986,-0.09578528859148133,918.5196948408269,-0.4020170965440495,Stage 4 — Declining,912.4326758291207,1103.1298326042547,False,765.9873728160577,2.0557083547140853,0.31648725567259006,978339463.3041137,911.3218664550782,True,-10.508179125930784,False,-25.484745702195998,False,False,False,False,True,True,False,False,919.0429248046875,911.4462634277344,False,2.3957248193172687,2,1.8307526691783684,16.782356826884577,1.284246963906729,False,979.5999755859375,0.03719288719967422,0.04696281853733121,False,19.172746421646902,30.0,True,False,0,False,True,False,False,False,False,False,False,1,False,False,,Fortis Healthcare Ltd.,Healthcare,EQ,INE061F01013,SELL,Stage 4 takes precedence: the guide requires SELL regardless of RS.
UTLSOLAR,2026-09-29,407.70001220703125,,,,,,327.00714183989027,4.516476504488787,Stage 2 — Advancing,420.6323511460248,,False,,0.7912108580962754,0.769007991950511,102227983.01411286,421.532998046875,True,24.676179826876666,True,,True,False,True,True,False,False,False,False,324.28379892985026,295.7277492523193,False,4.746137685633089,2,1.6565464269755856,27.354580112702326,0.5685058547507197,False,494.25,0.018447129641510848,,False,21.228841109040353,,True,False,3,True,True,False,True,False,False,False,False,3,False,False,,Fujiyama Power Systems Ltd.,Capital Goods,EQ,INE12UR01024,WAIT,"Stage 2 + RS unavailable; wait because price is more than 20% above the 30-week line (currently +25%) — the guide treats that as poor entry timing, not a failed trend."
GAIL,2026-09-29,170.0399932861328,-0.009791245387944847,0.24304796108178928,0.03185834840862434,-0.003630253471303635,0.05033871304864406,165.61355134094654,0.20250852969572186,Stage 2 — Advancing,173.5011883903952,181.85195677766524,False,133.97098293430795,1.408448443715621,0.5696773485058547,1015224660.3007233,173.50148742675782,True,2.6727534729773517,False,-6.495373325002984,True,False,True,True,True,True,False,False,165.68804595947265,164.88189361572265,True,1.5584584335598917,3,0.42066356138505334,8.284900757878292,0.7460892880887091,True,181.85195677766524,0.007693769208910584,0.0077567843828981135,False,6.9465796035736105,59.0,True,True,4,True,True,True,True,False,False,True,False,5,False,False,,GAIL (India) Ltd.,Oil Gas & Consumable Fuels,EQ,INE129A01019,REDUCE,Stage 2 + RS 59; distribution warning (U/D 0.57) triggers REDUCE.
GVT&D,2026-09-29,4130.2998046875,-0.16462767714588677,0.10525945462951847,0.34686194777050217,0.3853000407949163,0.10163321778063268,4384.926566818133,0.8146130343114288,Stage 1 — Basing,4320.518980736826,5636.049839022599,False,2516.9699521199827,0.9708381991514129,1.1953745854709537,3427551453.701172,4317.404956054687,True,-5.806864909835885,False,-26.716407365840922,False,False,False,True,False,False,False,False,4373.905577799479,4068.954447021484,True,3.156117331530455,2,0.6225387646836974,18.084625152351215,0.5508720806425871,False,4825.0,0.18688293763574046,0.2384976619917754,False,16.81960700586629,65.0,True,True,2,False,True,True,False,False,True,False,False,3,False,False,4.0,GE Vernova T&D India Ltd.,Capital Goods,EQ,INE200A01026,WATCH,Stage 1 + RS 65; adequate RS in a basing stage remains WATCH.
GHCL,2026-09-29,404.54998779296875,-0.05918607490007266,-0.035500941595333124,-0.25297504430713225,-0.2872569355953929,-0.13882101425960072,443.718643707483,-0.8978556253385506,Stage 4 — Declining,431.86666570925246,649.6824619687275,False,396.0,4.708856890510095,0.26059615540117564,49328641.66265259,431.84999877929687,True,-8.827363120747256,False,-37.7311207436531,False,False,False,False,True,True,False,False,444.28180440266925,464.1904833984375,False,2.011935936673876,2,1.5337279609182324,13.537117903930133,1.1499998217174314,False,458.0,0.018304601049408117,0.02690798064647657,False,13.212214514856102,21.0,False,False,0,False,False,False,False,False,False,False,False,0,False,False,,GHCL Ltd.,Chemicals,EQ,INE539A01019,SELL,Stage 4 takes precedence: the guide requires SELL regardless of RS.
GMMPFAUDLR,2026-09-29,1477.0999755859375,0.8655062576400343,0.826003368637656,0.37711161937356263,0.412028918789453,0.6692312844161481,929.9048976768441,3.7102093971350225,Stage 2 — Advancing,1101.0203653971355,1533.5999755859375,False,734.1152411860135,1.080763423142729,4.112254557250466,776313312.0384033,1106.9921130371094,False,58.8441978611077,True,-3.684141947016739,True,True,True,True,False,False,False,False,930.5039969889323,953.3126571655273,True,4.027195859273683,2,1.4035345606626266,49.034425436118624,1.3795184038624406,False,1533.5999755859375,0.06683407880122788,0.06683407880122788,True,3.8250626859287262,96.0,True,True,5,True,False,True,True,True,True,True,True,7,False,False,,GMM Pfaudler Ltd.,Capital Goods,EQ,INE541A01023,WAIT,"Stage 2 + RS 96; wait because price is more than 20% above the 30-week line (currently +59%) — the guide treats that as poor entry timing, not a failed trend."
GMRAIRPORT,2026-09-29,93.75,-0.1432096365488027,0.05230669944620314,-0.08052176498815744,0.07882621811095314,-0.04716162410572132,100.07986398294669,-0.2727333989611669,Stage 4 — Declining,100.82313747032016,115.63999938964844,False,84.11000061035156,0.8472963784648115,1.0143620842965697,1005178045.2900295,100.61000015258789,True,-6.32481273558213,False,-18.92943575335917,False,False,True,False,False,False,False,False,100.1126666768392,99.97604984283447,False,2.6293329148065476,2,1.1722475533148586,17.880735029049525,0.9855095901810749,False,112.0199966430664,0.004241889507262115,0.004920225226269011,False,19.487996419270836,41.0,True,False,1,False,True,False,True,False,False,True,False,3,False,False,,GMR Airports Ltd.,Services,EQ,INE776C01039,SELL,Stage 4 takes precedence: the guide requires SELL regardless of RS.
GMRP&UI,2026-09-29,100.72000122070312,0.016757558076129442,0.03835052804848593,-0.08585949408486493,-0.11462729140872918,-0.02572422825856986,101.82176846874003,-1.1410214058888646,Stage 4 — Declining,96.17392192167394,136.3000030517578,False,86.80000305175781,1.0249268825075455,2.972915854789965,155806827.7878124,96.16380035400391,False,-1.082054716399039,False,-26.104182710504954,False,True,False,False,False,False,False,False,102.2120664469401,103.6726498413086,False,3.868574461110714,1,1.8615853295234026,16.23238684519243,1.7959829774980802,False,103.62000274658203,0.004557259907728299,0.0055194933753044805,False,2.879270741393536,47.0,True,False,1,False,False,False,False,True,False,False,False,1,False,False,,GMR Power and Urban Infra Ltd.,Power,EQ,INE0CU601026,SELL,Stage 4 takes precedence: the guide requires SELL regardless of RS.
GABRIEL,2026-09-29,1303.9000244140625,0.024621892131210465,0.5874108929191753,0.30165160875370245,0.07362016344200151,0.20238528987546003,1177.329040942549,2.1193180751131413,Stage 2 — Advancing,1404.5704082414215,1596.6964052725275,False,794.0570601010174,0.3738370587451839,2.2055613080295347,920677330.1612732,1402.9532836914063,True,10.750688980727352,False,-18.33763637793685,True,False,True,True,False,False,False,False,1173.8818729654947,1123.7978280639647,True,4.6459533698182325,3,0.9613380822101607,20.57350746302858,2.137029376003911,False,1596.6964052725275,0.05899733154219549,0.06675310665979187,False,22.455431810428863,77.0,True,True,4,True,True,True,True,False,True,True,True,7,False,False,,Gabriel India Ltd.,Automobile and Auto Components,EQ,INE524A01029,HOLD,Stage 2 + RS 77; trend/leadership is adequate without a stronger entry trigger.
GALLANTT,2026-09-28,536.5499877929688,-0.2427424968637959,-0.007695443135908309,0.03972139059639446,-0.17920485670362074,-0.12653278059414527,645.4024645661655,-0.23446629676735498,Stage 4 — Declining,570.0507405598959,944.5255741327327,False,494.4312144905384,0.24836438013506376,0.4581046829432153,52526887.540188596,569.0942126464844,True,-16.865829114297924,False,-43.193704597609106,False,False,False,False,True,True,False,False,643.2885314941407,620.425414428711,False,3.4287281742439455,2,0.490435606783724,20.326091535004196,0.887660950276925,False,641.6397225681682,0.02413396717661755,0.04077021034263199,False,19.586196471175565,24.0,True,False,0,False,True,False,False,False,False,False,False,1,False,False,,Gallantt Ispat Ltd.,Capital Goods,EQ,INE297H01019,SELL,Stage 4 takes precedence: the guide requires SELL regardless of RS.
GRSE,2026-09-29,2206.10009765625,-0.17378622862755333,0.06963619150118383,-0.10663791146604062,-0.10838107497861527,-0.09859105043971575,2579.531433520674,-0.3318109589071083,Stage 4 — Declining,2515.6315630744484,3329.438873827357,False,1958.0769611497133,1.0527676489942341,0.5917703003869625,741276550.3298095,2513.700224609375,True,-14.4767119722494,False,-33.73958251649092,False,False,False,False,True,True,False,False,2576.6469376627606,2538.9832977294923,False,2.9575239694952433,1,2.295156452930436,18.765914215259762,0.8662022017960553,False,2698.251455862998,0.09981901713299172,0.13396446885520966,False,22.308659463349233,29.0,True,False,0,False,True,False,False,False,False,False,False,1,False,False,,Garden Reach Shipbuilders & Engineers Ltd.,Capital Goods,EQ,INE382Z01011,SELL,Stage 4 takes precedence: the guide requires SELL regardless of RS.
GRWRHITECH,2026-09-28,6653.5,-0.0034218873828397722,0.9688128015322399,1.1255822340691712,1.2094246457533124,0.6593951813178088,5784.039000628745,2.87734059188256,Stage 2 — Advancing,6951.536238128064,7975.480119830348,False,2685.810234604558,0.4968995119139248,0.7760860399172174,371524980.5446045,6952.35857421875,True,15.03207359557468,False,-16.575555326673786,True,False,True,True,False,False,False,False,5738.329044596354,5165.752969970703,True,4.070323731173446,2,1.2119437919265164,21.760196173208747,0.8680852362464652,False,7975.480119830348,0.29927379417178157,0.3116015812909861,False,19.86894295980082,96.0,True,True,4,True,True,True,True,False,True,True,True,7,False,False,,Garware Hi-Tech Films Ltd.,Capital Goods,EQ,INE291A01017,WAIT,Stage 2 + RS 96; wait because the close is below its 50-session average — short-term timing has weakened even though the 30-week trend is intact.
GICRE,2026-09-29,320.25,-0.08632110918721647,-0.08380442740832461,-0.09967579944247251,-0.08531614526368714,-0.08828771809778345,356.66893513997394,-0.6027824879172972,Stage 4 — Declining,343.1066134583716,402.400829796409,False,319.0,0.9213800771089539,2.0971900133160815,328111127.4269287,343.00291259765623,True,-10.210851451271308,False,-20.415174053684847,False,False,False,False,False,False,False,False,357.00140197753905,358.2062705993652,False,2.428905852492124,1,4.505053378840733,11.987863358716796,0.5997779722123403,False,362.45001220703125,0.014490294556807384,0.017510100294857212,False,13.17720912007221,31.0,True,False,0,False,False,False,False,False,False,True,False,1,False,False,,General Insurance Corporation of India,Financial Services,EQ,INE481Y01014,SELL,Stage 4 takes precedence: the guide requires SELL regardless of RS.
GILLETTE,2026-09-28,6925.5,-0.09556129829719617,-0.0655384328738271,-0.1583446773108187,-0.2521466067305109,-0.13343046270190984,7659.9789871842895,-1.1556982654111536,Stage 4 — Declining,7452.607345281863,9653.120359649309,False,6900.5,0.5654521264080153,0.597885095958539,140296966.85,7446.590302734375,True,-9.588524830330824,False,-28.25635916704141,False,False,False,False,True,True,False,False,7677.5204069010415,7781.840473632812,False,1.8451478490464845,1,0.8875642079865775,14.121471969840954,1.6115276892754997,False,8035.186627298344,0.31150832817865387,0.4068142536729223,False,16.02319871920215,22.0,True,False,0,False,False,False,False,False,False,False,False,0,False,False,,Gillette India Ltd.,Fast Moving Consumer Goods,EQ,INE322A01010,SELL,Stage 4 takes precedence: the guide requires SELL regardless of RS.
GLAND,2026-09-28,2896.0,0.26053175410376284,0.6924069498450698,0.7646682269772065,0.49015827288602765,0.49365939158316596,2274.0102664477204,3.3987950365025332,Stage 2 — Advancing,2773.0198759191176,3042.0,False,1561.8007505195303,0.33759550876904876,1.5196802886070397,1716606044.5832887,2779.6670458984377,False,27.352107540125715,True,-4.799474030243256,True,True,True,True,False,False,False,False,2261.8986979166666,2129.345368652344,True,2.548342421004033,2,0.7791591020288271,23.291547686330723,0.521093618675752,False,3042.0,0.13026180324963996,0.1318103098457832,False,5.041436464088389,92.0,True,True,5,True,True,True,True,True,True,True,True,8,True,False,,Gland Pharma Ltd.,Healthcare,EQ,INE068V01023,WAIT,"Stage 2 + RS 92; wait because price is more than 20% above the 30-week line (currently +27%) — the guide treats that as poor entry timing, not a failed trend."
GLAXO,2026-09-29,2783.800048828125,0.18238199298977076,0.263404730679925,0.1522819283931518,0.0720129147976667,0.170492711970057,2490.8125149473854,0.8474911425278009,Stage 2 — Advancing,2792.554874195772,3120.699951171875,False,2088.10009765625,0.40771844590286693,1.6305075326495355,219990306.07087404,2798.2739697265624,True,11.76272931513389,False,-10.795651860642309,True,False,True,True,False,False,False,False,2492.0311458333335,2472.480556640625,True,2.932272107304304,2,0.9209471843472229,21.331751260543122,0.869156120717976,False,3120.699951171875,0.12595810365269106,0.13202682694844312,False,12.102158791382035,74.0,True,True,4,True,True,True,True,False,True,True,True,7,False,False,,Glaxosmithkline Pharmaceuticals Ltd.,Healthcare,EQ,INE159A01016,HOLD,Stage 2 + RS 74; trend/leadership is adequate without a stronger entry trigger.
GLENMARK,2026-09-29,2441.5,0.11768465760654112,0.12597524007966654,0.21606676242014022,0.24964350601764584,0.165410964746107,2272.158642412043,1.0389131484171532,Stage 2 — Advancing,2349.494815602022,2535.0776323504288,False,1790.8181412412814,2.5131470637174886,1.1299738729259692,1187189060.2179322,2351.68728515625,False,7.452884425719075,False,-3.6913122957764055,True,True,True,True,False,False,False,False,2268.9800821940103,2202.7095819091796,True,2.461014782746628,1,1.607553230940817,14.80139412866954,1.2692575455829576,False,2535.0776323504288,0.11047011447445818,0.11047011447445818,True,3.8327926418361136,73.0,True,True,5,True,True,True,True,True,True,True,True,8,True,False,,Glenmark Pharmaceuticals Ltd.,Healthcare,EQ,INE935A01035,HOLD,Stage 2 + RS 73; trend/leadership is adequate without a stronger entry trigger.
MEDANTA,2026-09-28,1433.4000244140625,0.09258489217221433,0.4553013143603022,0.22034761951726778,0.10326112028270762,0.19281596770094125,1266.895064883762,1.8144199921292348,Stage 2 — Advancing,1433.7583178710938,1544.0,False,955.6610489257978,0.4083480343246002,1.2863694234101288,367815882.31192625,1433.7583178710938,True,13.142758555585466,False,-7.163210854011492,True,False,True,True,False,False,False,False,1262.212284749349,1232.6782723999024,True,3.1792546752163657,2,0.9124465195911903,14.36327864502822,0.8102494935753713,False,1544.0,0.06447419611818153,0.06678609017409042,False,7.715918355111517,76.0,True,True,4,True,True,True,True,False,True,True,True,7,False,False,,Global Health Ltd.,Healthcare,EQ,INE474Q01031,HOLD,Stage 2 + RS 76; trend/leadership is adequate without a stronger entry trigger.
GODIGIT,2026-09-29,253.1999969482422,-0.2081313621634333,-0.22485840600235418,-0.261699991439595,-0.25867367589625,-0.23229895953301316,294.5547617179196,-1.8911249982940137,Stage 4 — Declining,258.51078377518,374.0,False,231.64999389648438,3.772351343072527,1.6504419037606326,249437389.09383774,257.97999969482424,True,-14.039754281508031,False,-32.29946605661974,False,False,False,False,False,False,False,False,295.46199981689455,304.9369998931885,False,3.6363113555773547,3,0.8290828113873725,20.367824421847143,2.7498634525856773,False,290.8999938964844,0.01145649504313118,0.015863658823073837,False,14.889414456015416,7.0,True,False,0,False,False,False,False,False,False,False,False,0,False,False,,Go Digit General Insurance Ltd.,Financial Services,EQ,INE03JT01014,SELL,Stage 4 takes precedence: the guide requires SELL regardless of RS.
GPIL,2026-09-28,225.4600067138672,-0.14698389910314003,-0.16798803945434937,-0.10343957800746229,-0.11742055648494654,-0.13656319443060766,263.02080703108277,-0.8687856382077919,Stage 4 — Declining,241.29764063218062,318.68479368531104,False,220.30083502168418,0.8038833432947785,0.74128122564311,332006816.9837387,241.2616583251953,True,-14.280543330846363,False,-29.252976238175876,False,False,False,False,False,False,False,False,263.16245493570966,261.2739707183838,False,2.9571282298910893,2,1.0252649414296096,12.6953125,0.8030804415091808,False,256.0,0.010141169556361972,0.013490607125614824,False,13.545636643616055,21.0,True,False,0,False,True,False,False,False,False,False,False,1,False,False,,Godawari Power & Ispat Ltd.,Capital Goods,EQ,INE177H01039,SELL,Stage 4 takes precedence: the guide requires SELL regardless of RS.
GODFRYPHLP,2026-09-29,1862.0,-0.1386327906178283,-0.006292469609632367,-0.32200369136412454,-0.45902830749300305,-0.21291800994048332,2112.553407007334,-0.7878335226428224,Stage 4 — Declining,2074.86137120864,3428.233634786403,False,1805.6870625140934,0.817524203362323,0.4788713063991021,316326655.65510255,2074.3293896484374,True,-11.860216464883166,False,-45.68631550935669,False,False,False,False,True,True,False,False,2111.6830354817707,2152.4418432617185,False,2.4037132713899707,3,0.43268132924572944,21.608440105066922,0.4805184116982685,False,2375.255706731194,0.08424958146690195,0.14621952284529002,False,27.564753315316537,8.0,True,False,0,False,False,False,False,False,False,False,False,0,False,False,,Godfrey Phillips India Ltd.,Fast Moving Consumer Goods,EQ,INE260B01028,SELL,Stage 4 takes precedence: the guide requires SELL regardless of RS.
GODREJAGRO,2026-09-28,642.5,0.16534927145190315,0.19861745983579637,0.15905965137438716,-0.08496150251457568,0.12068283031988283,581.2120390591556,0.38205249763334503,Stage 2 — Advancing,607.5039253982843,713.1427548958242,False,496.4533186222811,0.19971004657900013,8.882233773232219,580267260.2624756,608.4340209960938,False,10.54485399856051,False,-9.905836441701442,True,True,True,True,False,False,False,False,582.1996952311198,576.6140933227539,True,3.333519707128961,2,2.242832361761137,23.496567996080607,0.4157507275127627,False,698.4000244140625,0.028899588600792014,0.03075801676180869,False,8.700392904912446,68.0,True,True,5,True,True,True,True,True,False,True,False,6,False,False,,Godrej Agrovet Ltd.,Fast Moving Consumer Goods,EQ,INE850D01014,HOLD,Stage 2 + RS 68; trend/leadership is adequate without a stronger entry trigger.
GODREJCP,2026-09-29,855.0,-0.15870069070488801,-0.14345472624501654,-0.28064932342629456,-0.25988841096684223,-0.2002787684095859,1008.5328726217049,-2.0995890117140426,Stage 4 — Declining,945.1283844592524,1255.1784329498362,False,850.0,0.8074265266571268,0.37904441462919974,1182532160.0691314,943.0628002929687,True,-15.223388031229224,False,-31.882194789577735,False,False,False,False,True,True,False,False,1012.7330924479166,1057.2828021240234,False,1.7706762838084797,3,0.8382528596344743,22.300346611643945,0.5724186454511748,False,1093.9559739752708,0.03868603230623049,0.0538254229425575,False,27.94806713161062,10.0,True,False,0,False,False,False,False,False,False,False,False,0,False,False,,Godrej Consumer Products Ltd.,Fast Moving Consumer Goods,EQ,INE102D01028,SELL,Stage 4 takes precedence: the guide requires SELL regardless of RS.
GODREJIND,2026-09-28,1076.0999755859375,-0.072887032949836,0.38815784138370923,0.06946925316129282,-0.09949792837996863,0.04247102005307228,1098.1167828285531,0.5686289705409742,Stage 1 — Basing,1211.7451076133577,1443.0,False,744.2000122070312,1.1026197481098352,1.8602844630136324,120280353.72474365,1208.6840087890625,True,-2.004960454743643,False,-25.426197118091654,False,False,True,True,False,False,False,False,1096.229335530599,1073.6527502441406,True,2.935866680359138,2,1.060897127232,24.199312852725857,0.6636736787243191,False,1398.800048828125,0.04840287406654619,0.06071936096063862,False,29.98792682496596,57.0,True,True,3,False,True,True,True,False,True,False,False,4,False,False,3.0,Godrej Industries Ltd.,Diversified,EQ,INE233A01035,WATCH,Stage 1 + RS 57; adequate RS in a basing stage remains WATCH.
GODREJPROP,2026-09-29,1634.4000244140625,-0.10261721467608043,0.09108445230090867,-0.17794563231975935,-0.17757515043231498,-0.09393415196066532,1824.4646577380952,-0.4629931973473167,Stage 4 — Declining,1945.4313773360907,2340.6858887816,False,1427.1018020889294,0.631839116740197,0.6891487272973437,1198886127.7421875,1941.2622314453124,True,-10.417556323599486,False,-30.17431205753034,False,False,True,False,True,False,False,False,1823.3152099609374,1830.1405780029297,False,2.9595845887833234,3,0.5389766838852553,25.027521815868692,0.6709552872265926,False,2180.0,0.07395140601846353,0.09685617530797627,False,33.38227896695833,31.0,True,False,1,False,False,False,True,False,False,False,False,1,False,False,,Godrej Properties Ltd.,Realty,EQ,INE484J01027,SELL,Stage 4 takes precedence: the guide requires SELL regardless of RS.
GOKEX,2026-09-29,678.5499877929688,-0.2015180071310151,0.15018217434131542,-0.10428354732095901,-0.06258201190971868,-0.08394387983027848,732.5200689406622,-0.3212896711519031,Stage 4 — Declining,775.3735303691789,954.9000244140625,False,531.0,1.9560962941321052,0.9736720570732159,200703828.6417877,774.2470007324218,True,-7.367727306876737,False,-28.940206257787594,False,False,True,False,False,False,False,False,731.3183345540365,725.5660006713867,False,3.8827552900809303,1,1.3294555382474391,21.09004739336493,1.3647442097287947,False,844.0,0.03070223011596619,0.039596754451778876,False,24.382877486324773,33.0,True,False,1,False,True,False,True,False,False,False,False,2,False,False,,Gokaldas Exports Ltd.,Textiles,EQ,INE887G01027,SELL,Stage 4 takes precedence: the guide requires SELL regardless of RS.
GOKULAGRO,2026-09-28,216.16000366210938,-0.006526326670628024,0.17267944184272332,0.18573779508241794,0.10215425704071057,0.08950376812491916,217.35698605890144,1.6719060971592814,Stage 1 — Basing,228.42294042250688,259.79998779296875,False,151.0,0.38923063544975306,0.44579214949168366,75442032.09766464,228.7659991455078,True,-0.5506988381168032,False,-16.797531247628662,False,False,True,True,True,True,False,False,216.1169330851237,204.8865997314453,True,3.2023237423434034,2,0.7176765106284474,20.554271133776243,0.5597222808554737,False,259.79998779296875,0.009722856307829816,0.01073846602304717,False,20.188741391342326,63.0,True,True,3,True,True,True,True,False,True,True,False,6,False,False,3.0,Gokul Agro Resources Ltd.,Fast Moving Consumer Goods,EQ,INE314T01033,WATCH,Stage 1 + RS 63; adequate RS in a basing stage remains WATCH.
GRANULES,2026-09-29,866.75,0.09279763119979156,0.39113561543270703,0.44003225483264763,0.6878266926988776,0.3409179650727631,766.4901720942283,2.3456779196878053,Stage 2 — Advancing,855.4037320006128,923.6500244140625,False,509.8379671736485,1.101745620479996,1.827683900641566,1307990943.1394744,855.0342138671875,False,13.08038009565584,False,-6.160344601317824,True,True,True,True,False,False,False,False,762.9571280924479,718.1306430053711,True,3.162883092242161,3,0.8371419833964087,11.849727636445769,0.8252667394118157,False,923.6500244140625,0.03921768245780734,0.039765595425315145,False,6.564756205833566,87.0,True,True,5,True,True,True,True,True,True,True,True,8,True,False,,Granules India Ltd.,Healthcare,EQ,INE101D01020,HOLD,Stage 2 + RS 87; trend/leadership is adequate without a stronger entry trigger.
GRAPHITE,2026-09-29,801.5499877929688,0.3186059195614539,0.2657750868156876,0.346654373823833,0.48483601344342087,0.3468954626411699,687.4220319475446,1.25355058401444,Stage 2 — Advancing,734.5735270182291,874.3499755859375,False,510.5948183076055,0.41797180896637615,2.602623023784877,3119390658.9709687,736.5499975585938,False,16.60231277750681,False,-8.326184002485103,True,True,True,True,False,False,False,False,687.9670141601563,671.2444970703125,True,3.912510926330358,2,0.6432861858364797,29.25030103976517,0.7377018604304277,False,874.3499755859375,0.03626758914949409,0.036789895983625524,False,9.08240145987902,87.0,True,True,5,True,True,True,True,True,True,True,True,8,True,False,,Graphite India Ltd.,Capital Goods,EQ,INE371A01025,HOLD,Stage 2 + RS 87; trend/leadership is adequate without a stronger entry trigger.
GRASIM,2026-09-28,3150.0,0.010622723878264795,0.20227271138941494,0.12141568996346686,0.15036155646885785,0.09905908111565384,3023.169135942851,0.7030207983345305,Stage 2 — Advancing,3230.233340992647,3411.10009765625,False,2494.7282248871606,0.8647917241208746,0.912196519164918,2679037732.977698,3232.157275390625,True,4.195295015063505,False,-7.654424970866458,True,False,True,True,False,False,False,False,3018.454832356771,2970.070040283203,True,1.5891146497661566,2,0.7503282252192385,10.384428438920445,0.7994984451256388,False,3411.10009765625,0.14168669897664568,0.1446039319061408,False,8.288891989087311,65.0,True,True,4,True,True,True,True,False,False,True,False,5,False,False,,Grasim Industries Ltd.,Construction Materials,EQ,INE047A01021,HOLD,Stage 2 + RS 65; trend/leadership is adequate without a stronger entry trigger.
GRAVITA,2026-09-29,1446.9000244140625,-0.13025965036790232,0.03158423613234307,-0.21852550666267212,-0.09822373049918198,-0.10913686035306314,1646.0088422087586,-0.2786887446422526,Stage 4 — Declining,1702.8784299364277,1913.5999755859375,False,1266.9000244140625,1.0241182171350856,0.18098025667197284,314906425.98721313,1700.8459985351562,True,-12.096461008527415,False,-24.388584716038842,False,False,True,False,True,True,False,False,1645.3213321940104,1657.8845013427735,False,2.89831445395372,2,0.8310966804472814,22.45897360312416,0.9074178426793064,False,1858.5,0.06546762700393931,0.07943156467072615,False,28.44702250610711,28.0,True,False,1,False,False,False,True,False,False,True,False,2,False,False,,Gravita India Ltd.,Metals & Mining,EQ,INE024L01027,SELL,Stage 4 takes precedence: the guide requires SELL regardless of RS.
GESHIP,2026-09-28,1533.4000244140625,0.03395386194735028,0.10285332801643676,0.4334509426183162,0.5896822872337633,0.23877885635264337,1415.6315968134631,0.8078850788863834,Stage 2 — Advancing,1372.1058373544731,1766.7330608502607,False,941.3309959266335,3.5303514263441382,4.739511902443175,1282217985.192041,1372.1012353515625,False,8.31914375644709,False,-13.207034022666896,True,True,False,True,False,False,False,False,1412.9638810221354,1346.1042742919922,True,2.3081294234608705,1,1.9457264933490712,20.28481247624001,1.155818237358223,False,1581.8817457139457,0.06897218656188457,0.07526913218474682,False,3.1617138729607808,80.0,True,True,4,True,True,True,False,True,True,True,True,7,False,False,,Great Eastern Shipping Co. Ltd.,Services,EQ,INE017A01032,HOLD,Stage 2 + RS 80; trend/leadership is adequate without a stronger entry trigger.
GREAVESCOT,2026-09-28,230.39999389648438,0.08500446986521859,0.8280365309628919,0.23262725098748183,0.07253026536779617,0.26064059740972145,185.88259344231594,1.769194190896517,Stage 2 — Advancing,206.61222809436273,269.68934059737177,False,119.01442505726769,1.3343606223460067,4.9950099432008495,485754463.6051186,205.87002868652343,False,23.94920343522284,True,-14.568372118030338,True,True,True,True,False,False,False,False,185.00958201090495,182.06766708374025,True,3.7354283906088885,2,3.401680982207474,28.47931718489889,1.9021435209712385,False,249.8717848875651,0.010363369707756248,0.011229769838117453,False,8.451298397095064,82.0,True,True,5,True,True,True,True,True,True,True,True,8,True,False,,Greaves Cotton Ltd.,Capital Goods,EQ,INE224A01026,WAIT,"Stage 2 + RS 82; wait because price is more than 20% above the 30-week line (currently +24%) — the guide treats that as poor entry timing, not a failed trend."
GRINDWELL,2026-09-28,1918.199951171875,-0.130876386049681,0.413539195347685,0.23613626539428356,0.24575877083037034,0.1267362918945954,1851.0235519935345,1.05015970880451,Stage 2 — Advancing,2018.9529550589766,2455.0,False,1316.5038257707065,0.6356483091617836,1.044668219103363,47066474.19647827,2016.7700122070312,True,3.6291488082899948,False,-21.865582436990838,True,False,True,True,False,False,False,False,1844.524793294271,1777.5691052246093,True,3.053831123681283,2,1.1434501787816393,17.338196190248976,0.47855968329960896,False,2194.0,0.08628045049482727,0.10254103637652325,False,14.378065678691732,69.0,False,True,4,True,True,True,True,False,True,True,False,6,False,False,,Grindwell Norton Ltd.,Capital Goods,EQ,INE536A01023,HOLD,Stage 2 + RS 69; trend/leadership is adequate without a stronger entry trigger.
GAEL,2026-09-28,160.47000122070312,0.01570864588818366,0.19940475477669128,0.2784811249935417,0.5259250843614023,0.20704565118160054,156.69682019377407,0.7800172798090088,Stage 2 — Advancing,166.00156836416207,184.66065065257942,False,101.01982127662673,0.24667266584392136,0.45115045734271525,99209530.47199936,166.4491229248047,True,2.407949964946998,False,-13.100056425875263,True,False,True,True,True,True,False,False,156.338757425944,150.61965854644777,True,3.247602618204912,4,0.2756758653272217,25.563545385991095,0.42030600395481155,True,184.66065065257942,0.007217925319917374,0.007784372448318455,False,15.074873339475815,78.0,True,True,4,True,True,True,True,False,True,True,True,7,False,False,,Gujarat Ambuja Exports Ltd.,Fast Moving Consumer Goods,EQ,INE036B01030,REDUCE,Stage 2 + RS 78; distribution warning (U/D 0.45) triggers REDUCE.
FLUOROCHEM,2026-09-29,4406.2001953125,0.13863024034971883,0.4371778248153757,0.20655606979171437,0.19946621555026378,0.22409211817135832,3929.373722828975,1.7542255873109536,Stage 2 — Advancing,4591.428682215073,4955.618691060383,False,2914.6699865065048,0.3153560388369635,0.3957889144269528,555636466.6567138,4591.17623046875,True,12.134922919478154,False,-11.086779068353225,True,False,True,True,True,True,False,False,3920.2495865885417,3795.4973291015626,True,2.745711079885036,2,0.8391497061674578,12.387828641989888,0.4596183121749906,False,4955.618691060383,0.19936655333751865,0.20860391856673519,False,12.469213185827943,79.0,True,True,4,True,True,True,True,False,True,True,True,7,False,False,,Gujarat Fluorochemicals Ltd.,Chemicals,EQ,INE09N301011,REDUCE,Stage 2 + RS 79; distribution warning (U/D 0.40) triggers REDUCE.
GMDCLTD,2026-09-29,513.2000122070312,-0.09751389561957258,-0.07871871052795354,-0.1259975398158375,-0.13418819559801087,-0.10678644743618941,593.0890523689944,-0.2234986189439958,Stage 4 — Declining,557.3610097847733,758.8901386847265,False,458.53909242984975,0.6615301227682436,1.9205760727577061,508615532.611145,557.0978430175782,True,-13.469990694122558,False,-32.374926745459376,False,False,False,False,False,False,False,False,592.4407023111979,584.1330923461915,True,2.5914645675138166,1,1.5718809136072258,15.93714334907698,0.58009760901595,False,606.7483406030175,0.023220669300349814,0.032404407434086784,False,18.228434561737238,28.0,True,False,0,False,True,True,False,False,False,False,False,2,False,False,,Gujarat Mineral Development Corporation Ltd.,Metals & Mining,EQ,INE131A01031,SELL,Stage 4 takes precedence: the guide requires SELL regardless of RS.
GNFC,2026-09-29,611.5,0.1604068714397533,0.6448879599591553,0.28348213728104965,0.28231406968447126,0.30629958196083656,494.591480903885,2.1428374634996583,Stage 2 — Advancing,551.6523269952512,636.0,False,351.9886096859767,0.7049803443954904,5.812381368011855,747693026.803778,552.9454144287109,False,23.637390373659528,True,-3.8522012578616316,True,True,True,True,False,False,False,False,493.5057958984375,484.8434005737305,True,3.3786926519061735,1,2.3515182009160993,25.383990400095296,3.4333798825431563,False,636.0,0.027668431292701686,0.0279167787869851,False,4.006541291905141,85.0,True,True,5,True,True,True,True,True,True,True,True,8,True,False,,Gujarat Narmada Valley Fertilizers and Chemicals Ltd.,Chemicals,EQ,INE113A01013,WAIT,"Stage 2 + RS 85; wait because price is more than 20% above the 30-week line (currently +24%) — the guide treats that as poor entry timing, not a failed trend."
GPPL,2026-09-29,160.5399932861328,0.08838095048935068,0.1357538584966378,-0.11023545402297097,0.08484253817594567,0.057424568725662775,151.96205917669803,-0.3108465806454186,Stage 3 — Topping,155.79179980708105,194.17086460013374,False,137.3626328109463,0.6340399501521546,0.7341216204707618,223131119.54883423,155.98085601806642,False,5.644786702620652,False,-17.320245951038405,True,True,True,False,False,False,False,False,152.37841074625652,157.83120445251464,False,2.3042757565194227,3,1.3463128529780988,15.650170829886868,0.6677153052479513,False,168.6586002568762,0.007263924405508023,0.00793505080382542,False,5.057061984718958,60.0,True,True,4,True,False,False,False,True,False,True,False,3,False,False,,Gujarat Pipavav Port Ltd.,Services,EQ,INE517F01014,REDUCE,Stage 3 with RS 60; the guide requires REDUCE when RS is 50 or higher.
GSFC,2026-09-28,153.0399932861328,-0.03166373950540036,0.0929543572787459,-0.11225864800930574,-0.19940853019858118,-0.056408059987988354,157.22334028270146,-0.6187642328381648,Stage 4 — Declining,154.4985252829159,193.75512406777963,False,134.50184366279788,0.7981572689721254,1.4179756326036737,157189612.5520897,154.50317901611328,True,-2.6607671539394917,False,-21.013705303300167,False,False,False,False,False,False,False,False,157.44196736653646,160.8661009979248,False,2.2926598187233598,3,1.0711154506795306,8.420165636634762,1.1583438027778787,False,160.67947154460995,0.006883724273054024,0.008390441804672735,False,4.991818213291421,39.0,True,False,0,False,False,False,False,False,False,True,False,1,False,False,,Gujarat State Fertilizers & Chemicals Ltd.,Chemicals,EQ,INE026A01025,SELL,Stage 4 takes precedence: the guide requires SELL regardless of RS.
HGINFRA,2026-09-28,444.54998779296875,-0.21378158012965065,-0.032988811172842025,-0.42856177842607224,-0.5255434374059931,-0.28293143745284177,540.4236400029431,-1.692294758107904,Stage 4 — Declining,505.0439489028033,972.8850012742132,False,427.93192345187117,0.31930861516292947,11.44986713370666,341575305.75566405,503.98870849609375,True,-17.740462317572238,False,-54.30600870496206,False,False,False,False,False,False,False,False,540.8489766438802,578.4748947143555,False,3.694746814373115,1,2.699803188290475,23.56925961042662,8.984741948655644,False,575.75,0.019995815968410754,0.041753722967913735,False,29.512994221053134,3.0,True,False,0,False,False,False,False,False,False,False,False,0,False,False,,H.G. Infra Engineering Ltd.,Construction,EQ,INE926X01010,SELL,Stage 4 takes precedence: the guide requires SELL regardless of RS.
HBLENGINE,2026-09-29,808.2999877929688,0.0209671922071768,0.2606849945572267,-0.12207307685474444,0.0010012894994233523,0.03630951832325185,741.8933964943399,0.48343265927577317,Stage 2 — Advancing,713.1774064606311,1117.5594259540492,False,612.1496526863262,1.3626801832831312,2.399296101152016,2093504953.1955504,712.8801818847656,False,8.950961366204258,False,-27.672751084092805,True,True,False,True,False,False,False,False,740.9931677246094,757.84607421875,False,3.5066678293363878,1,2.2631075819015614,22.026620995598567,2.216499073414126,False,829.9000244140625,0.036573005194016954,0.046381146499229864,False,2.672279716355286,56.0,True,True,4,True,False,False,False,True,True,False,False,3,False,False,,HBL Engineering Ltd.,Capital Goods,EQ,INE292B01021,HOLD,Stage 2 + RS 56; trend/leadership is adequate without a stronger entry trigger.
HCLTECH,2026-09-29,1222.0,0.11980745434300477,-0.07790269375639947,-0.22294360886118192,-0.0793274156446091,-0.02811176191523618,1243.7597502624096,-0.589067403546284,Stage 4 — Declining,1297.5568656173407,1729.0085007948294,False,1019.5907239069678,2.36217590016114,0.27194451855285534,2985376394.5529175,1298.7180029296876,True,-1.7495139441374263,False,-29.32365575772221,False,False,True,False,True,True,False,False,1245.6975744628905,1326.1032162475585,False,2.8039517958977527,2,0.45032960128007427,13.342520013143039,0.8974927706335942,False,1379.800048828125,0.05529161576399258,0.07322009964346166,False,12.913260951565064,46.0,True,False,1,False,False,False,False,False,False,False,False,0,False,False,,HCL Technologies Ltd.,Information Technology,EQ,INE860A01027,SELL,Stage 4 takes precedence: the guide requires SELL regardless of RS.
HDBFS,2026-09-29,630.9000244140625,-0.16131601938974738,0.07219407121934607,-0.1677168036136284,-0.152031956885047,-0.11403734561176482,675.1810502032845,-0.4666518829668287,Stage 4 — Declining,680.6088256835938,794.4312900037413,False,553.7186859929476,0.4255229282094454,0.9156997083411138,283189668.7349579,679.8090026855468,True,-6.558392860091344,False,-20.58469595135266,False,False,True,False,False,False,False,False,675.9320548502604,690.9333795166016,False,2.227541950456476,3,1.6220002580262378,13.083591785358134,0.6248741355992228,False,720.75,0.028546220732729853,0.033377769226247925,False,14.241555255824267,26.0,True,False,1,False,False,False,False,False,False,True,False,1,False,False,,HDB Financial Services Ltd.,Financial Services,EQ,INE756I01012,SELL,Stage 4 takes precedence: the guide requires SELL regardless of RS.
HDFCAMC,2026-09-29,2223.300048828125,-0.14704980989326788,-0.01813890066203605,-0.14176170068954896,-0.19191594455010896,-0.12918323313764596,2550.713191233525,-0.7891023887948934,Stage 4 — Declining,2503.168629365809,2903.739155124938,False,2158.391558795009,1.8558329578063155,0.40992325217729625,1449386574.6330445,2501.61,True,-12.836141026387327,False,-23.433203533308966,False,False,False,False,True,True,False,False,2553.171373697917,2561.225549316406,False,2.1184721805488835,2,1.4163723948687434,17.594512645362308,0.7770655767243313,False,2698.0,0.10059726025193996,0.12082346975926837,False,21.35114202970867,23.0,True,False,0,False,False,False,False,False,False,True,False,1,False,False,,HDFC Asset Management Company Ltd.,Financial Services,EQ,INE127D01025,SELL,Stage 4 takes precedence: the guide requires SELL regardless of RS.
HDFCBANK,2026-09-29,722.7000122070312,-0.09538116144497388,-0.028493686986164612,-0.2591982733357808,-0.2269250782984763,-0.1410758723020739,761.03347591478,-1.3725891773761822,Stage 4 — Declining,726.6705884746476,1003.8961237048558,False,681.9000244140625,1.5197151302533984,1.3190825422019614,19936420402.898766,725.975,True,-5.037027268960936,False,-28.010478859115096,False,False,False,False,False,False,False,False,763.4802628580729,805.8933242797851,False,1.9767148753383288,2,1.5022776025026952,10.435404704745679,1.0465647936601423,False,761.3499755859375,0.032699878385911554,0.041943841656251916,False,5.347995395886929,20.0,True,False,0,False,False,False,False,False,False,False,False,0,False,False,,HDFC Bank Ltd.,Financial Services,EQ,INE040A01034,SELL,Stage 4 takes precedence: the guide requires SELL regardless of RS.
HDFCLIFE,2026-09-28,531.5999755859375,-0.09198058843331425,-0.12570524164247565,-0.2872006877782284,-0.3020739454003225,-0.179788210337531,578.8089980033978,-2.1005797073182286,Stage 4 — Declining,543.1558825922947,785.6996289453043,False,508.70001220703125,0.6395922482740977,0.9781937792811566,2357015819.79534,542.7259997558593,True,-8.15623505859583,False,-32.34055916514321,False,False,False,False,False,False,False,False,582.766972249349,620.8327914428711,False,3.236859554411847,0,2.6264230899892955,10.345437025253752,1.5844760996857397,False,567.4000244140625,0.023911316100583148,0.03320292634818631,False,6.734396251366581,13.0,True,False,0,False,False,False,False,False,False,False,False,0,False,False,,HDFC Life Insurance Company Ltd.,Financial Services,EQ,INE795G01014,SELL,Stage 4 takes precedence: the guide requires SELL regardless of RS.
HEGAM,2026-09-29,238.25,,,,,,,,,538.1509794347427,,False,,0.3013460910174322,0.9018424130146356,536443608.7923851,536.8829992675782,True,,False,,False,False,False,False,False,False,False,False,,,False,4.666466156129375,3,1.1557522097237702,71.60100820133067,0.6892226059021609,False,753.9000244140625,0.010780055201122121,,False,216.43232923990033,,True,False,0,False,False,False,False,False,False,False,False,0,False,False,,HEG Advanced Materials Ltd.,Capital Goods,EQ,INE545A01024,WAIT,"nan + RS unavailable; wait because the guide requires Stage 2 before buying, and this is nan."
HFCL,2026-09-29,216.2100067138672,0.025989589016615966,2.0583939132311677,2.337115835012053,1.9217222061101857,1.2738422264773277,168.27572424233367,5.725060840012386,Stage 2 — Advancing,219.80796963560815,256.46045809851773,False,59.764173305578176,0.3507801201676087,0.7370407829622724,1489350177.7632623,219.84879730224608,True,28.485560045787373,True,-15.694603247253259,True,False,True,True,False,False,False,False,166.2979135131836,141.45300809860228,True,4.712169858701841,2,0.5100785223382515,29.470201608594326,0.27514662039849025,True,256.46045809851773,0.00978281556100933,0.01084241714068162,False,18.61636840792391,98.0,True,True,4,True,True,True,True,False,True,True,True,7,False,False,,HFCL Ltd.,Telecommunication,BE,INE548A01028,WAIT,"Stage 2 + RS 98; wait because price is more than 20% above the 30-week line (currently +28%) — the guide treats that as poor entry timing, not a failed trend."
HAPPSTMNDS,2026-09-29,308.70001220703125,-0.07690556988623443,-0.19865583397098485,-0.3407026425777474,-0.409635250759121,-0.22056097341606445,368.5110959422832,-0.9702937875772699,Stage 4 — Declining,372.66568711224727,527.9704541930206,False,303.29998779296875,0.2801882652203872,0.328539036682766,350759463.15681154,372.59300109863284,True,-16.230470233824292,False,-41.530816780483384,False,False,True,False,True,True,False,False,368.28418497721356,382.1057046508789,False,2.570687472642713,3,0.8114264028075623,33.67592480009417,0.2603576271441329,False,457.29998779296875,0.013967694321842054,0.02300272977963049,False,48.13734036598554,7.0,True,False,1,False,False,False,False,False,False,False,False,0,False,False,,Happiest Minds Technologies Ltd.,Information Technology,EQ,INE419U01012,SELL,Stage 4 takes precedence: the guide requires SELL regardless of RS.
HAVELLS,2026-09-29,1043.300048828125,-0.09756935311813575,-0.14866794996625732,-0.2568489008569175,-0.3012839163942329,-0.18038789469073585,1217.542210585406,-1.6379022528335008,Stage 4 — Declining,1203.5313720703125,1507.8490924045077,False,1043.300048828125,1.2112958071942561,0.27389115070373704,853855548.7131592,1203.25,True,-14.310975031699623,False,-30.808722564907644,False,False,False,False,True,True,False,False,1221.2408829752603,1262.4373706054687,False,2.184690095932943,2,0.9243686607755617,20.661593245009506,0.5269012409600753,False,1315.0,0.04720601098720081,0.06554000675609559,False,26.04235967179902,13.0,True,False,0,False,False,False,False,False,False,False,False,0,False,False,,Havells India Ltd.,Consumer Durables,EQ,INE176B01034,SELL,Stage 4 takes precedence: the guide requires SELL regardless of RS.
HCG,2026-09-29,703.5999755859375,0.18242162846785193,0.3230537640776536,0.0480375380543554,0.11780119459989424,0.17074715073352145,634.848980339206,1.2094430190409122,Stage 2 — Advancing,698.0156896254596,804.6500244140625,False,513.2999877929688,0.7191826329555981,1.1083832459430893,88392212.88970032,698.7510034179687,False,10.829503925484318,False,-12.55826082919821,True,True,True,True,False,False,False,False,633.6158117675782,633.3999453735352,False,2.946580951751417,2,2.1361578398964953,16.780643586189516,0.6807626784660099,False,775.0,0.031835662439977264,0.0324101123533662,False,10.147815078390622,74.0,True,True,5,True,True,False,True,True,True,True,True,7,False,False,,Healthcare Global Enterprises Ltd.,Healthcare,EQ,INE075I01017,HOLD,Stage 2 + RS 74; trend/leadership is adequate without a stronger entry trigger.
HEMIPROP,2026-09-28,115.94999694824219,-0.16911505257912895,-0.014784649987838572,-0.17631602309380856,-0.3111745043250458,-0.16810105651299018,133.8604109254602,-1.0675035932818377,Stage 4 — Declining,129.1094118006089,190.69000244140625,False,111.19999694824219,1.2413290585444607,0.27346898451403073,29706980.66557808,128.9783999633789,True,-13.379918568449167,False,-39.19450654794008,False,False,False,False,True,True,False,False,134.06353322347005,134.3026000213623,False,2.756114499519695,3,0.8130815642583827,18.844664019086654,0.8467103023647624,False,141.9499969482422,0.005215419782205897,0.007990377078148581,False,22.42345897741238,16.0,False,False,0,False,False,False,False,False,False,False,False,0,False,False,,Hemisphere Properties India Ltd.,Services,EQ,INE0AJG01018,SELL,Stage 4 takes precedence: the guide requires SELL regardless of RS.
HERITGFOOD,2026-09-28,402.04998779296875,0.20275264962794148,0.33120969615349516,-0.10507660670496921,-0.16356165576821957,0.09361534658723789,343.0606352923668,1.538096721402793,Stage 2 — Advancing,370.9019583907782,500.02281355138234,False,290.35662689794395,0.41558885164237197,4.473242243436754,362915348.6803009,371.6679974365234,False,17.195022229912627,False,-19.593671149235657,True,True,True,True,False,False,False,False,342.49584513346355,359.7951501464844,False,4.199906793077444,1,2.239149608829656,24.877874670360107,0.7205879576600502,False,429.8999938964844,0.018084170029836963,0.021535105437727763,False,6.927000857877563,63.0,True,True,5,True,False,False,True,True,True,True,False,5,False,False,,Heritage Foods Ltd.,Fast Moving Consumer Goods,EQ,INE978A01027,HOLD,Stage 2 + RS 63; trend/leadership is adequate without a stronger entry trigger.
HEROMOTOCO,2026-09-29,5208.0,0.09784900117309236,0.02753372557448186,-0.03204985213917666,0.016434510871844,0.04152327733066679,5157.278263844601,-0.18894499279880073,Stage 3 — Topping,5431.128073299632,6175.521739453033,False,4603.781580166306,1.069808659129895,0.5878749816130223,2701583227.2,5440.528125,True,0.9834981469002191,False,-15.66704450689419,True,False,True,False,True,True,False,False,5167.363815104167,5255.716223144531,False,2.0078999341672152,3,0.3625764753823728,17.48956589592994,0.7048752622968476,False,5937.0,0.235645445907425,0.2581447052155977,False,13.997695852534564,57.0,True,True,3,False,False,False,True,False,False,True,False,2,False,False,,Hero MotoCorp Ltd.,Automobile and Auto Components,EQ,INE158A01026,REDUCE,Stage 3 with RS 57; the guide requires REDUCE when RS is 50 or higher.
HEXT,2026-09-28,489.25,-0.011316572768404032,0.12527203984222912,-0.3364010923396564,-0.24331201653110224,-0.09541484291306754,504.3015092823603,-0.0055972824198780025,Stage 4 — Declining,543.2450956456802,792.7687780924847,False,392.77756486306447,0.28952441448503546,0.1307338162894411,160709970.32680053,542.9969970703125,True,-2.9846250715725886,False,-38.285914692906346,False,False,True,False,True,True,False,False,503.2240321858724,547.4336853027344,False,2.5425217083591867,2,0.5083422235494737,21.877007493662997,0.22888260494322904,False,622.7999877929688,0.02200641824581711,0.03285182302824092,False,27.29688048910961,30.0,True,False,1,False,False,False,False,False,False,False,False,0,False,False,,Hexaware Technologies Ltd.,Information Technology,EQ,INE093A01041,SELL,Stage 4 takes precedence: the guide requires SELL regardless of RS.
HSCL,2026-09-28,669.9500122070312,-0.012018822699210396,0.5114539187713012,0.3902369718728851,0.48256095435312796,0.27204283991977873,623.2337328767123,2.088626582523889,Stage 2 — Advancing,712.6509866153492,819.5,False,417.9330556788151,0.21823843658456757,1.3594833598781169,2207885027.109381,711.506005859375,True,7.495787995089209,False,-18.248930786207296,True,False,True,True,False,False,False,False,619.5246531168619,581.7833363342285,True,2.265628108315474,2,0.8283742012928549,22.818791946308725,0.34379104175340025,False,819.5,0.030134287526659597,0.034458151417409884,False,22.322559156361965,83.0,True,True,4,True,True,True,True,False,True,True,True,7,False,False,,Himadri Speciality Chemical Ltd.,Chemicals,EQ,INE019C01026,WAIT,Stage 2 + RS 83; wait because the close is below its 50-session average — short-term timing has weakened even though the 30-week trend is intact.
HINDALCO,2026-09-29,955.2000122070312,-0.0037528288014158084,0.10786085831270986,0.11003821582140261,0.2737902347884795,0.09683673026395209,1000.0215449949511,0.36954672401787736,Stage 1 — Basing,1004.1549072265625,1169.8969824893504,False,750.5346923390451,1.2782400925048127,0.8929440970067313,3256321606.373877,1005.2100048828125,True,-4.482056712902738,False,-18.35178425928401,False,False,True,True,False,False,False,False,998.613456217448,977.8211868286132,True,2.2029794273169143,3,0.6599475075572439,14.049357272482672,0.988690533964659,False,1087.949951171875,0.0432197643639216,0.050634792086899756,False,13.897606497943737,65.0,True,True,3,False,True,True,True,False,False,True,False,4,False,False,3.0,Hindalco Industries Ltd.,Metals & Mining,EQ,INE038A01020,WATCH,Stage 1 + RS 65; adequate RS in a basing stage remains WATCH.
HAL,2026-09-29,4549.2998046875,0.049672670376117,0.2702775976382048,0.050772208174782785,-0.030297056784188148,0.0780196179562067,4437.5074687101405,1.028033841034559,Stage 2 — Advancing,4811.002604166667,5149.89990234375,False,3472.0644756594256,1.2338179502706623,0.9351610872715374,3878688297.572998,4815.77396484375,True,2.519259669209184,False,-11.662364493393618,True,False,True,True,False,False,False,False,4427.977454427083,4393.952591552735,True,2.2603165941727013,2,1.514208077468184,12.794429456914827,0.7345063422350245,False,5149.89990234375,0.20584135580686394,0.2178036696248707,False,13.202033795121725,62.0,True,True,4,True,True,True,True,False,True,True,False,6,False,False,,Hindustan Aeronautics Ltd.,Capital Goods,EQ,INE066F01020,HOLD,Stage 2 + RS 62; trend/leadership is adequate without a stronger entry trigger.
HCC,2026-09-29,20.709999084472656,-0.19384979937944724,0.42630843192565226,0.12676822797030396,-0.24498728202475173,-0.015922044177537995,21.283945628574916,0.8819317361620449,Stage 1 — Basing,21.845098046695483,29.5,False,13.649999618530273,0.4626960125865236,0.8206165235492724,424811261.5051325,21.828800010681153,True,-2.696617225575426,False,-29.79661327297405,False,False,True,True,False,False,False,False,21.21326670328776,20.691400032043457,True,3.852520750064719,2,1.0746957461975641,24.587020196132293,0.5102173955476561,False,26.030000686645508,0.0009370616299928807,0.0012411140015427668,False,25.688082266317092,48.0,True,False,2,False,True,True,True,False,True,False,False,4,False,False,2.0,Hindustan Construction Co. Ltd.,Construction,EQ,INE549A01026,AVOID,Stage 1 + RS 48; weak RS in a basing stage is AVOID.
HINDCOPPER,2026-09-29,474.3500061035156,-0.040407701531038454,-0.03505985192436123,-0.021616338675632396,0.492872849616373,0.0710762511908605,520.0796463116496,-0.889080013969723,Stage 4 — Declining,515.6762390136719,755.9652099609375,False,306.8419898026673,0.8326223842643415,0.694384192539809,3853091753.133058,516.1779901123047,True,-8.792814818354044,False,-37.25240264323455,False,False,False,False,True,False,False,False,521.2076428222656,525.5314706420899,True,3.020821446014052,3,1.4433656888077369,20.06817434566885,0.6255449386880877,False,584.5322711083405,0.021462830012375714,0.03267653856667841,False,23.228051773394576,61.0,True,True,1,False,False,True,False,False,True,False,False,2,False,False,,Hindustan Copper Ltd.,Metals & Mining,EQ,INE531E01026,SELL,Stage 4 takes precedence: the guide requires SELL regardless of RS.
HINDPETRO,2026-09-29,349.20001220703125,-0.05751957820024778,0.07712049473088012,-0.2255818328988367,-0.16012120293961607,-0.08472433950161365,362.25522930119314,-1.1544855429572842,Stage 4 — Declining,364.193530512791,483.5386775606495,False,300.70788795552824,0.7943007029804499,1.2712777126836405,1339641029.11156,363.73716857910154,True,-3.603872639560235,False,-27.782403267372203,False,False,True,False,False,False,False,False,363.37548482259115,380.9944865417481,False,2.332882993906647,2,1.0025320381056866,12.016832528993575,0.658876780142124,False,383.25514061328903,0.015800190588979288,0.019881373313176624,False,9.752327381382631,32.0,True,False,1,False,False,False,False,False,False,False,False,0,False,False,,Hindustan Petroleum Corporation Ltd.,Oil Gas & Consumable Fuels,EQ,INE094A01015,SELL,Stage 4 takes precedence: the guide requires SELL regardless of RS.
HINDUNILVR,2026-09-29,1863.800048828125,-0.13364012154260374,-0.09238434480175028,-0.17901811572149184,-0.24033855627681633,-0.15580425197705322,2116.5136187287417,-1.1615379718191932,Stage 4 — Declining,2020.6098082299327,2619.7497080594576,False,1863.800048828125,1.4178363383083952,0.5118974764305382,2491916728.5683227,2018.1720043945313,True,-11.940087116113428,False,-28.855797059761546,False,False,False,False,True,True,False,False,2121.0156559244792,2172.924736328125,False,1.4869778789317702,2,0.6316844383320981,15.77948265575576,0.8290822712200792,False,2213.0,0.08433102795475883,0.10864653015642343,False,18.735912760139506,18.0,True,False,0,False,False,False,False,False,False,False,False,0,False,False,,Hindustan Unilever Ltd.,Fast Moving Consumer Goods,EQ,INE030A01027,SELL,Stage 4 takes precedence: the guide requires SELL regardless of RS.
HINDZINC,2026-09-29,563.2999877929688,0.07193147058604898,0.12535215621204188,-0.07268287448296817,0.2304880443786521,0.08540405345596476,572.3134977379624,-0.01295551523196048,Stage 4 — Declining,576.6166740866269,719.8477125036038,False,445.36282284774444,0.8915390290542461,0.8341926445176119,2478465483.239877,577.4610070800782,True,-1.574925277949768,False,-21.74733933183838,False,False,True,False,False,False,False,False,572.8656713867188,583.1901690673828,True,2.5411474185499667,2,0.9240070393516214,17.333858828001382,0.7867539005906311,False,632.0,0.025487533948371964,0.03129602394616798,False,12.195990359630681,63.0,True,True,2,False,False,True,False,False,False,True,False,2,False,False,,Hindustan Zinc Ltd.,Metals & Mining,EQ,INE267A01025,SELL,Stage 4 takes precedence: the guide requires SELL regardless of RS.
POWERINDIA,2026-09-28,30260.0,-0.10887011610769348,0.22613834782283182,0.649440107093006,0.5839252006242006,0.24835268466493032,31739.998367936645,1.5389700192985467,Stage 1 — Basing,32511.575482536766,38775.74235339215,False,16107.154467866794,0.6008994615549013,0.45926015172539864,2758686433.75,32513.161875,True,-4.662881046117883,False,-21.96151984862562,False,False,True,True,True,True,False,False,31565.7845703125,28502.330620117187,True,2.941176470588235,1,1.2323997102757949,18.96124959844209,0.7895452529150003,False,36581.26495424107,1.3610919082645392,1.6964216012159596,False,20.889837918840293,81.0,True,True,3,False,True,True,True,False,True,True,True,6,False,False,3.0,Hitachi Energy India Ltd.,Capital Goods,EQ,INE07Y701011,WATCH★,"Stage 1 + RS 81; high leadership in a basing stage is WATCH★, not a buy."
HOMEFIRST,2026-09-29,1094.4000244140625,-0.06293346901578767,0.18265516048009167,-0.009892324585840218,-0.07370298321918545,-0.005361417071301866,1130.4510957900793,0.05529480983634816,Stage 1 — Basing,1188.3313730277266,1311.570558920454,False,889.5428439967044,0.9648833758536063,1.4255132750046344,317458327.1374817,1186.4960009765625,True,-3.189087215738462,False,-16.558051949957097,False,False,True,True,False,False,False,False,1131.579579264323,1130.3160250854492,True,4.211700555831973,1,1.5681658207025295,18.02109404573074,1.7337297674762404,False,1289.5999755859375,0.04951812245663375,0.055017373461105815,False,17.836252450413113,50.0,True,True,3,False,True,True,True,False,False,True,False,4,False,False,2.0,Home First Finance Company India Ltd.,Financial Services,EQ,INE481N01025,WATCH,Stage 1 + RS 50; adequate RS in a basing stage remains WATCH.
HONASA,2026-09-29,441.6499938964844,-0.004592415237755887,0.49002423144816754,0.6043310547643643,0.6040415632458684,0.3378424037965777,401.67138880899506,2.767311314511267,Stage 2 — Advancing,467.4117193603516,506.64561650495574,False,246.8630140577539,15.608280698262991,0.25310105514149844,801656080.8214614,467.4117193603516,True,9.953062677934522,False,-12.828616392032988,True,False,True,True,True,True,False,False,399.0464727783203,369.48255195617674,True,3.7869348161086265,1,1.5775483079780157,14.221266491957218,1.9973543497831732,False,506.64561650495574,0.019983258399913325,0.021177834851429843,False,14.716545569273865,86.0,True,True,4,True,True,True,True,False,True,True,True,7,False,False,,Honasa Consumer Ltd.,Fast Moving Consumer Goods,EQ,INE0J5401028,REDUCE,Stage 2 + RS 86; distribution warning (U/D 0.25) triggers REDUCE.
HONAUT,2026-09-29,33980.0,-0.12670229644624476,0.2606760948878002,0.032921302992568346,-0.05554111541709528,-0.00306966208584325,34113.72984913793,0.545265367590253,Stage 1 — Basing,36311.3,41495.0,False,26146.075333867524,5.881386877254898,2.6577983331806943,148256216.75,36311.3,True,-0.39201180794163903,False,-18.11061573683577,False,False,True,True,False,False,False,False,34019.39049479167,33726.27513671875,False,3.137349701505087,2,0.8584119538623073,19.99036028437161,1.2419557058776975,False,41495.0,1.5374869915388445,1.7230636262479326,False,22.115950559152452,51.0,True,True,3,False,True,False,True,False,False,True,False,3,False,False,2.0,Honeywell Automation India Ltd.,Capital Goods,EQ,INE671A01010,WATCH,Stage 1 + RS 51; adequate RS in a basing stage remains WATCH.
HUDCO,2026-09-29,165.57000732421875,-0.1923797802213506,-0.0006383472341863206,-0.24960773269184688,-0.22470457337872252,-0.1719420427494914,192.2420241167756,-0.5941517579976074,Stage 4 — Declining,184.75464884440103,239.21867289789094,False,156.74431230508782,1.9252693285237104,0.5663781357999739,304853650.54561996,184.50057403564452,True,-13.874186414285361,False,-30.78717254029274,False,False,False,False,True,True,False,False,192.09947367350262,194.64129669189452,False,2.7441989377685156,2,1.190163330699953,19.422316711662,1.004479219920432,False,203.53029934249264,0.007491516552383093,0.009922031484140188,False,22.927034087725893,14.0,True,False,0,False,False,False,False,False,False,False,False,0,False,False,,Housing & Urban Development Corporation Ltd.,Financial Services,EQ,INE031A01017,SELL,Stage 4 takes precedence: the guide requires SELL regardless of RS.
HYUNDAI,2026-09-29,2100.0,0.12018100841555257,0.1669810937422307,-0.0866951564773547,-0.1975569220464276,0.0246182064099107,1977.272320598161,-0.1738996924767866,Stage 3 — Topping,2147.6873037300857,2662.0777075058413,False,1642.3163104887294,1.0243166009228513,1.2710546711014952,1330899390.2243285,2151.8395947265626,True,6.206918395778249,False,-21.114248690826688,True,False,True,False,False,False,False,False,1981.086796061198,2044.900452270508,False,2.809524224728954,1,0.6710772307769425,16.296932390543322,0.86301828323811,False,2281.0,0.09501832496267137,0.1126041024208283,False,8.619047619047615,54.0,True,True,3,True,False,False,True,False,False,True,False,3,False,False,,Hyundai Motor India Ltd.,Automobile and Auto Components,EQ,INE0V6F01027,REDUCE,Stage 3 with RS 54; the guide requires REDUCE when RS is 50 or higher.
ICICIBANK,2026-09-29,1292.199951171875,-0.06090094834286397,0.05616288792954216,-0.029930945927345576,-0.0333848644591378,-0.025790963828533832,1334.897759885204,-0.24156242728171629,Stage 4 — Declining,1404.0803126914827,1467.6271961496604,False,1177.67166509731,1.544952290883213,0.293113694811229,11634407110.831757,1403.14455078125,True,-3.1985826927300343,False,-11.953120345413415,False,False,True,False,True,True,False,False,1335.861932779948,1344.8526556396484,True,1.406240498470754,1,1.3701661737689543,11.575342465753424,0.7886606298745055,False,1460.0,0.058467940417713,0.06212997021403192,False,12.985610212719001,47.0,True,False,1,False,False,True,True,False,False,True,False,3,False,False,,ICICI Bank Ltd.,Financial Services,EQ,INE090A01021,SELL,Stage 4 takes precedence: the guide requires SELL regardless of RS.
ICICIGI,2026-09-29,1515.0,-0.14314800015879292,-0.1295063788419819,-0.2173978842865142,-0.198479893475779,-0.1663360313843722,1714.7573250491603,-1.5701783498554889,Stage 4 — Declining,1575.827454810049,2057.089271774458,False,1423.0999755859375,0.8346851306821764,0.6420250406543697,1167654941.3830323,1574.86400390625,True,-11.649305830691436,False,-26.352248257405407,False,False,False,False,True,False,False,False,1718.8982397460939,1764.167159423828,False,2.6016049742530054,1,1.2370362848077994,19.644270153250282,0.8254590909778513,False,1771.0,0.06854893443735578,0.08583928231133418,False,16.897689768976896,16.0,True,False,0,False,False,False,False,False,False,False,False,0,False,False,,ICICI Lombard General Insurance Company Ltd.,Financial Services,EQ,INE765G01017,SELL,Stage 4 takes precedence: the guide requires SELL regardless of RS.
ICICIAMC,2026-09-29,3233.0,,,,,,3159.9692266555057,0.20186673034792157,Stage 2 — Advancing,3113.9588216145835,,False,,1.7534950133206395,2.545163159461633,1274113088.5275757,3113.237998046875,False,2.3111229289340063,False,,True,True,False,True,False,False,False,False,3158.7545182291665,,False,2.4614474433230416,1,2.4600523259713496,11.474270444299833,0.8964540043639009,False,3313.5,0.14628297362110312,,False,2.4899474172595193,,True,False,3,False,False,False,False,True,False,False,False,1,False,False,,ICICI Prudential Asset Management Company Ltd.,Financial Services,EQ,INE346A01027,WAIT,Stage 2 + RS unavailable; wait for a clearer entry trigger; no breakout setup is present.
ICICIPRULI,2026-09-29,444.54998779296875,-0.0918284212605337,-0.15895032574982504,-0.3149681778171043,-0.24281981592747548,-0.18007903240309447,514.9478462893946,-2.1570290787038537,Stage 4 — Declining,494.9205860811121,704.3556293706895,False,442.95001220703125,1.9238327881761812,0.5418094110229483,750900738.762317,494.8089978027344,True,-13.670871526834805,False,-36.88557750434188,False,False,False,False,True,True,False,False,517.9181736246745,551.7558567810058,False,3.454537275596966,1,1.958918458301191,15.74892777802544,1.2668178988169534,False,525.75,0.02011447390583995,0.029107652936680727,False,18.265665152789712,13.0,True,False,0,False,False,False,False,False,False,False,False,0,False,False,,ICICI Prudential Life Insurance Company Ltd.,Financial Services,EQ,INE726G01019,SELL,Stage 4 takes precedence: the guide requires SELL regardless of RS.
IDBI,2026-09-29,83.31999969482422,-0.03071195227740886,0.3016715656015272,-0.17935584855129416,-0.06748739655595382,-0.0013191168121076992,81.01863933744885,-2.2290438678310376,Stage 3 — Topping,85.05215648576325,118.37999725341797,False,61.0099983215332,0.6280724139336561,0.61233507067261,1298381683.186851,85.02059967041015,True,2.8405319765863135,False,-29.616487896633625,True,False,True,False,True,False,False,False,81.686533203125,87.3381498336792,False,2.847885002037963,3,0.8625781823732486,17.8701266994724,0.8134670763948597,False,96.25,0.0037699651461392796,0.005026723426993623,False,15.518483380382175,51.0,True,True,3,False,False,False,False,False,True,False,False,1,False,False,,IDBI Bank Ltd.,Financial Services,EQ,INE008A01015,REDUCE,Stage 3 with RS 51; the guide requires REDUCE when RS is 50 or higher.
IDFCFIRSTB,2026-09-29,79.45999908447266,0.019097620923760994,0.288078671016996,-0.057328728129126705,0.14666808913222007,0.08312265477352229,75.59286885683228,0.715117661933018,Stage 2 — Advancing,84.83950895421646,89.61000061035156,False,57.90987854420542,1.7940544728325165,0.8653846050373959,1892220825.995166,84.90788284301757,True,5.115734177207187,False,-11.326862467074239,True,False,True,True,False,False,False,False,75.52018363952637,77.43948556900024,True,2.4199056559557266,2,1.1072411969234468,12.286577459255831,1.4785209146711158,False,89.61000061035156,0.0035953123878771395,0.0038325537286940194,False,12.773724695225086,62.0,True,True,4,True,False,True,True,False,True,True,False,5,False,False,,IDFC First Bank Ltd.,Financial Services,EQ,INE092T01019,HOLD,Stage 2 + RS 62; trend/leadership is adequate without a stronger entry trigger.
IFBIND,2026-09-28,1214.199951171875,-0.050219080112747005,0.2845957844802942,-0.2447596018853968,-0.29147459545553944,-0.07041531461722722,1216.8907520869006,0.5191558831057153,Stage 1 — Basing,1325.329407935049,2019.800048828125,False,883.2000122070312,0.5914041337605377,0.6264099778862581,39772023.58967285,1324.9619970703125,True,-0.22112099302349364,False,-39.885141013025226,False,False,True,True,True,False,False,False,1213.9036653645833,1251.841246948242,False,3.3278810966112293,2,1.174646124066953,18.365963015365843,0.3631031762826367,False,1476.0999755859375,0.05461459777115788,0.08174889524202437,False,21.569760743384304,35.0,False,False,2,False,False,False,True,False,True,False,False,2,False,False,2.0,IFB Industries Ltd.,Consumer Durables,EQ,INE559A01017,AVOID,Stage 1 + RS 35; weak RS in a basing stage is AVOID.
IFCI,2026-09-29,70.97000122070312,-0.08046124721323955,0.38993339819663286,0.37966569042351517,0.3357801579886315,0.1888913504364601,70.47306136046949,1.321104169881182,Stage 2 — Advancing,79.7021572636623,107.5,False,46.22999954223633,0.5647331190349193,1.1681347158199402,11699921474.170254,79.83880035400391,True,0.7051486775802029,False,-33.981394213299424,True,False,True,True,False,False,False,False,70.25380012512207,66.719850025177,True,5.415771203247902,2,1.0037936076647416,36.60464974336846,1.21803753185753,False,107.5,0.0032111669707571206,0.004426892391443335,False,51.47245054385101,76.0,True,True,4,True,True,True,True,False,True,False,True,6,False,False,,IFCI Ltd.,Financial Services,EQ,INE039A01010,HOLD,Stage 2 + RS 76; trend/leadership is adequate without a stronger entry trigger.
IIFLCAPS,2026-09-29,344.95001220703125,0.021620075351711288,0.3364974972867023,0.053441210046353715,0.25758467844221045,0.13815270729573784,326.59578211777875,0.7075366603441102,Stage 2 — Advancing,338.21372477213544,407.5051309315702,False,240.39999389648438,1.127918620681812,1.1132580644595396,186716551.21818084,338.18199951171874,False,5.619861337533583,False,-15.350756095152928,True,True,True,True,False,False,False,False,325.89586639404297,329.09481300354,True,1.3987537721843442,2,2.204519437581955,6.705946774911023,2.344203626511595,False,356.3999938964844,0.015607891597983406,0.016315836879667943,False,3.319316215179935,70.0,True,True,5,True,False,True,True,True,True,True,True,7,False,False,,IIFL Capital Services Ltd.,Financial Services,EQ,INE489L01022,HOLD,Stage 2 + RS 70; trend/leadership is adequate without a stronger entry trigger.
IIFL,2026-09-29,607.5,0.24156962018368922,0.3552704963747908,0.030381368065308223,0.3947015583070932,0.25269853262291414,530.4408168662973,1.3178283571233518,Stage 2 — Advancing,617.9039210899203,705.0,False,409.1000061035156,0.9903203213653028,1.2365625100964122,1648338748.1237152,618.8259997558594,True,14.527385654246562,False,-13.829787234042556,True,False,True,True,False,False,False,False,529.9000006103515,539.1591744995117,True,3.0717232338054816,2,0.9146481996439593,22.26950354609929,0.6773905416966811,False,705.0,0.027487444007058503,0.029619233975100214,False,16.049382716049386,81.0,True,True,4,True,False,True,True,False,True,True,True,6,False,False,,IIFL Finance Ltd.,Financial Services,EQ,INE530B01024,WAIT,Stage 2 + RS 81; wait because the close is below its 50-session average — short-term timing has weakened even though the 30-week trend is intact.
INOXINDIA,2026-09-28,2051.10009765625,0.09514660201787195,0.7133045046683859,0.8850438849651292,0.7344313054170464,0.5046145798172611,1706.6950315710617,3.857895542833867,Stage 2 — Advancing,2036.6980363434436,2339.5,False,1066.9168905614442,0.5853771353433094,1.4560765499548638,716281159.8721192,2037.3639965820312,False,20.179648953929032,True,-12.327416214736054,True,True,True,True,False,False,False,False,1691.900888671875,1550.6263928222656,True,4.909213349856388,2,1.2464579351612672,22.034622782645865,0.9000796424158444,False,2339.5,0.0922582863833618,0.10002462004545253,False,14.060742460755504,92.0,True,True,5,True,True,True,True,True,True,True,True,8,True,False,,INOX India Ltd.,Capital Goods,EQ,INE616N01034,WAIT,"Stage 2 + RS 92; wait because price is more than 20% above the 30-week line (currently +20%) — the guide treats that as poor entry timing, not a failed trend."
IRB,2026-09-29,16.979999542236328,-0.21302443799299176,-0.16629667439615714,-0.17876916247721697,-0.16176723568518891,-0.1865763897089093,20.37655230930873,-0.8304443953801699,Stage 4 — Declining,19.1866127836938,23.835262248930352,False,16.75,1.0951953271563395,0.8542333540112484,324594218.69148475,19.172136611938477,True,-16.66892767487823,False,-28.761012298078093,False,False,False,False,False,False,False,False,20.38163501739502,20.472674407958984,False,3.335857529429832,2,1.5340559012500377,20.19150209658952,1.2644271930360085,False,20.98773995254485,0.0007682910068429631,0.0010733572304050993,False,23.602712122221227,12.0,True,False,0,False,False,False,False,False,False,False,False,0,False,False,,IRB Infrastructure Developers Ltd.,Construction,EQ,INE821I01022,SELL,Stage 4 takes precedence: the guide requires SELL regardless of RS.
IRCON,2026-09-29,102.47000122070312,-0.21402740913733098,-0.14932918605163015,-0.3983325446058116,-0.3853107979677054,-0.2722054693799618,130.8405976068406,-1.984651725203923,Stage 4 — Declining,119.67160183775658,183.78538352585957,False,101.5999984741211,1.4084800271597473,0.6953641773890683,182263658.497171,119.50048522949218,True,-21.683328343842867,False,-44.244749362081315,False,False,False,False,True,False,False,False,131.10838963826498,137.97205326080322,False,2.8400175059127166,2,1.2291608877987508,23.58416014267081,1.6637645960980432,False,132.95672554775493,0.004636441845197192,0.007755448255841156,False,29.75185319007514,4.0,True,False,0,False,False,False,False,False,False,False,False,0,False,False,,IRCON International Ltd.,Construction,EQ,INE962Y01021,SELL,Stage 4 takes precedence: the guide requires SELL regardless of RS.
ITCHOTELS,2026-09-29,160.52999877929688,-0.08116311252734221,0.13975108008552928,-0.17765525346922129,-0.2995989326974807,-0.09996586622717143,161.18175553302376,-0.7274058793662941,Stage 4 — Declining,162.0033323998545,230.48879727483552,False,136.40565982941717,1.1504957588570188,1.074683135916246,260507720.36154097,161.9559991455078,True,-0.4043613692948922,False,-30.352363899109402,False,False,True,False,False,False,False,False,161.48645345052083,167.85399276733398,False,2.2870653357966977,1,1.7828537496249282,13.381499362129695,0.8609173023831598,False,173.0,0.007263472185842128,0.009931759590043145,False,7.768019258411241,29.0,True,False,1,False,False,False,False,False,False,False,False,0,False,False,,ITC Hotels Ltd.,Consumer Services,EQ,INE379A01028,SELL,Stage 4 takes precedence: the guide requires SELL regardless of RS.
ITC,2026-09-29,265.1000061035156,-0.08806331279162027,-0.0759341984246581,-0.3094152111869878,-0.317300322181735,-0.17575527147532427,285.05118773583655,-1.084728784972111,Stage 4 — Declining,272.14705762676164,406.5707642578344,False,255.5,1.050972638088161,0.5935381861175401,2834763037.666055,271.9699987792969,True,-6.999157516512488,False,-34.796097159756044,False,False,False,False,True,True,False,False,285.52624064127605,297.0802182006836,False,1.6072100157120215,2,0.8932851102437376,12.66449815037703,0.7586632880764778,False,292.54998779296875,0.011994932632166673,0.016904063930607983,False,10.354576030728001,13.0,True,False,0,False,False,False,False,False,False,False,False,0,False,False,,ITC Ltd.,Fast Moving Consumer Goods,EQ,INE154A01025,SELL,Stage 4 takes precedence: the guide requires SELL regardless of RS.
ITI,2026-09-28,245.8000030517578,-0.18501326897389403,-0.024603162493024522,-0.21707280301149534,-0.18971485707542513,-0.1602834721055466,281.6989732507157,-0.5884485609888523,Stage 4 — Declining,272.0205894919003,372.8500061035156,False,237.0,0.6822716326045457,0.524573139872017,37093361.47924805,271.8250015258789,True,-12.74373484031387,False,-34.075365689141094,False,False,False,False,True,True,False,False,281.441667175293,285.4125006866455,False,2.3422054685934954,1,1.578856018874717,17.586499950553797,0.4285940295720556,False,296.25,0.01105606064788984,0.015433147186098159,False,20.52481542793918,17.0,False,False,0,False,False,False,False,False,False,False,False,0,False,False,,ITI Ltd.,Telecommunication,EQ,INE248A01017,SELL,Stage 4 takes precedence: the guide requires SELL regardless of RS.
INDGN,2026-09-28,613.2999877929688,0.18906052769812232,0.36251445118840775,0.1835772600387502,0.07054697547224675,0.1989519484191299,518.8921506698817,1.4214401449660796,Stage 2 — Advancing,563.8367925905713,621.9500122070312,True,412.19021062389317,1.154403075750379,1.2694530110971527,284433787.4177429,564.9760388183594,False,18.194115482611938,False,-1.390790938867792,True,True,True,True,False,False,False,False,518.1286246744792,513.3887973022461,True,2.589621742818396,2,0.7178064156439888,22.84859419657011,0.8790784339526949,False,621.9500122070312,0.027586174842159628,0.027586174842159628,True,1.4104067481218507,77.0,True,True,5,True,True,True,True,True,True,True,True,8,True,False,,Indegene Ltd.,Healthcare,EQ,INE065X01017,HOLD,Stage 2 + RS 77; trend/leadership is adequate without a stronger entry trigger.
INDIACEM,2026-09-29,303.70001220703125,-0.19581618664006428,-0.1469100780701369,-0.3221738188120151,-0.20673891245827403,-0.21349103652411092,379.84625846188084,-1.5363148893790202,Stage 4 — Declining,368.2147049249387,485.79998779296875,False,302.04998779296875,0.6811931572561798,1.1392191033517278,55892741.448065184,367.47499877929687,True,-20.046596368538715,False,-37.48455746432465,False,False,False,False,False,False,False,False,380.60566670735676,397.4355006408691,False,3.525565357527359,2,2.305365702065498,27.461577276569955,1.2517283892663544,False,416.3999938964844,0.013741460214788075,0.020376574788219425,False,37.10898161328553,8.0,True,False,0,False,False,False,False,False,False,False,False,0,False,False,,India Cements Ltd.,Construction Materials,EQ,INE383A01012,SELL,Stage 4 takes precedence: the guide requires SELL regardless of RS.
INDIAGLYCO,2026-09-29,304.5,-0.6894124924344174,-0.6558738674334441,-0.6961227036345321,-0.6306328470829754,-0.6722908806039573,914.6276536798802,-4.690799598416307,Stage 4 — Declining,799.4039249794156,1219.0,False,217.0,1.127834491157736,3.2682025656641644,200969804.0625847,792.3130044555664,True,-66.70776367028861,False,-75.02050861361772,False,False,False,False,False,False,False,False,914.9454354858399,923.4440000152588,False,6.701853083468031,2,4.276139440723078,82.19852337981952,5.03246842178858,False,1219.0,0.01377765711958735,0.051243507743298056,False,300.32840722495894,1.0,True,False,0,False,False,False,False,False,True,False,False,1,False,False,,India Glycols Ltd.,Fast Moving Consumer Goods,EQ,INE560A01023,SELL,Stage 4 takes precedence: the guide requires SELL regardless of RS.
INDIASHLTR,2026-09-28,647.2999877929688,-0.1579837557164634,-0.11000506369225238,-0.19067402984368442,-0.24464463901232392,-0.17225824879623752,737.8503307766384,-0.5235970909553411,Stage 4 — Declining,686.085,911.9719209725083,False,620.1500244140625,0.7440922710442301,0.9468885806749885,55089357.046734616,686.085,True,-12.272183016894388,False,-29.021938844048922,False,False,False,False,False,False,False,False,736.9074890136719,748.8848577880859,False,2.973340671399663,2,0.5149834560986988,24.684235362348232,0.5587380823213827,False,823.4000244140625,0.029115491593018662,0.03806929612932902,False,27.205320553384162,14.0,True,False,0,False,False,False,False,False,False,False,False,0,False,False,,India Shelter Finance Corporation Ltd.,Financial Services,EQ,INE922K01024,SELL,Stage 4 takes precedence: the guide requires SELL regardless of RS.
INDIAMART,2026-09-28,1637.0,-0.16283114474720917,-0.14534257634049597,-0.24001736416114217,-0.2883753090402943,-0.19987950780727018,1901.2172182684076,-1.6892063391145462,Stage 4 — Declining,1738.3490229587928,2455.004088492464,False,1619.0,0.2311722632677076,0.45111142770998514,182855230.00858155,1734.4580029296876,True,-13.897266221323811,False,-33.31986664815588,False,False,False,False,True,True,False,False,1907.0210611979167,1966.8745703125,False,2.7048614472657952,2,0.6637048003324197,18.00455811597873,1.3503457902462235,False,1974.5,0.07363210356341872,0.10252052339137965,False,20.616982284667085,10.0,True,False,0,False,False,False,False,False,False,False,False,0,False,False,,Indiamart Intermesh Ltd.,Consumer Services,EQ,INE933S01016,SELL,Stage 4 takes precedence: the guide requires SELL regardless of RS.
INDIANB,2026-09-28,802.4500122070312,-0.03621182352027863,-0.05988600367669639,0.05278995715519463,0.16025251141778174,0.016146563571144544,853.8428950897635,-0.8043476993269127,Stage 4 — Declining,859.1343168370864,980.0229061203939,False,691.6166876537643,0.6019707019311394,0.3964116838814298,820006287.6403564,859.1470031738281,True,-6.019009255482455,False,-18.119259540199785,False,False,True,False,True,True,False,False,856.8676057942708,851.6531423950196,True,2.0579832182687845,2,1.0966340152243645,11.657660834231494,0.40404678673935907,False,906.7000122070312,0.036094124864566125,0.04266820985262522,False,12.9914634449658,53.0,True,True,2,False,True,True,True,False,False,True,False,4,False,False,,Indian Bank,Financial Services,EQ,INE562A01011,SELL,Stage 4 takes precedence: the guide requires SELL regardless of RS.
IEX,2026-09-29,106.38999938964844,-0.14758431639498903,-0.09060199053804785,-0.18238610572051517,-0.21720434381068954,-0.1570722145718461,122.47118336165032,-0.6463526351010551,Stage 4 — Declining,121.21921554266238,155.89996069995715,False,106.3499984741211,1.8199728215142024,0.2270176265303819,415499060.9061142,121.15499984741211,True,-13.130585930990046,False,-31.75752007121726,False,False,False,False,True,True,False,False,122.52135498046874,124.34807670593261,False,2.115531959032201,3,0.7381117589914364,21.081921334802146,0.5800581161743703,False,134.75999450683594,0.004813809302278107,0.00626898329963675,False,26.6660356047975,17.0,True,False,0,False,False,False,False,False,False,False,False,0,False,False,,Indian Energy Exchange Ltd.,Financial Services,EQ,INE022Q01020,SELL,Stage 4 takes precedence: the guide requires SELL regardless of RS.
INDHOTEL,2026-09-29,714.3499755859375,0.010324570990737802,0.21430248503353422,-0.03317210048941499,-0.009345019156844936,0.03848690147374998,683.5211219009088,0.5201584365028378,Stage 2 — Advancing,727.5470593022366,757.4000244140625,False,562.4948988120375,15.207443830045117,2.8393188008044565,2046624697.7278962,727.4660009765626,True,4.510300076651896,False,-5.683924932723528,True,False,True,True,False,False,False,False,683.2888517252604,686.2073745727539,False,2.0683148989159545,3,1.1563210469016865,7.373915344708404,2.400021811494769,False,757.4000244140625,0.03232206577014332,0.03258960389585202,False,6.026464660100772,57.0,True,True,4,True,False,False,True,False,False,True,False,3,False,False,,Indian Hotels Co. Ltd.,Consumer Services,EQ,INE053A01029,HOLD,Stage 2 + RS 57; trend/leadership is adequate without a stronger entry trigger.
IMFA,2026-09-29,1206.5,-0.07750580569493382,-0.015037359456700594,-0.15816801159595872,0.0883351293044119,-0.04797637062762301,1367.5764525536777,-0.24493614234459837,Stage 4 — Declining,1347.174857345282,1670.7880501060147,False,1057.2993063797437,0.6095530585212161,0.5208765416674104,107289852.18560791,1346.7834326171876,True,-11.77824115448166,False,-27.788566603439303,False,False,False,False,True,True,False,False,1365.4990852864582,1351.6605200195313,False,3.037121082649414,2,0.52289572848357,23.185210795592766,0.5350800776407744,False,1541.5,0.05459029003212525,0.07192204438583523,False,27.76626605884791,40.0,True,False,0,False,True,False,False,False,False,False,False,1,False,False,,Indian Metals & Ferro Alloys Ltd.,Metals & Mining,EQ,INE919H01018,SELL,Stage 4 takes precedence: the guide requires SELL regardless of RS.
IOC,2026-09-29,131.3300018310547,-0.04799173694404746,-0.03817864567897755,-0.17168126075356727,-0.07385493314406211,-0.07593966269294036,140.66338197876806,-1.7583790472517347,Stage 4 — Declining,137.73955371333105,184.95879041358242,False,129.06965104614895,1.2529711477325942,0.8165111881035431,979150405.871547,137.65366271972655,True,-6.635259309435748,False,-28.99499313474615,False,False,False,False,False,False,False,False,141.48462239583333,146.7742064666748,False,1.7322777767809705,2,1.0222838050399037,8.961606058525003,0.8780589071092016,False,143.91730631439802,0.005942265138729229,0.00792081525055965,False,9.58448511980976,35.0,True,False,0,False,False,False,False,False,False,False,False,0,False,False,,Indian Oil Corporation Ltd.,Oil Gas & Consumable Fuels,EQ,INE242A01010,SELL,Stage 4 takes precedence: the guide requires SELL regardless of RS.
IOB,2026-09-29,30.950000762939453,-0.08997346985037435,-0.038819874856608205,-0.08540187283147593,-0.19631259122560152,-0.10009625572288688,33.66789117151377,-0.8467570162650762,Stage 4 — Declining,33.1996078117221,41.79999923706055,False,30.510000228881836,6.485470548558801,0.6243882621644031,84040942.93082047,33.15859996795654,True,-8.072648193878894,False,-25.956934622384665,False,False,False,False,True,False,False,False,33.72613335927328,34.13365008354187,False,1.7678286558818996,2,0.9957639455024525,13.716064190479397,0.9710044772246307,False,35.36000061035156,0.001400389157184718,0.001739237603200348,False,14.24878752407912,29.0,True,False,0,False,False,False,False,False,False,False,False,0,False,False,,Indian Overseas Bank,Financial Services,EQ,INE565A01014,SELL,Stage 4 takes precedence: the guide requires SELL regardless of RS.
IRCTC,2026-09-29,452.54998779296875,-0.10086093664080886,-0.11274732002167343,-0.34844714231056306,-0.34429558268902183,-0.2014423836605752,512.6958456234056,-1.8633800359541097,Stage 4 — Declining,484.2944970224418,725.6811213920008,False,446.0256812201048,0.8261866414206068,0.320009617996469,296682289.2084076,483.99500549316406,True,-11.731294166681472,False,-37.63789983610325,False,False,False,False,True,True,False,False,514.2320576985677,545.5611846923828,False,1.843831307031295,1,1.1183073357834379,15.275148775410802,0.8697973755106029,False,526.4402058821879,0.02047644847712632,0.03046550383800276,False,16.327526258385895,10.0,True,False,0,False,False,False,False,False,False,False,False,0,False,False,,Indian Railway Catering And Tourism Corporation Ltd.,Consumer Services,EQ,INE335Y01020,SELL,Stage 4 takes precedence: the guide requires SELL regardless of RS.
IRFC,2026-09-29,80.26000213623047,-0.1142257852820131,-0.1318550050232694,-0.3580343173743836,-0.3417119705502959,-0.21201057270239504,92.76767606151347,-1.9195667479452005,Stage 4 — Declining,84.70352935791016,135.7285614195044,False,77.06999969482422,2.1908217011464433,0.8908097582561363,591147004.1804054,84.63139999389648,True,-13.482793205889154,False,-40.86727119418434,False,False,False,False,False,False,False,False,92.96611124674479,98.96648372650147,False,1.9134228194937204,2,1.0602167294662632,15.167858019526715,1.121224595578607,False,90.8499984741211,0.0036315099830881168,0.005560734506083041,False,13.194612579146892,8.0,True,False,0,False,False,False,False,False,False,False,False,0,False,False,,Indian Railway Finance Corporation Ltd.,Financial Services,EQ,INE053F01010,SELL,Stage 4 takes precedence: the guide requires SELL regardless of RS.
IREDA,2026-09-29,111.0,-0.12354266070642417,-0.017303744494240103,-0.19016652665688938,-0.24497907435182797,-0.13990693338316118,120.92055262351522,-0.7163271492046541,Stage 4 — Declining,115.26461133769914,156.81816409540926,False,107.36165539357144,1.8739293851975862,1.2660054377910557,515234231.4225575,115.16294006347657,True,-8.204190609682993,False,-29.217383304865862,False,False,False,False,False,False,False,False,120.95596216837565,123.67971656799317,False,2.7407131562919624,1,1.667772263037242,12.739661295146668,1.3723438094783038,False,123.07997323863863,0.005022397176598344,0.006612160042355581,False,10.88285877354831,21.0,True,False,0,False,False,False,False,False,False,False,False,0,False,False,,Indian Renewable Energy Development Agency Ltd.,Financial Services,EQ,INE202E01016,SELL,Stage 4 takes precedence: the guide requires SELL regardless of RS.
INDIGOPNTS,2026-09-28,1110.0,0.107787332735366,0.5253297771291618,-0.011342824012538277,0.022108064160967,0.15033393654966454,986.9950611689319,1.1020023464484163,Stage 2 — Advancing,1117.003693225337,1340.211918083566,False,705.057642497368,0.4685689085369625,1.1259514411462153,66752612.61801758,1117.8748852539063,True,12.462568828398112,False,-17.177277337807674,True,False,True,True,False,False,False,False,985.77201171875,1015.2340274047851,False,3.1743897741212197,2,1.0800383266027256,15.423053853251847,0.43575182167873866,False,1215.7402795565497,0.04992769392510372,0.055421421697475395,False,9.526151311400866,72.0,True,True,4,True,False,False,True,False,True,True,True,5,False,False,,Indigo Paints Ltd.,Consumer Durables,EQ,INE09VQ01012,HOLD,Stage 2 + RS 72; trend/leadership is adequate without a stronger entry trigger.
ICIL,2026-09-29,434.95001220703125,0.027710475276837565,0.7064250862569812,0.6779026067313454,0.6507548042632907,0.4181006895610585,351.9848623470384,3.0981764216843954,Stage 2 — Advancing,427.2307763193168,485.95001220703125,False,216.04358355223812,0.37390728683762997,1.2215043447657996,241929118.22750703,427.8757067871094,False,23.570658495589967,True,-10.494906619792877,True,True,True,True,False,False,False,False,350.30644622802737,330.5341061401367,True,4.657349245834503,2,2.121417631745547,23.592966670246255,0.48371142654782084,False,485.95001220703125,0.019680105524955038,0.020778195687372256,False,11.725485358930076,90.0,True,True,5,True,True,True,True,True,True,True,True,8,True,False,,Indo Count Industries Ltd.,Textiles,EQ,INE483B01026,WAIT,"Stage 2 + RS 90; wait because price is more than 20% above the 30-week line (currently +24%) — the guide treats that as poor entry timing, not a failed trend."
IGL,2026-09-29,140.55699157714844,-0.14161373627802132,-0.04254026296109015,-0.2581181182551703,-0.29981823407252595,-0.1767408175689658,155.06219575843033,-0.9445185173025283,Stage 4 — Declining,148.97116986443015,217.02796589243272,False,137.76603443172203,2.1091260364461766,0.5172289758540584,249249546.3854828,148.90885375976563,True,-9.354442654661865,False,-35.23553934666014,False,False,False,False,True,True,False,False,155.33965057373047,160.60362533569335,False,1.8287151622141635,1,1.3693808491477288,12.727269136143546,0.9569651525791353,False,157.8569079574627,0.006359757095929978,0.009209411419917962,False,12.308115154000543,13.0,True,False,0,False,False,False,False,False,False,False,False,0,False,False,,Indraprastha Gas Ltd.,Oil Gas & Consumable Fuels,EQ,INE203G01027,SELL,Stage 4 takes precedence: the guide requires SELL regardless of RS.
INDUSTOWER,2026-09-29,367.54998779296875,-0.033618369589192953,-0.10536585365853657,-0.09678506521526864,0.09845189130542442,-0.03418715334935335,393.8616966195658,-1.200798519544155,Stage 4 — Declining,376.9918218874464,464.0362575162202,False,325.5481676644739,1.9528976584876176,1.130324986983274,1619942737.0569458,376.7360412597656,True,-6.680443681735248,False,-20.79282990508102,False,False,False,False,False,False,False,False,394.8356856282552,401.41216033935547,False,2.5584462318295054,2,0.9763578231433953,9.242090886704762,0.8717145951553167,False,391.7564774978755,0.01663046865720867,0.019638748882378987,False,6.585904097088857,44.0,True,False,0,False,False,False,False,False,False,True,False,1,False,False,,Indus Towers Ltd.,Telecommunication,EQ,INE121J01017,SELL,Stage 4 takes precedence: the guide requires SELL regardless of RS.
INDUSINDBK,2026-09-28,909.7000122070312,-0.010065835874776718,0.149673163844793,0.07215799300014258,0.2783914004274193,0.09601817710456029,932.1293247170644,0.052032003324975484,Stage 1 — Basing,997.8931382123162,1077.8499755859375,False,711.3977334268932,0.9790649265402659,0.7063530233262478,1989614446.0487885,997.1940014648437,True,-2.40624470395685,False,-15.600497953112358,False,False,True,True,False,False,False,False,932.4990169270833,923.3979144287109,True,2.1514151862317936,1,1.0953614317675266,17.483875812070266,1.5624594037509338,False,1077.8499755859375,0.04091821961543763,0.046199943950625245,False,18.48411136886281,64.0,True,True,3,False,True,True,True,False,False,True,False,4,False,False,2.0,IndusInd Bank Ltd.,Financial Services,EQ,INE095A01012,WATCH,Stage 1 + RS 64; adequate RS in a basing stage remains WATCH.
NAUKRI,2026-09-29,1245.0,0.26554800718849303,0.2596759475028805,-0.07937666489414952,-0.04712628278684616,0.1328538028397742,1101.3299033805115,1.2383137479120787,Stage 2 — Advancing,1284.8534936523438,1409.9440640081355,False,905.5050975494345,0.7212040889927651,0.28886873744197444,1671725373.4091735,1284.8534936523438,True,13.045146252589323,False,-11.698624663111723,True,False,True,True,True,True,False,False,1099.4874780273437,1141.2269537353516,False,3.0545031689257027,1,0.8486331054999179,18.044572250179726,0.7175250210491212,False,1391.0,0.05633229265644089,0.05919552595145576,False,11.726907630522089,70.0,True,True,4,True,False,False,True,False,True,True,True,5,False,False,,Info Edge (India) Ltd.,Consumer Services,EQ,INE663F01032,REDUCE,Stage 2 + RS 70; distribution warning (U/D 0.29) triggers REDUCE.
INFY,2026-09-29,1015.4000244140625,-0.02054589347065683,-0.18297811526686292,-0.36926328946568254,-0.26948701884139914,-0.17256404210305165,1143.4098568870909,-1.5156040992938102,Stage 4 — Declining,1102.8411745557598,1691.3991593070652,False,980.4000244140625,1.2597599291147679,0.4324738682518586,8978871201.651379,1103.427998046875,True,-11.195445946349668,False,-39.96686005034713,False,False,False,False,True,True,False,False,1145.8558752441406,1243.9307217407227,False,2.272152095367142,3,0.6505257988590354,17.958156952798117,0.8627298619997887,False,1195.0,0.04594362356518088,0.07217847184942537,False,17.687607964119945,14.0,True,False,0,False,False,False,False,False,False,False,False,0,False,False,,Infosys Ltd.,Information Technology,EQ,INE009A01021,SELL,Stage 4 takes precedence: the guide requires SELL regardless of RS.
INOXGREEN,2026-09-29,163.9600067138672,-0.17612174644708511,0.17745067658073377,-0.2172999328913373,-0.2113515559047846,-0.12068886102191169,175.546666048011,-0.12437437212904356,Stage 4 — Declining,177.42392147288604,279.0,False,132.5800018310547,1.673151589705359,1.196657554689524,228499067.79273987,177.0681997680664,True,-6.600330040432056,False,-41.232972503990254,False,False,True,False,False,False,False,False,175.46213267008463,178.14584915161132,False,3.47122945548692,3,0.42745022834114826,21.64577238975698,1.113002448819401,False,202.5800018310547,0.007418669142295244,0.011431836155096374,False,23.554521551456588,25.0,True,False,1,False,False,False,False,False,False,False,False,0,False,False,,Inox Green Energy Services Ltd.,Services,EQ,INE510W01014,SELL,Stage 4 takes precedence: the guide requires SELL regardless of RS.
INOXWIND,2026-09-29,71.5,-0.18915854215750938,-0.09801938907671237,-0.4264399334224266,-0.48449890718684585,-0.2774550628002007,84.38965959613826,-1.6147718460280736,Stage 4 — Declining,75.14686225442325,159.3000030517578,False,68.0,0.6850981688993029,2.684152885228886,903504589.337809,75.06939956665039,True,-15.27397984281963,False,-55.11613394208844,False,False,False,False,False,False,False,False,84.5802663675944,91.74314975738525,False,3.177823458280001,2,1.1725693233773833,16.194231560870325,0.760235966479758,False,81.13999938964844,0.0032351477308719062,0.0066041739705053155,False,13.482516628878937,4.0,True,False,0,False,False,False,False,False,False,False,False,0,False,False,,Inox Wind Ltd.,Capital Goods,EQ,INE066P01011,SELL,Stage 4 takes precedence: the guide requires SELL regardless of RS.
INTELLECT,2026-09-29,613.25,-0.148456626112898,-0.01713286921928414,-0.3792910361549272,-0.35329314338011786,-0.20932606019602507,701.4135414175436,-0.46799009186672125,Stage 4 — Declining,691.6354992436428,1232.7256944645226,False,589.5214019484429,0.6513346889580433,0.42286907631478776,190244596.98208007,690.426103515625,True,-12.56940965801241,False,-50.252517429160385,False,False,False,False,True,True,False,False,701.1612390136719,744.0837274169921,False,3.0900921987380614,2,0.9238713346347617,20.277341058278033,0.6889750226002358,False,764.4000244140625,0.02774761323017058,0.0501014388916525,False,24.64737454774766,9.0,True,False,0,False,False,False,False,False,False,False,False,0,False,False,,Intellect Design Arena Ltd.,Information Technology,EQ,INE306R01017,SELL,Stage 4 takes precedence: the guide requires SELL regardless of RS.
INDIGO,2026-09-29,4872.0,-0.08338353759532147,0.1884376143432125,-0.04198210598761187,-0.146311547222709,-0.03332462281155027,4790.1602783203125,0.034081384458817254,Stage 2 — Advancing,5116.303921568628,5970.0,False,3895.199951171875,0.6116932395843111,0.5431490193076502,2981792770.45,5112.53,True,1.7084965204626767,False,-18.39195979899497,True,False,True,True,True,True,False,False,4792.812003580729,4825.423504638672,False,2.1361130659160215,2,0.7082280864098327,14.642338416848222,0.7446555450927106,False,5508.0,0.2204425139133976,0.2506913785320543,False,13.054187192118217,45.0,True,False,3,True,False,False,True,False,False,True,False,3,False,False,,InterGlobe Aviation Ltd.,Services,EQ,INE646L01027,REDUCE,Stage 2 + RS 45; distribution warning (U/D 0.54) triggers REDUCE.
IGIL,2026-09-28,323.1499938964844,-0.09483574086931157,0.017938400040683034,-0.02059981697601987,-0.055286249993754866,-0.049523829733542975,341.56578523818763,-0.09395101210499801,Stage 4 — Declining,335.60716816023285,385.39286639838434,False,282.6708709611926,0.5504248576261112,1.0851393885543479,175074357.50091857,335.5275433349609,True,-5.391579642223587,False,-16.15049938095089,False,False,False,False,False,False,False,False,341.20306009928385,334.93519271850585,True,2.798346820244493,3,0.6242208242418472,16.70270635869465,1.15770806493212,False,368.61940450933116,0.014535255844290816,0.0165258491567183,False,14.070682801068578,40.0,True,False,0,False,True,True,False,False,False,True,False,3,False,False,,International Gemological Institute Ltd.,Services,EQ,INE0Q9301021,SELL,Stage 4 takes precedence: the guide requires SELL regardless of RS.
IKS,2026-09-28,1768.4000244140625,0.037610733878704394,0.30528488387913266,0.0217240435204491,0.18908020607491904,0.11826212024638191,1659.5315108625857,1.1313497253424343,Stage 2 — Advancing,1795.0764758540136,1970.0,False,1262.0,0.7675568258677854,2.4155280121653195,395497027.9180115,1792.9400048828124,True,6.560195623817311,False,-10.233501298778558,True,False,True,True,False,False,False,False,1653.1573372395833,1655.7010028076172,True,3.498723871795564,2,1.5809622332419027,14.395937847001901,2.142724554813326,False,1970.0,0.07954246410458671,0.084490587868911,False,11.400134177940613,67.0,True,True,4,True,False,True,True,False,True,True,False,5,False,False,,Inventurus Knowledge Solutions Ltd.,Information Technology,EQ,INE115Q01022,HOLD,Stage 2 + RS 67; trend/leadership is adequate without a stronger entry trigger.
IONEXCHANG,2026-09-28,422.8999938964844,0.06441230561203493,0.2733021794716768,0.10646139857279957,0.04385716794119521,0.11048907144194828,388.55980483799766,0.9061385802344057,Stage 2 — Advancing,405.20110306085326,484.3644916198611,False,311.64769712027083,0.4854721556023693,3.8227633622281374,274839501.87010956,404.65333862304686,False,8.837813029272068,False,-12.689719991203496,True,True,True,True,False,False,False,False,388.04695475260417,383.27824996948243,True,3.8830533771860862,2,1.3243057877737503,21.746203904555315,0.29990656129130694,False,461.0,0.019022001311884595,0.019989551842960335,False,9.00922361158547,67.0,True,True,5,True,True,True,True,True,True,True,False,7,False,False,,Ion Exchange (India) Ltd.,Utilities,EQ,INE570A01022,HOLD,Stage 2 + RS 67; trend/leadership is adequate without a stronger entry trigger.
IPCALAB,2026-09-28,1919.300048828125,0.19011521016903243,0.2143528201452629,0.3376604151391769,0.4045825953639832,0.2673652501972976,1682.87407443948,1.9963187326370146,Stage 2 — Advancing,1875.557813457414,2038.0,False,1247.2697331943216,0.4089882748023863,1.1660197651173672,431693637.2283691,1876.4241943359375,False,14.0489403205877,False,-5.824335189984053,True,True,True,True,False,False,False,False,1678.4669303385417,1622.0681665039062,True,2.6974121159827034,2,0.9305118201879238,17.841019410497424,0.6971654644087115,False,2038.0,0.0863299327822768,0.08855298325589717,False,6.184543747828797,83.0,True,True,5,True,True,True,True,True,True,True,True,8,True,False,,Ipca Laboratories Ltd.,Healthcare,EQ,INE571A01038,HOLD,Stage 2 + RS 83; trend/leadership is adequate without a stronger entry trigger.
JKCEMENT,2026-09-29,4824.5,-0.0896782347568228,-0.047885025906521106,-0.1546728466631715,-0.2331210904941199,-0.12300708651549161,5294.145796795281,-0.865302429880932,Stage 4 — Declining,5240.71568627451,6739.416026951673,False,4654.177313328525,0.6603289085644956,0.8046351390836178,207017449.325,5232.37,True,-8.87104010394978,False,-28.4136788602115,False,False,False,False,False,False,False,False,5301.488125,5391.662451171875,False,3.1616895903350457,1,1.5021769087523276,19.24006908462867,0.7829682918320588,False,5790.0,0.21829328989638477,0.28899447138110335,False,20.012436521919376,24.0,True,False,0,False,False,False,False,False,False,False,False,0,False,False,,J.K. Cement Ltd.,Construction Materials,EQ,INE823G01014,SELL,Stage 4 takes precedence: the guide requires SELL regardless of RS.
JAIBALAJI,2026-09-28,63.5099983215332,-0.06863182214862718,0.1304734420886453,-0.009976667016718954,-0.33301829964979457,-0.0699570337750245,67.84636999156378,-0.1802797788399646,Stage 4 — Declining,65.45529429117839,102.0,False,53.650001525878906,0.4986705884143054,0.4427803489170412,45645103.96402588,65.49060020446777,True,-6.391457156174707,False,-37.73529576320275,False,False,False,False,True,True,False,False,67.83720008850098,67.91540025711059,False,3.731695070818423,2,0.8482721566968634,23.04582099383253,0.8762276976759351,False,74.19999694824219,0.002856673655298523,0.004357795258694904,False,16.83199324394331,35.0,False,False,0,False,False,False,False,False,False,False,False,0,False,False,,JAI BALAJI INDUSTRIES Ltd.,Metals & Mining,EQ,INE091G01026,SELL,Stage 4 takes precedence: the guide requires SELL regardless of RS.
JBMA,2026-09-29,563.1500244140625,-0.17614466616253055,0.03160888118460514,-0.07355184897529055,-0.16904298886410518,-0.11265505779597033,628.1377443067071,0.17570893120570918,Stage 1 — Basing,629.7969192804075,737.4798969586368,False,476.3411078671452,0.4084119178957295,1.2442079870593339,154487156.9011566,629.0742810058593,True,-10.346093748015939,False,-23.63859316891346,False,False,True,True,False,False,False,False,626.6829577636719,617.2840060424804,False,2.8937983217868117,1,1.2097680999683207,18.465018268138035,0.4241944934236806,False,688.0482316717982,0.02548074858214843,0.031381312537817,False,22.178496287501346,27.0,True,False,2,False,True,False,True,False,False,True,False,3,False,False,2.0,JBM Auto Ltd.,Automobile and Auto Components,EQ,INE927D01051,AVOID,Stage 1 + RS 27; weak RS in a basing stage is AVOID.
JKLAKSHMI,2026-09-28,494.79998779296875,-0.15835437931098206,-0.14702161053851104,-0.35501684101737485,-0.41086297118754145,-0.2459220362730783,583.9654750040132,-2.320867782955549,Stage 4 — Declining,540.4019619810815,874.9722477555258,False,491.25,0.6223586568457105,1.1623173535851372,62372416.04011993,539.7800012207031,True,-15.268965551504854,False,-43.44963636707027,False,False,False,False,False,False,False,False,587.4556823730469,629.4177334594726,False,2.3559300397808745,1,1.702811928121272,21.020900321543408,0.4648897273987221,False,622.0,0.02225605616637153,0.03742168393488874,False,25.707359608960534,6.0,True,False,0,False,False,False,False,False,False,False,False,0,False,False,,JK Lakshmi Cement Ltd.,Construction Materials,EQ,INE786A01032,SELL,Stage 4 takes precedence: the guide requires SELL regardless of RS.
JKPAPER,2026-09-29,391.3500061035156,0.15074590368781382,0.21360690731819587,0.10369470179495788,0.06005581269854199,0.13576984583746468,368.33580915895226,1.3102047173704001,Stage 2 — Advancing,396.6911501416973,442.0,False,301.6864340741184,0.32840562085670255,1.7972378536850149,257789973.25577545,397.1840008544922,True,6.248156267269622,False,-11.459274637213657,True,False,True,True,False,False,False,False,367.7374625651042,361.03978057861326,True,3.3720271791532808,1,0.9080083493030475,16.945590282626604,0.62834518322373,False,442.0,0.017707343835279655,0.018852435312418068,False,12.942377183223286,70.0,True,True,4,True,True,True,True,False,False,True,True,6,False,False,,JK Paper Ltd.,Forest Materials,EQ,INE789E01012,HOLD,Stage 2 + RS 70; trend/leadership is adequate without a stronger entry trigger.
JKTYRE,2026-09-29,334.79998779296875,-0.12977710441983692,-0.15118315458423226,-0.3233244197351185,-0.047814597034377404,-0.1563752760386804,390.8918675013951,-2.9867581156764356,Stage 4 — Declining,374.9306826124004,605.8045982960336,False,333.1000061035156,0.7924185559845278,0.37349799006419515,148729751.9647278,374.5357189941406,True,-14.34971775365118,False,-44.734657225337735,False,False,False,False,True,True,False,False,393.4202634684245,423.846198425293,False,2.352150623395389,3,0.672752335768562,21.066349264569755,0.681667231794825,False,422.0,0.015148635256005101,0.025180719417435705,False,26.045404834648146,18.0,True,False,0,False,False,False,False,False,False,False,False,0,False,False,,JK Tyre & Industries Ltd.,Automobile and Auto Components,EQ,INE573A01042,SELL,Stage 4 takes precedence: the guide requires SELL regardless of RS.
JMFINANCIL,2026-09-28,125.25,-0.004451137186716303,0.06208212313326733,-0.11862421614858731,-0.2135714659365333,-0.05580316666505718,126.54702178746054,-0.4325288898380797,Stage 4 — Declining,126.48705890131932,177.98981701911703,False,110.30581750563591,0.7595348773213196,0.8233703128407099,302482208.43176997,126.54120010375976,True,-1.0249326844205986,False,-29.63080579685775,False,False,False,False,False,False,False,False,126.63255732218424,128.9000549697876,False,2.259481629653639,2,1.0939036087078802,13.646372477667928,0.8122689155714568,False,136.3000030517578,0.005633733030738055,0.007504980857188231,False,8.822357725954344,39.0,True,False,0,False,False,False,False,False,False,False,False,0,False,False,,JM Financial Ltd.,Financial Services,EQ,INE780C01023,SELL,Stage 4 takes precedence: the guide requires SELL regardless of RS.
JSWCEMENT,2026-09-29,112.58000183105469,-0.14898569213139312,-0.012603352846504157,-0.04691568314484473,-0.1944273873001967,-0.11038356151086637,125.98205805149207,-0.4595545691715719,Stage 4 — Declining,125.63078382903454,143.39999389648438,False,106.25579106571017,0.9569482631945594,0.5935136738501509,175440861.3111004,125.32399948120117,True,-10.63806737857833,False,-21.492324530834782,False,False,False,False,True,True,False,False,125.9712424214681,124.2852474975586,True,2.0448947544181335,2,0.8328583817940136,21.78936313500132,1.3486890807796674,False,141.9499969482422,0.005093887237276806,0.006124569986364993,False,26.08811035663523,27.0,True,False,0,False,True,True,False,False,False,True,False,3,False,False,,JSW Cement Ltd.,Construction Materials,EQ,INE718I01012,SELL,Stage 4 takes precedence: the guide requires SELL regardless of RS.
JSWDULUX,2026-09-28,3169.800048828125,0.0062762928268049745,0.09217250494730922,0.030532852156110124,-0.04036895181556399,0.01897779818829306,3010.91248729131,0.32626205538945907,Stage 2 — Advancing,3093.311767578125,3687.5560372755367,False,2626.091386571249,1.125837692918385,1.2467159377304515,87664769.12994385,3095.1080029296877,False,5.277056779546396,False,-14.040626995595263,True,True,True,True,False,False,False,False,3010.5273974609377,3015.351564941406,False,2.604714574729442,1,0.9395442548967577,12.423500611995104,1.650853348845939,False,3268.0,0.14257730328078327,0.15139538994177704,False,3.097985666577907,53.0,True,True,5,True,False,False,True,True,False,True,False,4,False,False,,JSW Dulux Ltd.,Consumer Durables,EQ,INE133A01011,HOLD,Stage 2 + RS 53; trend/leadership is adequate without a stronger entry trigger.
JSWENERGY,2026-09-28,495.0,-0.13687881429816917,0.02451225612806396,0.036052416070202487,-0.04502301165684519,-0.051643193610983414,539.9069381086794,0.3068350454075608,Stage 1 — Basing,540.8980413698682,615.2574202859911,False,426.30011443485296,0.8449753616375986,0.8064513699746442,929327689.5345275,540.362001953125,True,-8.317533067085703,False,-19.54587077228449,False,False,True,True,False,False,False,False,538.5763116455078,524.1017797851563,True,2.240981505202697,1,1.1036252615965054,15.48680713749314,0.8289550157174795,False,583.4000244140625,0.022265052696330036,0.02617438407642368,False,17.858590790719695,40.0,True,False,2,False,True,True,True,False,False,True,False,4,False,False,2.0,JSW Energy Ltd.,Power,EQ,INE121E01018,AVOID,Stage 1 + RS 40; weak RS in a basing stage is AVOID.
JSWINFRA,2026-09-29,350.0,0.0900030935756746,0.40450342914714454,0.23741844267919743,0.08770142838581307,0.18192589747270085,300.86640463069995,2.0926243535068556,Stage 2 — Advancing,336.89607926911,375.5,False,232.71809982894663,0.6971389805510197,3.0849433029813254,1633867184.6414351,336.7430010986328,False,16.330701804214186,False,-6.790945406125171,True,True,True,True,False,False,False,False,299.9513544718424,291.85028160095214,True,3.53775709502551,2,1.6284839901473014,17.41677600438998,2.263343867417515,False,375.5,0.015836387493778564,0.01612691029747323,False,7.285714285714295,75.0,True,True,5,True,True,True,True,True,True,True,True,8,True,False,,JSW Infrastructure Ltd.,Services,EQ,INE880J01026,HOLD,Stage 2 + RS 75; trend/leadership is adequate without a stronger entry trigger.
JSWSTEEL,2026-09-29,1272.4000244140625,0.038387302537326695,0.1321847726240606,0.1712506890865988,0.14035693655530945,0.10411340066812445,1251.1616435148278,0.1293251394781869,Stage 2 — Advancing,1285.8039263556984,1351.0,False,1067.0708089952848,1.5995007119885853,1.2144421527757183,1669012004.7621887,1286.1720043945313,True,1.6974929665819039,False,-5.817910850180419,True,False,True,True,False,False,False,False,1251.4616235351561,1232.5845825195313,True,1.8502722152292483,1,1.004495702868227,9.17838638045892,0.8916460492638941,False,1351.0,0.05757205666775542,0.05814229118094478,False,6.177300697721422,66.0,True,True,4,True,True,True,True,False,False,True,False,5,False,False,,JSW Steel Ltd.,Metals & Mining,EQ,INE019A01038,HOLD,Stage 2 + RS 66; trend/leadership is adequate without a stronger entry trigger.
JAINREC,2026-09-29,287.6499938964844,,,,,,370.9574842388127,-1.7258956034764017,Stage 4 — Declining,300.7313741048177,,False,,1.008802180364925,3.3184580654779454,549334402.9183899,300.17700134277345,True,-22.457422718744002,False,,False,False,False,False,False,False,False,False,371.28233459472654,378.06600067138675,False,3.6788266384641832,3,0.882884702498932,25.344352617079892,1.8162854355377722,False,363.0,0.013015247902650757,,False,26.195031358363785,,True,False,0,False,False,False,False,False,False,False,False,0,False,False,,Jain Resource Recycling Ltd.,Metals & Mining,EQ,INE0YD401026,SELL,Stage 4 takes precedence: the guide requires SELL regardless of RS.
JPPOWER,2026-09-29,15.260000228881836,-0.14317795134900746,0.03598103890810056,-0.10812392258773362,-0.12949231995712218,-0.09759822126695404,17.31292522196867,0.2855426915314485,Stage 1 — Basing,16.847647180744246,24.5,False,13.149999618530273,0.5770179638011215,1.3859522192865241,1085988101.285835,16.829600124359132,True,-11.857759256545751,False,-37.71428478007414,False,False,False,True,False,False,False,False,17.263200054168703,16.98910005569458,False,3.3233482628030684,2,1.0327923957941212,21.421166602841062,2.024629843819573,False,19.280000686645508,0.0006904665050849209,0.0009957592261320373,False,26.343383993895486,29.0,True,False,1,False,True,False,False,False,False,False,False,1,False,False,1.0,Jaiprakash Power Ventures Ltd.,Power,EQ,INE351F01018,AVOID,Stage 1 + RS 29; weak RS in a basing stage is AVOID.
J&KBANK,2026-09-29,138.52000427246094,-0.1322976396763692,0.21158053051684367,0.4121725909266125,0.3788573117145382,0.1476030307610512,144.85632703093444,1.5541317608830152,Stage 1 — Basing,153.26353035721124,201.75,False,97.3499984741211,0.6741693097243976,0.385681620732971,264058125.23805314,152.59020111083984,True,-4.374211943894146,False,-31.340766159870658,False,False,True,True,True,True,False,False,144.32540049235027,133.89535034179687,True,2.52464937825126,2,0.34223952559532667,26.80209998751973,0.4159498452019871,False,188.52999877929688,0.006267589895138724,0.008251100318368638,False,36.10308472736481,72.0,True,True,3,False,True,True,True,False,True,False,True,5,False,False,4.0,Jammu & Kashmir Bank Ltd.,Financial Services,EQ,INE168A01041,WATCH,Stage 1 + RS 72; adequate RS in a basing stage remains WATCH.
JAMNAAUTO,2026-09-29,136.27000427246094,0.037710193578823326,0.1822171883136099,0.10543752624157299,0.3657284187899561,0.14576070410055714,125.05548266975246,-0.5226377897490808,Stage 3 — Topping,127.82803180170994,150.8288738594787,False,87.88870597445316,0.6127260298852484,2.6700966452371606,386518329.8505192,127.69477767944336,False,8.967636894676478,False,-9.652574612856746,True,True,True,False,False,False,False,False,125.45082768758138,126.03987319946289,True,4.326182764679247,2,1.3351960179471671,21.168565983012762,1.6379890833510895,False,147.17180377046884,0.0061657845469644335,0.00628997358412272,False,8.00014614823863,71.0,True,True,4,True,False,True,True,True,True,True,True,7,False,False,,Jamna Auto Industries Ltd.,Automobile and Auto Components,EQ,INE039C01032,REDUCE,Stage 3 with RS 71; the guide requires REDUCE when RS is 50 or higher.
JSFB,2026-09-29,503.70001220703125,0.0804375783313942,0.35403229087911625,0.1957270319454747,0.10764158814080549,0.16365521352563697,474.0736293008883,2.004419576587124,Stage 2 — Advancing,544.3739953613281,606.9500122070312,False,330.0,0.6087001903606594,4.637775698926778,458041500.5594452,544.3739953613281,True,6.249321007336506,False,-17.0112855957537,True,False,True,True,False,False,False,False,471.2569991048177,452.89949920654294,True,5.358913073971115,2,1.1532093517950122,21.344429640831315,1.1942537295328608,False,606.9500122070312,0.022790824496947252,0.024748938868217957,False,20.49831199082086,73.0,True,True,4,True,True,True,True,False,True,True,True,7,False,False,,Jana Small Finance Bank Ltd.,Financial Services,EQ,INE953L01027,HOLD,Stage 2 + RS 73; trend/leadership is adequate without a stronger entry trigger.
JAYNECOIND,2026-09-29,92.66000366210938,0.09449562548956636,0.2503036418699851,0.07506672511236512,0.35329344253161743,0.1735310120986201,91.14537427214538,0.7174656246115241,Stage 2 — Advancing,91.56039234236175,117.0,False,64.4000015258789,1.1499041455910088,0.5574789529356917,472469619.96511954,91.62900024414063,False,1.6617731860330665,False,-20.803415673410786,True,True,True,True,True,True,False,False,90.87173344930012,88.12940006256103,True,2.88150311699253,2,0.9938479845616641,21.536561681301826,0.40466465427663895,False,105.16999816894531,0.004192570637623156,0.005047578282087515,False,13.50096483101213,74.0,True,True,5,True,True,True,True,True,True,True,True,8,True,False,,Jayaswal Neco Industries Ltd.,Capital Goods,EQ,INE854B01010,REDUCE,Stage 2 + RS 74; distribution warning (U/D 0.56) triggers REDUCE.
JSLL,2026-09-28,501.8999938964844,-0.15921225267037675,-0.08540709531847701,-0.28398698640937625,-0.3693306804172859,-0.21142985349717855,586.5660404571115,-1.8489575573033878,Stage 4 — Declining,525.7576796587775,831.6028981949348,False,480.82307067771427,0.5080901425962445,1.4831450943600477,209195235.11446685,524.8732336425782,True,-14.434188262015102,False,-39.646675716751204,False,False,False,False,False,False,False,False,587.7704329427083,614.1919955444336,False,2.9734759401673827,2,0.9670614168410728,20.780597611230593,0.5852217648430149,False,606.9511460312133,0.022575413762409995,0.035106831950654595,False,20.930694045076127,8.0,True,False,0,False,False,False,False,False,False,False,False,0,False,False,,Jeena Sikho Lifecare Ltd.,Consumer Services,EQ,INE0J5801029,SELL,Stage 4 takes precedence: the guide requires SELL regardless of RS.
JINDALSAW,2026-09-29,277.70001220703125,0.06783055761762458,0.5066852862109184,0.696377451912501,0.3807199225373201,0.3438887551791977,246.87480277755634,2.7750149213809694,Stage 2 — Advancing,282.74607908959484,320.0,False,151.60325107352764,0.4336284246823302,0.9355586521678602,488905411.67950135,283.1560006713867,True,12.486170756458126,False,-13.218746185302733,True,False,True,True,False,False,False,False,245.6471934000651,227.59818420410156,True,3.9984030511108735,3,1.0195189217751566,22.96875,0.5752828071331824,False,320.0,0.012565042858107382,0.013833006441759478,False,15.232259968873606,87.0,True,True,4,True,True,True,True,False,True,True,True,7,False,False,,Jindal Saw Ltd.,Capital Goods,EQ,INE324A01032,WAIT,Stage 2 + RS 87; wait because the close is below its 50-session average — short-term timing has weakened even though the 30-week trend is intact.
JSL,2026-09-29,738.2999877929688,0.0852608875478984,0.04223809090539388,-0.06638962131930404,0.006253989330617715,0.030524846802500873,727.4784674612032,-0.23573061743720203,Stage 3 — Topping,732.0894428327972,879.2203373423794,False,649.5262533837296,0.8200270271279995,1.7471824480619034,958522753.8288147,732.0119567871094,False,1.4875382318230157,False,-16.02787646784545,True,True,True,False,False,False,False,False,728.7883919270834,744.5067199707031,False,2.962403554832302,1,1.4258152531329569,12.336273577711744,2.0496688180316887,False,794.0,0.03340572769526124,0.03578657691643869,False,7.544360439926012,55.0,True,True,4,False,False,False,False,True,False,True,False,2,False,False,,Jindal Stainless Ltd.,Metals & Mining,EQ,INE220G01021,REDUCE,Stage 3 with RS 55; the guide requires REDUCE when RS is 50 or higher.
JINDALSTEL,2026-09-29,1130.0,0.05984782868791605,0.0005510242154498357,0.14288084752073904,0.08498923738066044,0.06962335329853629,1148.461365161299,-0.4873992890717549,Stage 4 — Declining,1120.0067760991114,1303.865138167474,False,975.3534332608737,0.9347042231934216,0.7184239955353895,773966527.9857483,1121.5502612304688,False,-1.6074868272739962,False,-13.334595202985023,False,True,False,False,False,False,False,False,1150.5918587239582,1136.0513442993165,True,2.606194998913559,2,0.8977505665682387,14.813190144201183,0.8002884150575613,False,1196.4000244140625,0.05112890819419936,0.056214877653154575,False,5.876108355226761,61.0,True,True,2,False,True,True,False,True,False,True,False,4,False,False,,Jindal Steel Ltd.,Metals & Mining,EQ,INE749A01030,SELL,Stage 4 takes precedence: the guide requires SELL regardless of RS.
JIOFIN,2026-09-29,217.55999755859375,-0.07874828242718679,-0.062268341902015245,-0.2581408540520055,-0.25877126858866795,-0.14733540587941246,239.0697290329706,-0.8230900379030182,Stage 4 — Declining,240.04553312413833,316.1097009027144,False,215.36000061035156,1.2169431080124564,0.5886161570665965,2555945226.55873,240.05706024169922,True,-8.99726266532489,False,-31.175792157814918,False,False,True,False,True,True,False,False,239.39969746907553,248.75220626831054,False,1.8316779165486543,2,0.5646861694203154,19.513667218253612,0.6622026873662403,False,267.5733794386435,0.009843898355666882,0.013342808309793059,False,22.988316989008982,19.0,True,False,1,False,False,False,False,False,False,False,False,0,False,False,,Jio Financial Services Ltd.,Financial Services,EQ,INE758E01017,SELL,Stage 4 takes precedence: the guide requires SELL regardless of RS.
JUBLFOOD,2026-09-28,478.70001220703125,0.13436054663217467,0.056589419854074396,-0.14244119647665976,-0.20899428476452242,-0.005224993624551685,457.04969474060897,-0.6254658078517994,Stage 3 — Topping,475.6774507410386,633.1992004085787,False,407.64069289260294,0.5357715771162992,1.013875262757671,435795770.3090744,476.6939996337891,False,4.736972306416165,False,-24.39977626343418,True,True,True,False,False,False,False,False,458.6418469238281,477.3977072143555,False,2.421737199771072,3,0.6047559012305095,22.601116474532436,0.44525621913484187,False,527.8499755859375,0.02153188080307754,0.027213651684935822,False,10.267382938283598,50.0,True,True,4,True,False,False,False,True,False,True,False,3,False,False,,Jubilant Foodworks Ltd.,Consumer Services,EQ,INE797F01020,REDUCE,Stage 3 with RS 50; the guide requires REDUCE when RS is 50 or higher.
JUBLINGREA,2026-09-29,639.0999755859375,0.049597658110283716,0.15012411240600132,-0.09602200140167771,0.006217862644670724,0.03190305797391235,668.6891309258078,0.2623582131528135,Stage 1 — Basing,697.7527681238511,792.3323631991859,False,535.497064674972,0.6212000998338253,0.4257419264033365,172519131.52563173,696.4830822753906,True,-4.42494934812292,False,-19.3394078962703,False,False,True,True,True,True,False,False,667.089706624349,666.9116714477539,False,3.241724522299642,2,0.8856662771815179,22.759686663695174,0.8934672090319651,False,792.3323631991859,0.02891724245898093,0.03299535569137568,False,23.976278120299167,55.0,True,True,3,False,True,False,True,False,False,True,False,3,False,False,3.0,Jubilant Ingrevia Ltd.,Chemicals,EQ,INE0BY001018,WATCH,Stage 1 + RS 55; adequate RS in a basing stage remains WATCH.
JUBLPHARMA,2026-09-28,1060.449951171875,0.10528819575873039,0.2625880289814273,-0.00805888795613141,0.022092174362178252,0.09743954138098698,939.5156001650054,1.2351628871244635,Stage 2 — Advancing,957.0410275926777,1178.6978642896322,False,782.0015188448107,0.34619997324556095,3.496591296975537,264135443.3468811,955.8103125,False,12.871989670595152,False,-10.032080035117552,True,True,True,True,False,False,False,False,937.5554305013021,953.3463818359374,False,3.1253587993983007,2,1.1193093834497714,22.347392540725043,0.6297489543141799,False,1091.8499755859375,0.04769893746396446,0.04963438379353612,False,2.961009558193961,65.0,True,True,5,True,False,False,True,True,True,True,False,5,False,False,,Jubilant Pharmova Ltd.,Healthcare,EQ,INE700A01033,HOLD,Stage 2 + RS 65; trend/leadership is adequate without a stronger entry trigger.
JLHL,2026-09-28,263.8500061035156,-0.040754713715469126,0.031853374761806164,-0.04955991023965156,-0.12588954497274896,-0.045021101576306524,276.47935391778816,0.5813362131405597,Stage 1 — Basing,301.3086266611137,340.0,False,235.42042234373233,1.0944671066773108,0.3895601826363874,27036611.756724548,301.1023992919922,True,-4.567917146546829,False,-22.397057028377752,False,False,True,True,True,True,False,False,275.9426901245117,273.23975646972656,False,2.8222186998370264,2,0.9434699525811752,23.897058823529413,0.6938122448942582,False,340.0,0.011867948060246014,0.01423338133931052,False,28.861092338428307,42.0,False,False,2,False,True,False,True,False,False,True,False,3,False,False,2.0,Jupiter Life Line Hospitals Ltd.,Healthcare,EQ,INE682M01020,AVOID,Stage 1 + RS 42; weak RS in a basing stage is AVOID.
JWL,2026-09-29,219.82000732421875,-0.1831289396565089,-0.12492034237758787,-0.3490672212666214,-0.34548160390246985,-0.2371454093719394,263.2013612085459,-1.3972146280346598,Stage 4 — Declining,245.16254978553923,358.25,False,218.4499969482422,0.6871425957394398,0.6927544636616443,146687630.19298476,245.0588006591797,True,-16.482192069650516,False,-38.64061205185799,False,False,False,False,True,False,False,False,263.42000081380206,274.50575065612793,False,2.663218086974678,3,0.6387828842276841,19.092593722873264,0.7670936810773993,False,270.0,0.009946156613918771,0.014836597346065862,False,22.827764081442027,7.0,True,False,0,False,False,False,False,False,False,False,False,0,False,False,,Jupiter Wagons Ltd.,Capital Goods,EQ,INE209L01016,SELL,Stage 4 takes precedence: the guide requires SELL regardless of RS.
JUSTDIAL,2026-09-29,656.5,0.24904876425866562,0.3131312810692377,-0.09304410838919963,-0.2097977736566884,0.1016773855081362,596.7928572674186,0.8818527399092613,Stage 2 — Advancing,688.4764715456495,878.5999755859375,False,480.5,0.29743393200535223,0.31759366065146727,82845720.22656861,687.3780004882813,True,10.004667784726351,False,-25.278850643925775,True,False,True,True,True,True,False,False,596.2173333740234,619.7197492980957,False,3.0622362558736125,3,0.770690056160127,18.058503658891837,0.04717579817069675,False,777.75,0.029704538256187504,0.036958891397775355,False,18.46915460776848,65.0,True,True,4,True,False,False,True,False,True,False,False,3,False,False,,Justdial Ltd.,Consumer Services,EQ,INE599M01018,REDUCE,Stage 2 + RS 65; distribution warning (U/D 0.32) triggers REDUCE.
JYOTHYLAB,2026-09-29,184.25999450683594,-0.05802364944584015,-0.0800328259786599,-0.3367451778117385,-0.38903631601485944,-0.18437232373938767,209.9803737718232,-1.584747174341139,Stage 4 — Declining,200.88588250852098,319.32386836316425,False,184.0,0.5178305839676727,0.1828334226468711,187013834.9267601,200.89760009765624,True,-12.248944414651108,False,-42.2968300329875,False,False,False,False,True,True,False,False,210.8082010904948,222.07806800842286,False,1.935541167151059,2,1.070423401526895,15.168277926363572,0.36217981026343055,False,216.89999389648438,0.008337179064605038,0.01363137964476557,False,17.71409983865897,12.0,True,False,0,False,False,False,False,False,False,False,False,0,False,False,,Jyothy Labs Ltd.,Fast Moving Consumer Goods,EQ,INE668F01031,SELL,Stage 4 takes precedence: the guide requires SELL regardless of RS.
JYOTICNC,2026-09-29,1059.300048828125,0.3486536792476509,0.4088309807591932,0.08312888428233633,0.22988513159337187,0.2838304710260407,803.7493223852041,1.868970896536415,Stage 2 — Advancing,936.7205918255975,1134.5999755859375,False,580.0999755859375,0.5515626440426872,2.512445890184544,1384907528.844937,939.3970031738281,False,31.79482947301895,True,-6.636693846121899,True,True,True,True,False,False,False,False,804.3226692708333,826.6272518920898,True,4.173915608033135,2,1.6264513667632363,34.87572357539714,1.4960616988723208,False,1134.5999755859375,0.04792996012977354,0.04872473758892637,False,7.108460614262668,84.0,True,True,5,True,False,True,True,True,True,True,True,7,False,False,,Jyoti CNC Automation Ltd.,Capital Goods,EQ,INE980O01024,WAIT,"Stage 2 + RS 84; wait because price is more than 20% above the 30-week line (currently +32%) — the guide treats that as poor entry timing, not a failed trend."
KPRMILL,2026-09-28,1101.199951171875,-0.07360069601408292,0.30931246664954504,0.17972635042974017,0.03343099783210479,0.07505368457664484,1020.3561822299299,1.4556232677181535,Stage 2 — Advancing,1109.36400390625,1331.0754095910231,False,794.3546009216013,0.31623118239620535,0.8872759776167275,273230246.3269165,1109.36400390625,True,7.923092969875056,False,-17.269904977793715,True,False,True,True,False,False,False,False,1016.7890828450521,989.8620434570313,True,3.025921493602014,4,0.6314486153032035,15.268388069657627,0.6053970856006259,False,1197.9000244140625,0.04953186856977345,0.05257125633811476,False,8.781336499268932,62.0,True,True,4,True,True,True,True,False,True,True,False,6,False,False,,K.P.R. Mill Ltd.,Textiles,EQ,INE930H01031,HOLD,Stage 2 + RS 62; trend/leadership is adequate without a stronger entry trigger.
KEI,2026-09-28,4516.0,-0.14274867122247537,0.09505334626576145,0.03524916505827225,0.1165749685597004,-0.007723972512243323,5004.104120959974,-0.22228086895330623,Stage 4 — Declining,5124.766659007353,5899.0,False,3724.290243524651,0.42748060167889335,0.2549504235146165,3036636398.55,5128.6919921875,True,-9.754076037617255,False,-23.444651635870486,False,False,True,False,True,True,False,False,5002.758011067708,4836.598461914063,True,2.4571365304314816,2,0.9792058426072718,24.61434141379895,0.6356409018893423,False,5899.0,0.20312924843762917,0.24923137160901312,False,30.624446412754658,49.0,True,False,1,False,True,True,True,False,False,True,False,4,False,False,,KEI Industries Ltd.,Capital Goods,EQ,INE878B01027,SELL,Stage 4 takes precedence: the guide requires SELL regardless of RS.
KNRCON,2026-09-29,119.33000183105469,-0.10294928350979371,0.09074873315216503,-0.2844959799845068,-0.3933028185343851,-0.15858972647726288,125.60858704443692,-0.8757288650335093,Stage 4 — Declining,124.86344834869983,204.19295576267498,False,108.43384507627295,0.568686669516797,1.2922835550011897,190907082.24206847,124.88545166015625,True,-4.998531836968311,False,-41.56017704658381,False,False,False,False,False,False,False,False,125.7703515625,131.34048110961913,False,3.540913127411878,2,0.9753713037306597,20.850546662246362,1.2167822083120416,False,145.03090055138043,0.0053993032817996785,0.008706543395413982,False,21.53766724709567,17.0,True,False,0,False,False,False,False,False,False,False,False,0,False,False,,KNR Constructions Ltd.,Construction,EQ,INE634I01029,SELL,Stage 4 takes precedence: the guide requires SELL regardless of RS.
KPIGREEN,2026-09-29,371.25,-0.060263875918667,0.008307660352283364,-0.08140179798816516,-0.15797336674919804,-0.07031905124448276,383.3570938629358,-1.1618802832759512,Stage 4 — Declining,333.66391769109987,541.0235690240457,False,271.56159908116916,1.9097762582685764,5.111241817699705,981587872.7702286,332.21831298828124,False,-3.1581765556853214,False,-31.38006895527692,False,True,False,False,False,False,False,False,383.3653875732422,394.17441360473634,False,4.375866478144966,1,2.988319123253658,33.251506468056164,5.127220510373369,False,406.84303826453834,0.016797882448757975,0.02257730253633026,False,9.58735037428642,35.0,True,False,1,False,False,False,False,True,True,False,False,2,False,False,,KPI Green Energy Ltd.,Power,EQ,INE542W01025,SELL,Stage 4 takes precedence: the guide requires SELL regardless of RS.
KPITTECH,2026-09-29,519.7000122070312,-0.26412764829533464,-0.20598693977988403,-0.557917518579399,-0.5658106006940287,-0.3715940711287962,654.7330695950255,-2.6871315824522513,Stage 4 — Declining,577.8608218922335,1271.2449225520793,False,495.5,1.1417589670085908,0.7037039797138839,813742945.339093,578.2235632324218,True,-20.62413885272616,False,-59.11881314233995,False,False,False,False,False,False,False,False,657.1970324707031,759.0641967773438,False,2.694550499715998,2,0.682509956137652,24.5930821808063,0.549662078297295,False,657.1015157894146,0.02351477363951999,0.0529169010952542,False,26.43861850202289,2.0,True,False,0,False,False,False,False,False,False,False,False,0,False,False,,KPIT Technologies Ltd.,Information Technology,EQ,INE04I401011,SELL,Stage 4 takes precedence: the guide requires SELL regardless of RS.
KRBL,2026-09-29,386.20001220703125,0.03032023129321826,0.32692223607803994,-0.033652705145838624,0.12545629664017333,0.09587325803176222,359.22404647200074,0.7140808207442229,Stage 2 — Advancing,389.84878420362287,447.6467343412539,False,271.52423694470116,0.47716883072873945,1.5589136099342698,164905359.04895478,390.6255755615234,True,7.5095100119176195,False,-13.726610163848541,True,False,True,True,False,False,False,False,358.79968119303385,360.23166229248045,True,3.4158656429513474,3,0.6897606182671945,25.02207943338996,0.5270217232686059,False,447.6467343412539,0.017474322981178736,0.018774330694120777,False,15.910595596067134,64.0,True,True,4,True,False,True,True,False,True,True,False,5,False,False,,KRBL Ltd.,Fast Moving Consumer Goods,EQ,INE001B01026,HOLD,Stage 2 + RS 64; trend/leadership is adequate without a stronger entry trigger.
KRN,2026-09-28,1387.4000244140625,0.16490346298409952,0.565119302057197,0.8831354250615033,0.669755666925675,0.48956346400251494,1222.0986286320099,3.129285276043503,Stage 2 — Advancing,1407.382350547641,1687.0,False,589.7999877929688,0.5425496116706757,0.7190030408073246,323845404.50912476,1410.1419970703125,True,13.526027434224952,False,-17.75933465239701,True,False,True,True,False,False,False,False,1215.7833321126302,1091.0382485961914,True,4.203648466616634,2,1.4886654416567415,31.831653823355065,1.352343978556688,False,1687.0,0.062405120514078136,0.07185115528967383,False,21.594347002586133,92.0,True,True,4,True,True,True,True,False,True,True,True,7,False,False,,KRN HEAT EXCHANGER AND REFRIGERATION Ltd.,Capital Goods,EQ,INE0Q3J01015,WAIT,Stage 2 + RS 92; wait because the close is below its 50-session average — short-term timing has weakened even though the 30-week trend is intact.
KSB,2026-09-29,824.7999877929688,-0.12784183446493946,0.04149495022050287,0.11153779781405748,0.024186012811644453,-0.015692981616734825,847.4516186357356,0.5272324211324175,Stage 1 — Basing,816.0686238606771,1023.2461180887996,False,663.373535570316,4.667734822915883,1.8875036553907787,129158352.66742554,814.2539965820313,False,-2.672911390414523,False,-19.393782862962127,False,True,False,True,False,False,False,False,845.5661853027344,815.7784317016601,True,2.952663998658444,2,1.1841443914190142,16.67122912674514,1.323787199667668,False,913.25,0.03731957774729509,0.04360534111391643,False,10.723813471882938,48.0,True,False,2,False,True,True,False,True,False,True,False,4,False,False,2.0,KSB Ltd.,Capital Goods,EQ,INE999A01023,AVOID,Stage 1 + RS 48; weak RS in a basing stage is AVOID.
KAJARIACER,2026-09-28,1189.5,-0.0009493887617797458,0.2573904099500257,0.2267459353682446,0.01733918656162925,0.09991535087126802,1131.5675713900862,1.590850268377464,Stage 2 — Advancing,1213.1942626953125,1278.9528521893533,False,865.2617122743181,0.4819728068060348,1.1275680920419968,251346085.2791626,1213.1942626953125,True,5.119661439108403,False,-6.994225943217924,True,False,True,True,False,False,False,False,1125.7994563802083,1088.068383178711,True,2.283479024381881,3,0.8836845284251811,9.145093613878325,0.5842581213458532,False,1268.639312911862,0.05350359632784763,0.05417557487786148,False,6.653157874053117,65.0,True,True,4,True,True,True,True,False,True,True,False,6,False,False,,Kajaria Ceramics Ltd.,Consumer Durables,EQ,INE217B01036,HOLD,Stage 2 + RS 65; trend/leadership is adequate without a stronger entry trigger.
KPIL,2026-09-28,1375.5999755859375,0.0017477603403746045,0.29144007943293104,0.15928374262287126,0.11707010790429462,0.11425789012816923,1282.3655412229773,1.3524826189372563,Stage 2 — Advancing,1368.3666609221814,1468.0,False,999.0966928066694,0.8362449316844607,1.3919508763772932,210511146.11244506,1369.2659936523437,False,7.270503718779242,False,-6.294279592238594,True,True,True,True,False,False,False,False,1280.2838720703126,1243.2942822265625,True,2.8808211412925355,1,1.1476768763614864,14.291556459681539,0.7534016389393843,False,1468.0,0.061874355445436784,0.06328656492761213,False,6.717070809390258,67.0,True,True,5,True,True,True,True,True,True,True,False,7,False,False,,Kalpataru Projects International Ltd.,Construction,EQ,INE220B01022,HOLD,Stage 2 + RS 67; trend/leadership is adequate without a stronger entry trigger.
KALYANKJIL,2026-09-29,568.8499755859375,0.511634428598839,0.47076364198729026,0.17452412118670302,0.27408227831229626,0.38852777973679353,464.4127014575361,2.487788074364361,Stage 2 — Advancing,594.4767922794117,646.3128397837881,False,325.72095783386743,0.7103128205856073,1.7855981414134647,3787430502.7674775,594.8732238769531,True,22.488031399793805,True,-11.98535127721807,True,False,True,True,False,False,False,False,463.243983968099,457.89078643798825,True,2.61029678288404,4,0.6318150567627878,14.246086906142672,0.17773672343845964,False,646.3128397837881,0.025738653254872516,0.02706317013991281,False,13.61745056208552,89.0,True,True,4,True,True,True,True,False,True,True,True,7,False,False,,Kalyan Jewellers India Ltd.,Consumer Durables,EQ,INE303R01014,WAIT,"Stage 2 + RS 89; wait because price is more than 20% above the 30-week line (currently +22%) — the guide treats that as poor entry timing, not a failed trend."
KANSAINER,2026-09-29,181.3300018310547,-0.11503168749403314,0.07618542206726353,-0.217461497639572,-0.25142939140023757,-0.12455376839212248,198.13745263504654,-0.5678177872173285,Stage 4 — Declining,196.1990197873583,260.8927950067185,False,156.051448925647,2.1509107958087,0.3716301759188782,60746565.01757355,196.0782000732422,True,-8.482722766679473,False,-30.496355092372283,False,False,False,False,True,True,False,False,198.138974609375,203.93183555603028,False,2.353640329701206,4,0.6558350264218693,20.527374032564563,0.8568963636589879,False,218.44000244140625,0.008204606209269024,0.010829992117594113,False,20.46544986247063,24.0,True,False,0,False,False,False,False,False,False,False,False,0,False,False,,Kansai Nerolac Paints Ltd.,Consumer Durables,EQ,INE531A01024,SELL,Stage 4 takes precedence: the guide requires SELL regardless of RS.
KTKBANK,2026-09-29,324.25,0.22602707084735751,0.4339059902316471,0.6454847188244652,0.9278237133030514,0.4918537128107758,270.77064742522987,3.054141779427244,Stage 2 — Advancing,311.50532920687806,345.3999938964844,False,167.6434307691943,0.43689635549328976,1.1016619040461384,619210145.151303,312.19589660644533,False,19.750793922202313,False,-6.1233336045810605,True,True,True,True,False,False,False,False,269.3913065592448,250.4675316619873,True,3.1720759950121704,2,1.2358735830518566,22.34691854693893,0.6614695045212986,False,345.3999938964844,0.014671281842450567,0.014993836619877611,False,6.522742913333657,92.0,True,True,5,True,True,True,True,True,True,True,True,8,True,False,,Karnataka Bank Ltd.,Financial Services,EQ,INE614B01018,HOLD,Stage 2 + RS 92; trend/leadership is adequate without a stronger entry trigger.
KARURVYSYA,2026-09-29,318.1499938964844,0.07286062095212764,0.0841061754751935,0.25927650124141266,0.4990853903602257,0.19763786179621745,305.6774588863866,0.054297996425800577,Stage 2 — Advancing,336.71188893037686,358.6499938964844,False,206.49400654750622,0.785378963069473,0.6603826903572672,503546199.7912766,336.6926519775391,True,4.080292690058496,False,-11.292346490793292,True,False,True,True,True,False,False,False,306.1744962565104,300.0511320495605,True,2.725577225260155,2,1.3808950154709825,12.811928752664492,0.46808982927243803,False,358.6499938964844,0.01439527595568003,0.01505114112342994,False,12.729844657227108,76.0,True,True,4,True,True,True,True,False,True,True,True,7,False,False,,Karur Vysya Bank Ltd.,Financial Services,EQ,INE036D01028,REDUCE,Stage 2 + RS 76; distribution warning (U/D 0.66) triggers REDUCE.
KSCL,2026-09-28,769.5,-0.16864734194393283,-0.028102305020524132,-0.2151963284038756,-0.26531973700082345,-0.16918261086261777,840.8286183324353,-0.7430018416827999,Stage 4 — Declining,768.1078395469516,1095.9000244140625,False,685.0,1.522120333323171,16.49732292647814,1210229201.9485595,766.5689965820312,False,-8.483133991549563,False,-29.783740956532657,False,True,False,False,False,False,False,False,839.4616642252604,856.4772476196289,False,4.003990666952392,2,1.7837931956492126,21.62471395881007,28.37825162816366,False,874.0,0.03461203646429487,0.04638952179955042,False,13.58024691358024,15.0,True,False,1,False,False,False,False,True,False,False,False,1,False,False,,Kaveri Seed Company Ltd.,Fast Moving Consumer Goods,EQ,INE455I01029,SELL,Stage 4 takes precedence: the guide requires SELL regardless of RS.
KAYNES,2026-09-29,3511.5,0.11454957505150376,-0.027985410763245233,-0.11948345035105312,-0.5019502162967165,-0.08406398546160149,3588.7659937021685,-0.63593431735256,Stage 4 — Declining,3626.8137350643383,7705.0,False,2995.0,1.1591635057486223,1.1158736881431817,3705663250.35,3633.9080078125,True,-2.1529961507036344,False,-54.42569759896172,False,False,True,False,False,False,False,False,3594.866005859375,3652.0845056152343,False,3.906145214353095,2,0.5453396879318532,23.966097422184657,1.0861174502744582,False,4117.89990234375,0.15888421338400976,0.3271505202611,False,17.26897059216146,33.0,True,False,1,False,False,False,False,False,False,False,False,0,False,False,,Kaynes Technology India Ltd.,Capital Goods,EQ,INE918Z01012,SELL,Stage 4 takes precedence: the guide requires SELL regardless of RS.
KEC,2026-09-29,378.3500061035156,-0.25735957082048955,-0.2828239022197695,-0.47938401913993745,-0.5401490807746379,-0.3634152287550648,493.1257506909014,-2.432614159383706,Stage 4 — Declining,430.6179761699602,882.7184042406384,False,375.1000061035156,1.2083745981472769,1.2066967678755254,437879005.3730087,429.52735290527346,True,-23.27514724724422,False,-57.138085681017095,False,False,False,False,False,False,False,False,494.9405558268229,536.452924194336,False,3.1395713453652405,2,1.3302187715859244,22.683570235581225,0.7130089826771471,False,485.1491555500376,0.017119135156939306,0.037956167467320695,False,28.22760611170758,2.0,True,False,0,False,False,False,False,False,False,False,False,0,False,False,,Kec International Ltd.,Construction,EQ,INE389H01022,SELL,Stage 4 takes precedence: the guide requires SELL regardless of RS.
KFINTECH,2026-09-28,884.0499877929688,0.02501878705440852,-0.01924229848296921,-0.1856583347220283,-0.16322358929824654,-0.0636173296788854,895.6150876397955,-0.6966003793705933,Stage 4 — Declining,926.5715691061581,1198.7685004367224,False,774.4636355142945,0.3964807196395367,0.6740232763234012,456857997.29526365,927.4670007324219,True,-1.2913024809914964,False,-26.25348535009877,False,False,True,False,True,False,False,False,897.6089729817709,930.0115463256836,False,2.3354366817018555,3,0.46381177534397355,13.784768789067204,0.42596500729989656,False,992.4000244140625,0.0397644839684856,0.04867624646633792,False,12.2560984239805,38.0,True,False,1,False,False,False,False,False,False,False,False,0,False,False,,Kfin Technologies Ltd.,Financial Services,EQ,INE138Y01010,SELL,Stage 4 takes precedence: the guide requires SELL regardless of RS.
KIRLOSBROS,2026-09-28,1732.300048828125,-0.1385245734449736,0.2189892226284087,0.08558378443587777,-0.11017896555168494,-0.016531021075469127,1752.9886725438785,0.6675455482101356,Stage 1 — Basing,1863.0147776884191,2180.905610301624,False,1329.942047366491,0.5006243227865416,0.4113678550218297,50960671.94671631,1862.4349853515625,True,-1.180191523184848,False,-20.569691753484744,False,False,True,True,True,True,False,False,1748.2133536783854,1708.8246490478516,True,2.7585130553652437,1,1.1818986660091728,14.791773649178374,0.4732991610130293,False,1993.0,0.07791869065255211,0.08895682802785479,False,15.049353104171214,48.0,True,False,2,False,True,True,True,False,True,True,False,5,False,False,2.0,Kirloskar Brothers Ltd.,Capital Goods,EQ,INE732A01036,AVOID,Stage 1 + RS 48; weak RS in a basing stage is AVOID.
KIRLOSENG,2026-09-29,2402.0,-0.01393694908119647,0.7864616759572034,0.9726086942138255,1.6201423641314028,0.6702677672280077,1919.5699894703976,2.6083087553147033,Stage 2 — Advancing,2157.4931449142155,2714.2611782271474,False,862.2056409078928,12.468179248542969,2.757586720345365,1512312972.135498,2156.3027587890624,False,25.132191750023303,True,-11.504463193593795,True,True,True,True,False,False,False,False,1909.1022176106771,1739.0869073486328,True,4.401093237150775,1,2.757623193503873,20.867430441898527,1.8883039765487035,False,2444.0,0.10868286502873173,0.11061827096550143,False,1.7485428809325576,96.0,True,True,5,True,True,True,True,True,True,True,True,8,True,False,,Kirloskar Oil Eng Ltd.,Capital Goods,EQ,INE146L01010,WAIT,"Stage 2 + RS 96; wait because price is more than 20% above the 30-week line (currently +25%) — the guide treats that as poor entry timing, not a failed trend."
KIRLPNU,2026-09-28,678.6500244140625,-0.2820558548692863,0.2873107008739215,0.3301903569172009,0.1339869777646192,0.037475265163433816,738.8516454236261,1.404999407489127,Stage 1 — Basing,736.3260021972657,1093.5391904117103,False,491.2850813456647,0.21577259613393127,1.2783274881981812,102745213.57501526,736.3260021972657,True,-8.147998503142883,False,-37.94003631835496,False,False,False,True,False,False,False,False,733.284580485026,685.2914920043945,True,3.091747802545588,2,0.35808209403305213,22.284762818942962,0.4125249657048768,False,870.5499877929688,0.030525613244332863,0.04475052491308403,False,28.276719439388543,56.0,True,True,2,False,True,True,True,False,True,False,False,4,False,False,4.0,Kirloskar Pneumatic Company Ltd.,Capital Goods,EQ,INE811A01038,WATCH,Stage 1 + RS 56; adequate RS in a basing stage remains WATCH.
KITEX,2026-09-28,116.12999725341797,-0.28206885075764054,-0.23542126297065646,-0.36453839603274407,-0.3893938743590124,-0.3106982469755388,150.05724099564225,-3.127579424800586,Stage 4 — Declining,131.1949219049192,231.73507903347866,False,114.48999786376953,0.6826003959257733,0.49003763805606404,42845025.009758756,130.81851333618164,True,-22.60953454635991,False,-49.88674233621716,False,False,False,False,True,True,False,False,150.97576136271158,158.1438613510132,False,3.2393761181035026,2,1.635226108685464,23.847966371277145,0.9249811659322305,False,150.34397954749622,0.00522351617873134,0.009338148953798458,False,29.461795490631726,3.0,False,False,0,False,False,False,False,False,False,False,False,0,False,False,,Kitex Garments Ltd.,Textiles,EQ,INE602G01020,SELL,Stage 4 takes precedence: the guide requires SELL regardless of RS.
KOTAKBANK,2026-09-29,406.0,0.028320974340455107,0.11074952044801312,-0.05795207835595251,0.021040695244808783,0.026096017203555925,389.7066345214844,-0.16412754200398894,Stage 3 — Topping,403.69901888978245,452.4189269358333,False,344.9045390549985,2.8420371413928818,0.8281777592842385,4755766874.621277,404.0539990234375,False,4.180930996600063,False,-10.260164677508488,True,True,True,False,False,False,False,False,390.32930419921877,398.983916015625,False,1.8358556759516846,2,1.2204880608272335,11.873691792663392,1.0775292607056135,False,429.1000061035156,0.018370209492783132,0.01870494643148277,False,5.689656675742771,54.0,True,True,4,True,False,False,True,True,False,True,False,4,False,False,,Kotak Mahindra Bank Ltd.,Financial Services,EQ,INE237A01036,REDUCE,Stage 3 with RS 54; the guide requires REDUCE when RS is 50 or higher.
KIMS,2026-09-29,769.9000244140625,-0.04413680210340731,0.20977371916808818,0.25390883455059043,0.09828819459923333,0.09473942882221946,749.4251708984375,0.5890349724826383,Stage 2 — Advancing,785.9882333792892,858.0,False,575.7999877929688,0.723788148331627,1.0299658391280473,325690512.1714233,785.8989978027344,True,2.7320744366083893,False,-10.26806242260344,True,False,True,True,False,False,False,False,749.2030004882813,721.2692498779297,True,2.635315355016939,2,1.2662426272071239,9.62014895099075,0.900603335959347,False,827.9500122070312,0.03483552890883048,0.036506782289869845,False,7.539938427349457,64.0,True,True,4,True,True,True,True,False,True,True,False,6,False,False,,Krishna Institute of Medical Sciences Ltd.,Healthcare,EQ,INE967H01025,HOLD,Stage 2 + RS 64; trend/leadership is adequate without a stronger entry trigger.
LTF,2026-09-29,271.04998779296875,-0.09362983160990568,0.08818067068466107,-0.08719782286525901,0.11844742009554898,-0.01356587906097206,291.0642105413943,0.029528958433266972,Stage 1 — Basing,309.4048988491881,338.6000061035156,False,232.5061628263369,2.731893857734396,0.4797972077605588,1677606109.2932816,309.4579968261719,True,-6.876222504717456,False,-19.949798314503198,False,False,True,True,True,True,False,False,291.0973176066081,291.90441078186035,True,3.54705278850432,2,1.7476207852522017,17.674909179199265,1.576525244557171,False,327.29998779296875,0.012264150391066863,0.014321103240890995,False,20.75262960091495,48.0,True,False,2,False,False,True,True,False,False,True,False,3,False,False,1.0,L&T Finance Ltd.,Financial Services,EQ,INE498L01015,AVOID,Stage 1 + RS 48; weak RS in a basing stage is AVOID.
LTTS,2026-09-28,3211.60009765625,-0.03334932817971059,0.015449839778524543,-0.2811865799343366,-0.19636216306499166,-0.10575951191604499,3399.0363619033606,-0.178578059949408,Stage 4 — Declining,3461.717644186581,4673.3032272251885,False,2976.4372238818078,0.4070002682269291,0.34566130974688813,152718387.40406495,3463.9619970703125,True,-5.514394207367401,False,-31.27772923129657,False,False,True,False,True,True,False,False,3395.7727766927082,3555.9649206542967,False,2.179375719283162,3,0.7786161849230675,14.859762675296656,0.31221442795451154,False,3708.0,0.14445746548253555,0.19592790201720264,False,15.456466784454603,28.0,True,False,1,False,False,False,False,False,False,False,False,0,False,False,,L&T Technology Services Ltd.,Information Technology,EQ,INE010V01017,SELL,Stage 4 takes precedence: the guide requires SELL regardless of RS.
LGEINDIA,2026-09-28,1730.699951171875,,,,,,1569.5835663259845,0.529717424200804,Stage 2 — Advancing,1622.819611194087,,False,,0.8854303658835354,2.2974371428675133,836695059.0888062,1623.7480029296876,False,10.264912827994554,False,,True,True,True,True,False,False,False,False,1569.6246712239583,1548.1345037841797,True,2.2204063392127007,2,1.3926753977298234,15.39600861378205,1.0353253802874796,False,1755.0,0.07784671841288407,,False,1.4040590231525263,,True,False,4,True,True,True,True,True,False,False,False,5,False,False,,LG Electronics India Ltd.,Consumer Durables,EQ,INE324D01010,WAIT,Stage 2 + RS unavailable; wait for a clearer entry trigger; no breakout setup is present.
LICHSGFIN,2026-09-29,548.5,-0.0022060751060374306,0.10564758939793761,0.03853919369606795,-0.013552665231627792,0.025244393530060586,528.3921797356638,0.49285372444272113,Stage 2 — Advancing,529.4423738367417,586.4255760885916,False,449.86740023054796,1.0628492838482366,2.1884899818162706,1916740225.926642,529.2751849365235,False,3.805472721870218,False,-6.467244546452411,True,True,True,True,False,False,False,False,528.4780934651693,525.1342204284668,True,2.8004962867988183,3,0.950049222719847,16.215051475367353,1.0912827995703354,False,579.4000244140625,0.024817881543821547,0.025656417299230884,False,5.6335504856996454,54.0,True,True,5,True,True,True,True,True,False,True,False,6,False,False,,LIC Housing Finance Ltd.,Financial Services,EQ,INE115A01026,HOLD,Stage 2 + RS 54; trend/leadership is adequate without a stronger entry trigger.
LTFOODS,2026-09-28,408.5,0.0620426909214451,0.1001357568481267,0.023997649944193844,-0.01245500588363313,0.047152756550315526,403.39968579436004,0.1340534426232054,Stage 2 — Advancing,420.80090212354474,489.53692311570376,False,331.4688100886702,0.29327689781093547,1.377796779935003,194339932.62228698,421.5281872558594,True,1.2643327164711504,False,-16.55379181613853,True,False,True,True,False,False,False,False,403.46564615885416,399.3426168823242,True,2.841704200941214,3,0.6277710590939531,25.005095868248155,0.2280509766503195,False,489.53692311570376,0.018374290962526907,0.019708171202087985,False,19.837680077283657,58.0,True,True,4,True,True,True,True,False,False,True,False,5,False,False,,LT Foods Ltd.,Fast Moving Consumer Goods,EQ,INE818H01020,HOLD,Stage 2 + RS 58; trend/leadership is adequate without a stronger entry trigger.
LTM,2026-09-29,3936.0,0.06779520244245263,-0.05045642344108425,-0.33889982303253896,-0.22364635788556397,-0.09548243989485639,4216.9509509858635,-0.8262193934683637,Stage 4 — Declining,4412.427456724878,6344.474916122625,False,3528.0,2.426267118817426,0.40219539515552344,1755591140.0225098,4419.73400390625,True,-6.662419227811533,False,-37.96176906621841,False,False,True,False,True,True,False,False,4221.586219075521,4604.000970458985,False,3.4295147442789995,2,0.5584384374628336,19.30309177673969,1.0003081090039152,False,4850.0,0.17809148907289263,0.2704860136237232,False,23.221544715447152,30.0,True,False,1,False,False,False,False,False,False,False,False,0,False,False,,LTM Ltd.,Information Technology,EQ,INE214T01019,SELL,Stage 4 takes precedence: the guide requires SELL regardless of RS.
LT,2026-09-29,3749.10009765625,-0.0998991832672359,0.06218085424266029,-0.06263921485492352,0.026385165548678646,-0.034774312319611284,3924.7124521683672,-0.671994538495424,Stage 4 — Declining,3956.6490119485293,4397.052414797838,False,3256.294765660181,1.7631564578432386,0.5394207057865275,5504543355.682898,3958.849990234375,True,-4.474527921532012,False,-14.736060797478089,False,False,True,False,True,True,False,False,3931.144033203125,3951.5475134277344,False,1.7268913434751147,1,0.6414481015426022,9.824735749556082,0.9049263952474964,False,4125.2998046875,0.16963486256984978,0.18630503379242058,False,10.034400182231229,44.0,True,False,1,False,False,False,True,False,False,True,False,2,False,False,,Larsen & Toubro Ltd.,Construction,EQ,INE018A01030,SELL,Stage 4 takes precedence: the guide requires SELL regardless of RS.
LATENTVIEW,2026-09-29,235.5,-0.15862806311065825,-0.09562209861795445,-0.4890431696276134,-0.41417910447761197,-0.26322009978889926,290.64625777679237,-2.4124091085235166,Stage 4 — Declining,276.9431364770029,517.5,False,234.25,1.6705085014298133,0.3938824378797906,124448977.21373062,276.3739993286133,True,-18.973668609606886,False,-54.492753623188406,False,False,False,False,True,True,False,False,291.5733326212565,326.2879999542236,False,2.600848331283648,2,0.9800245839724357,27.87869187072949,0.7351512728992615,False,324.79998779296875,0.010655626442242433,0.02135119358331008,False,37.919315411027064,5.0,True,False,0,False,False,False,False,False,False,False,False,0,False,False,,Latent View Analytics Ltd.,Information Technology,EQ,INE0I7C01011,SELL,Stage 4 takes precedence: the guide requires SELL regardless of RS.
LAURUSLABS,2026-09-29,1979.0,0.31906947649957385,0.9636898352323862,0.8318570651494721,1.3575775392161447,0.7582526785194301,1466.715716511214,4.41249035868907,Stage 2 — Advancing,1859.7254901960785,2055.300048828125,False,825.7458165032888,0.9233468424258768,1.363540330034938,3238931986.398346,1865.0560009765625,False,34.92730579769916,True,-3.7123557152460185,True,True,True,True,False,False,False,False,1458.9925520833333,1352.8978958129883,True,2.3327087741599293,1,0.564044379632209,24.34681129401893,0.7101089658004809,False,2055.300048828125,0.08954345957196506,0.09044109165525258,False,3.8554850342660485,97.0,True,True,5,True,True,True,True,True,True,True,True,8,True,False,,Laurus Labs Ltd.,Healthcare,EQ,INE947Q01028,WAIT,"Stage 2 + RS 97; wait because price is more than 20% above the 30-week line (currently +35%) — the guide treats that as poor entry timing, not a failed trend."
LXCHEM,2026-09-29,176.49000549316406,0.14672378978789213,0.5748298692210798,0.052762602692932425,-0.14041713789786858,0.1561245827183856,155.58389251086177,1.8810810914301923,Stage 2 — Advancing,177.2968630323223,216.4316077512647,False,107.41716450845627,0.5893612319106442,1.607814950150059,224668908.86181945,177.2122003173828,True,13.437196257859906,False,-18.454606826191377,True,False,True,True,False,False,False,False,155.04956110636394,154.47926372528076,False,4.022080217903154,3,0.805599970737125,20.510305410124126,0.795421903222234,False,203.8000030517578,0.007985611759339581,0.009314214254707858,False,15.473962665637476,73.0,True,True,4,True,True,False,True,False,True,True,True,6,False,False,,Laxmi Organic Industries Ltd.,Chemicals,EQ,INE576O01020,HOLD,Stage 2 + RS 73; trend/leadership is adequate without a stronger entry trigger.
IXIGO,2026-09-28,155.0800018310547,-0.1830585242838847,-0.1465052039861635,-0.3969278416802837,-0.4442572706861726,-0.2707614729840779,175.4626018576426,-0.7739754312795055,Stage 4 — Declining,174.16607725854013,339.1499938964844,False,151.27000427246094,0.6654816646528382,1.2912475003670028,228476197.45818633,173.65059875488282,True,-11.61649252364606,False,-54.27391873154852,False,False,False,False,False,False,False,False,175.2535991414388,188.00879913330078,False,3.5589899372197737,2,0.7661074360786924,25.705329868738357,1.2017992582247676,False,207.35000610351562,0.006975483662455336,0.014240062157543358,False,33.70518677798591,5.0,True,False,0,False,False,False,False,False,False,False,False,0,False,False,,Le Travenues Technology Ltd.,Consumer Services,EQ,INE0HV901016,SELL,Stage 4 takes precedence: the guide requires SELL regardless of RS.
THELEELA,2026-09-28,547.9000244140625,0.13225879587687905,0.34884295408344257,0.26040949856959816,0.3062343747021543,0.23600088382179063,466.9968768225776,1.475799001845468,Stage 2 — Advancing,524.2890032958984,582.8499755859375,False,384.5,0.7419990749318416,0.5604785454807604,184191292.35731506,524.2890032958984,False,17.324130332936207,False,-5.996388888365301,True,True,True,True,True,True,False,False,465.9500016276042,456.06950134277344,True,3.310693582331764,3,0.6604678402627197,20.897313699039543,0.3722062500472173,False,582.8499755859375,0.02464449073919114,0.024650918211160826,True,6.378892063246644,80.0,True,True,5,True,True,True,True,True,True,True,True,8,True,True,,Leela Palaces Hotels & Resorts Ltd.,Consumer Services,EQ,INE0AQ201015,REDUCE,Stage 2 + RS 80; distribution warning (U/D 0.56) triggers REDUCE.
LEMONTREE,2026-09-28,103.81999969482422,-0.1325925509471948,-0.010484164061362655,-0.3574699930788672,-0.3740504080985475,-0.20143793342663338,111.42664394639942,-0.8073435642025117,Stage 4 — Declining,108.09647070192823,174.1999969482422,False,99.61000061035156,0.9061019961932213,0.9775876879660803,233372000.3345558,108.02580017089844,True,-6.826593696238669,False,-40.40183610010571,False,False,False,False,False,False,False,False,111.51133341471355,119.09555000305176,False,1.9828274059181927,2,1.2002521276907285,12.793916850547957,0.7516763049261542,False,115.68000030517578,0.004669813664925716,0.00752311396147235,False,11.423618421511916,10.0,True,False,0,False,False,False,False,False,False,False,False,0,False,False,,Lemon Tree Hotels Ltd.,Consumer Services,EQ,INE970X01018,SELL,Stage 4 takes precedence: the guide requires SELL regardless of RS.
LENSKART,2026-09-29,674.5999755859375,,,,,,555.1329962282765,2.2641701717156737,Stage 2 — Advancing,632.5696135876226,,False,,0.6413992596362963,1.027219643261223,5688011651.05809,634.2400061035156,False,21.520424865636144,True,,True,True,True,True,False,False,False,False,554.4010032145183,529.4882525634765,True,3.215663083236875,2,2.081600515372088,24.78620858028017,1.2685999732465902,False,725.0,0.030523504619064182,,False,7.471097871043719,,True,False,4,True,True,True,True,True,False,False,False,5,False,False,,Lenskart Solutions Ltd.,Consumer Services,EQ,INE956O01016,WAIT,"Stage 2 + RS unavailable; wait because price is more than 20% above the 30-week line (currently +22%) — the guide treats that as poor entry timing, not a failed trend."
LICI,2026-09-29,390.0,-0.09565217391304348,0.04262276303941337,-0.05220049782850833,-0.10811223328640396,-0.06179886318031719,404.3770888970823,-0.36935104566209187,Stage 4 — Declining,410.8382346957338,457.74492274879265,False,352.4872671490231,0.841408197866874,0.5401415053200148,2735000987.9308395,410.4609991455078,True,-3.5553668325510324,False,-14.799710358769092,False,False,True,False,True,True,False,False,404.7417508951823,407.0258644104004,False,2.3205136030148235,2,0.7708674246185314,10.526314672254786,0.7449737464987995,False,431.29998779296875,0.0176462603502104,0.019348206075778064,False,10.589740459735575,38.0,True,False,1,False,False,False,True,False,False,True,False,2,False,False,,Life Insurance Corporation of India,Financial Services,EQ,INE0J1Y01017,SELL,Stage 4 takes precedence: the guide requires SELL regardless of RS.
LINDEINDIA,2026-09-28,6191.0,-0.11678424841557555,-0.12875819831864033,0.041218792079024125,-0.01828410972308603,-0.06787840255877067,6939.498565255779,-0.5544588242483162,Stage 4 — Declining,6570.191099877451,8035.3727195912315,False,5663.395514756716,1.4379058192171401,1.6305177247834748,136069763.9,6561.901826171875,True,-10.786061243723166,False,-22.95316949137186,False,False,False,False,False,False,False,False,6933.957503255208,6727.922749023437,True,2.240579643260955,2,1.103550668797342,17.55287940284851,0.7923426660286667,False,7307.107824221752,0.27847058836965505,0.3503575691914487,False,18.02790864515833,36.0,True,False,0,False,True,True,False,False,False,True,False,3,False,False,,Linde India Ltd.,Chemicals,EQ,INE473A01011,SELL,Stage 4 takes precedence: the guide requires SELL regardless of RS.
LLOYDSENGG,2026-09-29,102.19000244140625,0.1763407942146955,1.6247706626071068,0.8217075819047699,0.7612762691615296,0.7120872204205595,72.9227186449531,3.616196477256328,Stage 2 — Advancing,88.43738914938534,103.44999694824219,True,37.297425311917706,3.9295746009269887,2.568355066590472,1019661483.8599873,88.38773803710937,False,40.13465808776277,True,-1.217974426298274,True,True,True,True,False,False,True,True,72.43572586059571,67.21056087493896,True,4.156822177912276,2,2.8413100352178233,24.91058231346259,1.7846683527582121,False,103.44999694824219,0.0046237727904351045,0.0046237727904351045,True,1.2329919529636912,96.0,True,True,5,True,True,True,True,True,True,True,True,8,True,False,,Lloyds Engineering Works Ltd.,Capital Goods,EQ,INE093R01011,WAIT,"Stage 2 + RS 96; wait because price is more than 20% above the 30-week line (currently +40%) — the guide treats that as poor entry timing, not a failed trend."
LLOYDSENT,2026-09-28,76.33000183105469,0.04389552202987668,0.7930006898895738,0.2217183386471293,0.2087645501995059,0.26225492455919247,68.48017674276274,1.7326446187703404,Stage 2 — Advancing,75.6749023736692,84.69999694824219,False,40.66239061884169,0.7194062964725966,1.4347828884721958,201634509.2302517,75.5438003540039,False,11.462915929348206,False,-9.881930836788777,True,True,True,True,False,False,False,False,68.07387463887532,66.08689956665039,True,3.961182944940221,2,2.039018718539336,22.184172329563193,0.8261905369779574,False,84.69999694824219,0.003433316188039193,0.0035260937311646736,False,10.96553768688917,82.0,True,True,5,True,True,True,True,True,True,True,True,8,True,False,,Lloyds Enterprises Ltd.,Metals & Mining,EQ,INE080I01025,HOLD,Stage 2 + RS 82; trend/leadership is adequate without a stronger entry trigger.
LLOYDSME,2026-09-29,1902.199951171875,0.05344187994100169,0.4889593781672281,0.3718731710202987,0.5153955954124698,0.29662238089640003,1715.4052153087798,2.4506388102841115,Stage 2 — Advancing,1895.2137259689032,2125.0,False,1042.2770517704853,0.9764107797672434,1.3189516193338378,599178311.9841309,1894.39,False,10.889248452557098,False,-10.484708180147063,True,True,True,True,False,False,False,False,1706.0768489583334,1589.7742333984374,True,2.4392817204189883,2,0.6461677647911505,18.070588235294117,0.7288888603024558,False,2125.0,0.08606850147829849,0.08861298601921899,False,11.71275652125141,85.0,True,True,5,True,True,True,True,True,True,True,True,8,True,False,,Lloyds Metals And Energy Ltd.,Metals & Mining,EQ,INE281B01032,HOLD,Stage 2 + RS 85; trend/leadership is adequate without a stronger entry trigger.
LODHA,2026-09-29,1106.5999755859375,0.18193560146592214,0.5859577332406687,0.04300517932027281,-0.03878853811624006,0.19080911547530915,1006.9235291772959,0.5976643669232562,Stage 2 — Advancing,1198.2318952971814,1340.2415520455131,False,648.5216337409466,4.224165235992155,0.7176470330870467,2103626963.5890625,1198.3014794921876,True,9.899107878637214,False,-17.432796058515386,True,False,True,True,False,False,False,False,1006.8628564453124,1017.4944873046875,True,3.4042500584136923,2,0.6373153127930556,21.842447102070743,0.9452270697739178,False,1340.2415520455131,0.050070131468528005,0.05617112103836807,False,21.1134630050813,76.0,True,True,4,True,False,True,True,False,True,True,True,6,False,False,,Lodha Developers Ltd.,Realty,EQ,INE670K01029,HOLD,Stage 2 + RS 76; trend/leadership is adequate without a stronger entry trigger.
LUMAXTECH,2026-09-28,2032.0,0.31616217514198675,0.2671578085012718,0.34330758427192976,0.5699680887836343,0.3625515663681619,1699.0109236207727,1.4493440455847661,Stage 2 — Advancing,1866.5619973575367,2190.0,False,1116.3719883205647,0.2819044533693323,0.6380964870971011,277632886.4332825,1874.8635791015624,False,19.598995612670468,False,-7.214611872146115,True,True,True,True,True,False,False,False,1699.5370166015625,1657.6291662597657,True,3.9472002816817087,1,0.9480495526203122,34.914712409936364,0.5261586939890088,False,2190.0,0.09139916581604572,0.09284817957556704,False,7.775590551181111,88.0,True,True,5,True,True,True,True,True,True,True,True,8,True,False,,Lumax Auto Technologies Ltd.,Automobile and Auto Components,EQ,INE872H01027,REDUCE,Stage 2 + RS 88; distribution warning (U/D 0.64) triggers REDUCE.
LUPIN,2026-09-29,2052.10009765625,-0.14208303504155262,-0.11470821156545485,-0.007262287892923158,0.06920102892797786,-0.06738710812270109,2282.8458824936224,-0.4695850240091448,Stage 4 — Declining,2222.2372568167893,2523.699951171875,False,1886.322723198068,1.0658957850384727,0.2959227586738171,1324898453.120166,2216.3860009765626,True,-10.107812647664227,False,-18.68684323176527,False,False,False,False,True,True,False,False,2282.972333984375,2249.078184814453,True,1.8608118241782403,2,0.7541996131266852,18.49699398797595,0.7329316009051209,False,2495.0,0.09285100663572915,0.11190751564979398,False,21.582763084977973,36.0,True,False,0,False,True,True,False,False,False,True,False,3,False,False,,Lupin Ltd.,Healthcare,EQ,INE326A01037,SELL,Stage 4 takes precedence: the guide requires SELL regardless of RS.
MMTC,2026-09-28,56.400001525878906,-0.17820189737702452,0.02248008850429639,-0.12204228827212138,-0.13906274329539758,-0.11900574756345432,63.236780636931115,-0.32366904616801806,Stage 4 — Declining,62.4054900524663,78.3499984741211,False,50.099998474121094,0.4173863914236181,0.9062997474532583,81784054.07086639,62.38039985656738,True,-10.811396535672845,False,-28.015312540806548,False,False,False,False,False,False,False,False,63.19746650695801,63.35594993591309,True,2.6532431389995064,2,1.5383298177610123,16.98727884860495,0.40438501510627817,False,67.58000183105469,0.0025368666788824004,0.003293437165911991,False,19.82269504025791,25.0,True,False,0,False,False,True,False,False,False,False,False,1,False,False,,MMTC Ltd.,Services,EQ,INE123F01029,SELL,Stage 4 takes precedence: the guide requires SELL regardless of RS.
MOIL,2026-09-29,243.9600067138672,-0.1288697827252956,-0.11416117603268594,-0.3097903351946528,-0.3119455500915145,-0.19872732535388887,282.61489837023674,-1.4043065999115756,Stage 4 — Declining,259.95862713982075,398.6210131186603,False,234.05999755859375,0.33503413498484846,0.9735134827749702,128901566.7364647,259.7347998046875,True,-13.677584543235977,False,-38.799009915404056,False,False,False,False,False,False,False,False,283.1149337768555,295.8087624359131,False,2.4875269106454394,4,0.430109144194166,23.133005727883827,0.327981141710872,False,304.5,0.011038414855158916,0.01674616854939135,False,24.815540096757836,11.0,True,False,0,False,False,False,False,False,False,False,False,0,False,False,,MOIL Ltd.,Metals & Mining,EQ,INE490G01020,SELL,Stage 4 takes precedence: the guide requires SELL regardless of RS.
MRF,2026-09-28,123425.0,-0.04561613439375711,-0.045800304915797896,-0.17683911723206525,-0.16762373288173926,-0.09629908476342333,130455.34680008562,-1.0769392319857851,Stage 4 — Declining,130722.64705882352,163308.50228634744,False,121787.43505408362,0.4130019120458891,0.316085878095393,412130518.75,130681.1,True,-5.389082910384024,False,-24.422183614430036,False,False,True,False,True,True,False,False,130810.11317708333,134652.12546875,False,1.2694233050724848,2,1.3019459216658242,9.282032400589102,0.7305072581816902,False,135800.0,5.551644705140474,6.819603123270115,False,10.026331780433463,30.0,True,False,1,False,False,False,False,False,False,True,False,1,False,False,,MRF Ltd.,Automobile and Auto Components,EQ,INE883A01011,SELL,Stage 4 takes precedence: the guide requires SELL regardless of RS.
MSTCLTD,2026-09-28,710.4000244140625,0.11009288324915012,0.8855416407130239,0.42951683836283205,0.510075913814882,0.4090640318778077,557.0030772588025,3.420692671616399,Stage 2 — Advancing,671.438949285769,795.731978165477,False,357.9805560549056,0.4188293448450043,1.3339215579954986,213223474.4892273,672.7123046875,False,27.53969473744695,True,-10.723705480348212,True,True,True,True,False,False,False,False,554.1129897054036,532.6910791015625,True,4.485908459141255,1,1.6109564782861614,29.192548000899972,0.6407180124934708,False,795.731978165477,0.031953725210208575,0.033537662637418066,False,12.01181740130095,89.0,True,True,5,True,True,True,True,True,True,True,True,8,True,False,,MSTC Ltd.,Services,EQ,INE255X01014,WAIT,"Stage 2 + RS 89; wait because price is more than 20% above the 30-week line (currently +28%) — the guide treats that as poor entry timing, not a failed trend."
MTARTECH,2026-09-28,7072.5,-0.1133329154391024,0.977491961414791,1.9541371335825763,2.7639701969132515,1.093786692206483,6258.001372872966,3.78542014407679,Stage 2 — Advancing,6763.166666666667,8714.0,False,1824.5,0.6675464284036147,0.9876381520415424,761044787.8,6783.55,False,13.015315571161468,False,-18.837502868946522,True,True,True,True,False,False,False,False,6190.660668945313,5349.643001708984,True,4.451345755693581,3,0.6828654574616995,34.62555066079295,0.6468113262180408,False,7945.0,0.31812037413089733,0.36184012766427875,False,12.336514669494525,98.0,True,True,5,True,True,True,True,True,True,True,True,8,True,False,,MTAR Technologies Ltd.,Capital Goods,BE,INE864I01014,HOLD,Stage 2 + RS 98; trend/leadership is adequate without a stronger entry trigger.
MGL,2026-09-28,1048.800048828125,-0.09263511961495097,0.13357879032083564,-0.05243895969746937,-0.1298393096702436,-0.04679394365535586,1078.771953714305,-0.41409935640635,Stage 4 — Declining,1090.4182966643689,1300.4366683282476,False,885.652283987356,0.5195192728342538,1.1699543230517735,145044438.08479613,1090.7564819335937,True,-2.7783355678634547,False,-19.35016334348749,False,False,True,False,False,False,False,False,1082.0499092610678,1080.7859185791015,False,2.1875344494956055,2,0.6311851267384534,11.26832225315253,0.5025509895385534,False,1173.199951171875,0.04717492596984185,0.05547577938873658,False,11.86116481237276,41.0,True,False,1,False,True,False,True,False,False,True,False,3,False,False,,Mahanagar Gas Ltd.,Oil Gas & Consumable Fuels,EQ,INE002S01010,SELL,Stage 4 takes precedence: the guide requires SELL regardless of RS.
MAHSCOOTER,2026-09-28,12804.0,0.04094436952397107,0.11284423783179287,-0.0794759218284814,-0.25483397853065515,-0.02791538469588031,12635.206468370227,-0.11836086894976283,Stage 3 — Topping,13159.78740234375,17800.419998666428,False,10721.758704587743,0.5141511449584321,0.7164188567986558,43906281.142626956,13159.78740234375,True,1.3358984837510635,False,-28.069112970597043,True,False,True,False,False,False,False,False,12655.804680989584,12881.590532226563,False,2.6899258384886555,1,0.6286464402922629,13.076106510242944,0.9259126649817466,False,13960.385072931915,0.5759226964117369,0.7601892699446738,False,9.031436058512288,46.0,False,False,2,False,False,False,True,False,False,False,False,1,False,False,,Maharashtra Scooters Ltd.,Financial Services,EQ,INE288A01013,SELL,Stage 3 + RS 46; RS below 50 in Stage 3 triggers SELL.
MAHSEAMLES,2026-09-28,714.3499755859375,0.15417905474335836,0.28745220555436934,0.3158311307083215,0.21529177766344243,0.22538664468257003,612.5575302333048,2.0154789456858113,Stage 2 — Advancing,634.2124202952665,738.5999755859375,False,493.1502386104819,0.7652549836817485,2.570978059127668,301280165.5464508,635.3789953613282,False,16.617613910298857,False,-3.283238667962629,True,True,True,True,False,False,False,False,610.7305578613282,590.3859207153321,True,3.6116745844520577,1,1.8234014841169168,25.697494843110196,1.0794317023332634,False,738.5999755859375,0.03213139363645045,0.03213139363645045,True,3.3946945935161787,79.0,True,True,5,True,True,True,True,True,True,True,True,8,True,False,,Maharashtra Seamless Ltd.,Capital Goods,EQ,INE271B01025,HOLD,Stage 2 + RS 79; trend/leadership is adequate without a stronger entry trigger.
M&MFIN,2026-09-29,328.04998779296875,0.06350903481997783,0.11088166839007063,-0.13190796507973224,0.22890910635295336,0.06698017586064949,329.2052421310321,-0.472538768500641,Stage 4 — Declining,372.61960796281403,415.0,False,263.56995824155,0.45289994373841186,0.6060793529824794,618397869.3578598,373.075,True,-0.3509222181837357,False,-20.95181017036898,False,False,True,False,True,False,False,False,330.0486922200521,338.52268112182617,True,2.7543711696208613,2,0.6174510216696935,21.614460772778614,0.3726291450404152,False,415.0,0.014843219211482229,0.017364971922881205,False,26.505110636341534,61.0,True,True,2,False,False,True,True,False,False,True,False,3,False,False,,Mahindra & Mahindra Financial Services Ltd.,Financial Services,EQ,INE774D01024,SELL,Stage 4 takes precedence: the guide requires SELL regardless of RS.
M&M,2026-09-29,2947.800048828125,-0.036936196944980404,-0.02056481554637979,-0.17074797101193473,-0.1285344631653509,-0.07874392872272525,3148.6032299638605,-0.7876014321954838,Stage 4 — Declining,3251.1647087545957,3799.9943064302024,False,2865.903724597869,1.575737901166011,0.32174904222641265,5887976228.928149,3252.15400390625,True,-6.377532082314485,False,-22.426198275087607,False,False,True,False,True,True,False,False,3154.067810872396,3254.6425598144533,False,1.8563476898649556,3,0.5915119408992705,16.601596577141073,1.047851801661054,False,3534.60009765625,0.13337858236406158,0.15666059847180125,False,19.90637217953106,34.0,True,False,1,False,False,False,False,False,False,True,False,1,False,False,,Mahindra & Mahindra Ltd.,Automobile and Auto Components,EQ,INE101A01026,SELL,Stage 4 takes precedence: the guide requires SELL regardless of RS.
MANAPPURAM,2026-09-29,316.45001220703125,0.0060527514764654455,0.2516727400853236,0.0254505603003774,0.12815028957075292,0.08347581858187697,312.8970214428545,0.40991720155239,Stage 2 — Advancing,343.6562416226256,380.45671483079525,False,244.06078978586396,1.676071347028283,1.1664052722159874,1432979981.2901108,343.51452392578125,True,1.135514409115479,False,-16.82364908508197,True,False,True,True,False,False,False,False,312.43255859375,309.29859970092775,True,3.0370406771616327,3,0.7630892590724703,18.900107222396215,0.8124880295656619,False,380.45671483079525,0.014318357187775722,0.015805066337803163,False,20.22648132555256,62.0,True,True,4,True,True,True,True,False,False,True,False,5,False,False,,Manappuram Finance Ltd.,Financial Services,EQ,INE522D01027,HOLD,Stage 2 + RS 62; trend/leadership is adequate without a stronger entry trigger.
MRPL,2026-09-29,171.64999389648438,0.1505462235239201,-0.030773642118598787,0.21538938418240305,0.30692199923298924,0.15852603766892676,168.3381241778938,-0.8853564638753086,Stage 3 — Topping,171.28294163124235,212.0,False,128.94954722502166,1.3956457714421637,1.4186820033911938,1835616598.265889,171.18240051269532,False,1.9673913647099361,False,-19.033021746941337,True,True,True,False,False,False,False,False,168.84882517496746,166.6720391845703,True,4.058092588692039,2,0.6374357145298237,17.14434337826579,0.4409267357929698,False,191.89999389648438,0.007766616618998434,0.009617745955988098,False,11.797262289570497,73.0,True,True,4,True,True,True,True,True,True,True,True,8,True,False,,Mangalore Refinery & Petrochemicals Ltd.,Oil Gas & Consumable Fuels,EQ,INE103A01014,REDUCE,Stage 3 with RS 73; the guide requires REDUCE when RS is 50 or higher.
MANKIND,2026-09-28,2435.60009765625,-0.010843500240590997,0.19462430808563114,0.11062475953317374,-0.019050226166125728,0.052902368194299436,2348.588270305765,0.8441352446990624,Stage 2 — Advancing,2416.7294012331495,2642.0,False,1909.699951171875,0.9660290836288739,1.5715566684765998,919645730.4462891,2413.74798828125,False,3.7048565919626686,False,-7.812259740490157,True,True,True,True,False,False,False,False,2342.1973274739585,2292.573497314453,True,2.3097852741962366,2,1.2709465038381087,15.897047691143074,1.4970490486236232,False,2642.0,0.10955305963939997,0.11444249673421647,False,8.47429356495617,59.0,True,True,5,True,True,True,True,True,False,True,False,6,False,False,,Mankind Pharma Ltd.,Healthcare,EQ,INE634S01028,HOLD,Stage 2 + RS 59; trend/leadership is adequate without a stronger entry trigger.
MANORAMA,2026-09-28,1865.0999755859375,0.18577432374561575,0.5433996777011869,0.41865568231113426,0.32807734348006545,0.3323362701967236,1570.4126101977204,2.2108345217302316,Stage 2 — Advancing,1818.7008583218444,2148.6752714346185,False,1060.1930872125888,0.21881523852509152,1.3842122076233516,442808018.5985352,1823.0651611328126,False,18.76496428229235,False,-13.197680432155046,True,True,True,True,False,False,False,False,1566.5716748046875,1508.1658532714844,True,3.0341097508822603,2,1.6723092776647561,27.32728742313141,0.26288373092702155,False,2148.6752714346185,0.08389201866736315,0.09227353724830674,False,15.204294652333218,86.0,True,True,5,True,True,True,True,True,True,True,True,8,True,False,,Manorama Industries Ltd.,Fast Moving Consumer Goods,EQ,INE00VM01036,HOLD,Stage 2 + RS 86; trend/leadership is adequate without a stronger entry trigger.
MARICO,2026-09-29,787.1500244140625,-0.05857532924620201,0.0650544015997454,0.04999290868024753,0.1317441526792853,0.025928160893374838,811.2132576663478,0.19592269768431425,Stage 1 — Basing,838.8643032896753,889.0999755859375,False,688.1530394845844,0.9791123454298388,0.5227538313404704,1198384386.7041106,838.6482995605469,True,-2.966326428331434,False,-11.466646493234645,False,False,True,True,True,True,False,False,810.9211348470052,796.0875994873047,True,1.9813786424668647,1,0.9522808630391877,11.466646493234647,0.9241741316070828,False,889.0999755859375,0.03561603657816671,0.038037339301649396,False,12.951781491433522,54.0,True,True,3,False,True,True,True,False,False,True,False,4,False,False,2.0,Marico Ltd.,Fast Moving Consumer Goods,EQ,INE196A01026,WATCH,Stage 1 + RS 54; adequate RS in a basing stage remains WATCH.
MARKSANS,2026-09-29,342.75,0.3048441468998073,1.107529839714886,0.9331569413548308,1.0662256626512452,0.7433201475041153,245.63792855398995,4.31905661844727,Stage 2 — Advancing,306.59132953718597,350.95001220703125,True,154.57339337516265,1.27295067577288,1.7485584607142297,816828141.7343826,307.53148498535154,False,39.5346402803854,True,-2.336518570113033,True,True,True,True,False,False,False,False,244.22617411295573,227.39277893066406,True,3.8710026265532202,2,1.1055918990729072,31.90186573542455,0.6438744901217411,False,350.95001220703125,0.015508348038550291,0.015508348038550291,True,2.3924178576312904,97.0,True,True,5,True,True,True,True,True,True,True,True,8,True,False,,Marksans Pharma Ltd.,Healthcare,EQ,INE750C01026,WAIT,"Stage 2 + RS 97; wait because price is more than 20% above the 30-week line (currently +40%) — the guide treats that as poor entry timing, not a failed trend."
MARUTI,2026-09-29,11877.0,-0.10555609855435577,-0.0316989555813354,-0.2747986056534717,-0.2494819150045634,-0.1534183346696164,13205.678704294218,-1.3356717185992184,Stage 4 — Declining,13180.911439185049,17197.28603290768,False,11831.0,1.4342477286915551,0.41035250637974524,4498633827.95,13175.29361328125,True,-10.061419288219986,False,-30.93677701660078,False,False,False,False,True,True,False,False,13239.50623046875,13847.952749023438,False,1.5889053272230842,3,0.5772649722416011,17.245017642432106,0.9283548148319335,False,14296.420182751766,0.5373964978960228,0.7130239895045918,False,20.370633853260635,18.0,True,False,0,False,False,False,False,False,False,False,False,0,False,False,,Maruti Suzuki India Ltd.,Automobile and Auto Components,EQ,INE585B01010,SELL,Stage 4 takes precedence: the guide requires SELL regardless of RS.
MASTEK,2026-09-28,1555.9000244140625,-0.0038700469510573043,0.12271311842474741,-0.2655525510111181,-0.27243842294234166,-0.0846035898861654,1638.2939336071277,-0.23529975658801439,Stage 4 — Declining,1716.3474408318016,2339.8013183845087,False,1322.9728365112476,0.18765653599189627,1.1031518811994019,187369648.58779907,1716.083935546875,True,-5.029250704216038,False,-33.50289991765979,False,False,True,False,False,False,False,False,1636.6479825846354,1729.3427459716797,False,3.0157104118735645,2,0.8229384861078356,21.459660326833898,0.46830068599965746,False,1929.327088644918,0.06998423441171776,0.09633255277531588,False,24.000710737920627,32.0,True,False,1,False,False,False,False,False,False,False,False,0,False,False,,Mastek Ltd.,Information Technology,EQ,INE759A01021,SELL,Stage 4 takes precedence: the guide requires SELL regardless of RS.
MFSL,2026-09-28,1444.0,-0.10388483422974537,-0.07263501211178036,-0.13636363636363635,-0.06573497489052493,-0.09650065836508648,1591.1698650203339,-1.457579603640946,Stage 4 — Declining,1524.5058833103553,1892.5,False,1360.0999755859375,0.48478178964086943,0.5127870531225636,1790569237.5832152,1524.1340014648438,True,-9.249161152159779,False,-23.698811096433293,False,False,False,False,True,True,False,False,1597.8513354492188,1622.8125,False,3.7410970068185474,1,3.554725922894224,15.253289619551207,2.88576914997771,False,1604.9000244140625,0.06495098200707186,0.0796254649129504,False,11.142660970502938,30.0,True,False,0,False,False,False,False,False,False,True,False,1,False,False,,Max Financial Services Ltd.,Financial Services,EQ,INE180A01020,SELL,Stage 4 takes precedence: the guide requires SELL regardless of RS.
MAXHEALTH,2026-09-29,982.0999755859375,-0.1444079559557473,0.008968693659573201,-0.07542023960302668,-0.1152470422322085,-0.09410290001743131,1030.3948248000372,-0.31027573451287704,Stage 4 — Declining,1039.3666669060203,1219.732372328196,False,901.3980430128952,1.429314201562017,0.8420005254843494,1895038706.0437531,1038.1459997558593,True,-4.6870236584769405,False,-19.482339087932175,False,False,True,False,False,False,False,False,1031.6810184733074,1032.8355932617187,False,2.12009256583131,1,1.424079138695378,14.253017073186196,0.9498035442570155,False,1135.9000244140625,0.04443690220288392,0.05091284492181809,False,15.660325084150962,30.0,True,False,1,False,False,False,True,False,False,True,False,2,False,False,,Max Healthcare Institute Ltd.,Healthcare,EQ,INE027H01010,SELL,Stage 4 takes precedence: the guide requires SELL regardless of RS.
MAZDOCK,2026-09-29,2087.10009765625,-0.14546843258114006,-0.03330339343815347,-0.17338046617263436,-0.2359528810490572,-0.14671472116442502,2438.3044965056333,-0.31261663832633513,Stage 4 — Declining,2403.6260531556372,2908.9741195159227,False,2053.692522278021,0.9916351532225385,0.32596914993622916,1334851758.188208,2404.701416015625,True,-14.40363167736839,False,-28.253053760287127,False,False,False,False,True,True,False,False,2434.22041015625,2431.7086291503906,False,2.78102757535452,2,1.5050866440574595,21.44308719894676,0.9134768100971858,False,2656.800048828125,0.09443464538510701,0.12423806307654962,False,27.296244766201227,20.0,True,False,0,False,True,False,False,False,False,False,False,1,False,False,,Mazagoan Dock Shipbuilders Ltd.,Capital Goods,EQ,INE249Z01020,SELL,Stage 4 takes precedence: the guide requires SELL regardless of RS.
MEDPLUS,2026-09-28,653.0,-0.2179640718562874,-0.2111144669284204,-0.19862548988794582,-0.17016141855347688,-0.20316590381648358,794.5158645103718,-1.589662225190125,Stage 4 — Declining,680.9323538985907,1022.2000122070312,False,645.0,0.49795855234419817,1.545988585469022,65033410.65166931,678.5250012207031,True,-17.81158449209599,False,-36.1181772449691,False,False,False,False,False,False,False,False,796.1740022786458,803.3240014648437,False,1.8491576000105967,4,0.23503305959609777,19.671213625476064,0.3852055742463965,False,802.9500122070312,0.029371877597380833,0.04220823098299065,False,22.963248423741376,10.0,True,False,0,False,False,False,False,False,False,False,False,0,False,False,,Medplus Health Services Ltd.,Consumer Services,EQ,INE804L01022,SELL,Stage 4 takes precedence: the guide requires SELL regardless of RS.
MEESHO,2026-09-29,223.2100067138672,,,,,,183.89775469513978,2.367076318546668,Stage 2 — Advancing,203.36333390778185,,False,,1.7635395510175182,1.7895891381943774,5747306046.82967,203.5990005493164,False,21.3772332804705,True,,True,True,True,True,False,False,False,False,183.41613301595052,180.43269950866699,False,4.65640859892656,2,1.4166412781800237,29.10844320265977,2.5876946707143875,False,244.74000549316406,0.0100995433108849,,False,9.64562435899039,,True,False,4,True,True,False,True,True,False,False,False,4,False,False,,Meesho Ltd.,Consumer Services,EQ,INE0VDM01015,WAIT,"Stage 2 + RS unavailable; wait because price is more than 20% above the 30-week line (currently +21%) — the guide treats that as poor entry timing, not a failed trend."
METROPOLIS,2026-09-28,572.2999877929688,0.05328059907578386,0.33108201484132627,0.19558011289240218,0.14090741592138278,0.1548261483613358,529.5141093632947,1.4272227874681853,Stage 2 — Advancing,576.0147070791207,609.0499877929688,False,411.4375158286193,0.3777959518886919,0.6831955463269774,115597151.47073059,576.0600012207032,True,8.08021498825051,False,-6.0339874782974645,True,False,True,True,True,False,False,False,527.9943505859375,515.4307884216308,True,2.772647077612554,1,1.021885288205936,11.895577318631982,0.6592427447949165,False,609.0499877929688,0.025741998760241382,0.02622529430330212,False,6.4214574146198355,72.0,True,True,4,True,True,True,True,False,True,True,True,7,False,False,,Metropolis Healthcare Ltd.,Healthcare,EQ,INE112L01020,REDUCE,Stage 2 + RS 72; distribution warning (U/D 0.68) triggers REDUCE.
MINDACORP,2026-09-28,673.0,0.00493241533780675,0.2743653300223785,0.16022773917342947,0.18053628250991505,0.1249988364762673,621.6277301656788,1.157004041789933,Stage 2 — Advancing,702.6753767424939,769.0,False,467.97365403461544,0.2960166472765357,0.4449162829366224,101187300.9619873,703.2190795898438,True,8.264153502391093,False,-12.48374512353706,True,False,True,True,True,True,False,False,619.9537166341146,609.303480834961,True,2.2389084182962744,2,0.5041838636048849,15.569608903273243,0.2984982110939996,True,769.0,0.03027147568612144,0.03175005485581512,False,14.264487369985135,69.0,True,True,4,True,True,True,True,False,True,True,False,6,False,False,,Minda Corporation Ltd.,Automobile and Auto Components,EQ,INE842C01021,REDUCE,Stage 2 + RS 69; distribution warning (U/D 0.44) triggers REDUCE.
MIDHANI,2026-09-29,419.1000061035156,0.013906237806589283,0.46443331311523384,0.2026902538615638,0.13484883192058472,0.16595697490211217,395.46749130560426,1.0154075695583575,Stage 2 — Advancing,417.78217091279873,480.94770175684044,False,265.84722513732504,0.46416766779299984,2.6826362901727574,1382784969.4141572,417.94056701660156,False,5.975842595782144,False,-12.859546979308378,True,True,True,True,False,False,False,False,394.49370869954424,381.8342756652832,True,3.9618859893140943,2,1.3855115698850025,19.859037018797405,0.4585563412253689,False,480.94770175684044,0.01896294312942924,0.020581749965744807,False,14.757264317015718,73.0,True,True,5,True,True,True,True,True,True,True,True,8,True,False,,Mishra Dhatu Nigam Ltd.,Capital Goods,EQ,INE099Z01011,HOLD,Stage 2 + RS 73; trend/leadership is adequate without a stronger entry trigger.
MSUMI,2026-09-29,34.36000061035156,-0.12547119699303866,-0.0802449394043735,-0.25547376232705177,-0.24938157282007123,-0.16720853370751476,38.65119734264555,-1.250650546337062,Stage 4 — Declining,38.22490198471967,52.823297143452564,False,33.810001373291016,0.7754595227633688,0.503658813579652,386031492.801445,38.18680000305176,True,-11.102364292242317,False,-34.95294222729056,False,False,False,False,True,True,False,False,38.73033798217774,40.20683504104614,False,2.4821217392760726,2,1.136512616008071,19.919468508419076,1.5423000343217317,False,42.220001220703125,0.001554680811291415,0.002132528489373942,False,22.875437924129717,16.0,True,False,0,False,False,False,False,False,False,False,False,0,False,False,,Motherson Sumi Wiring India Ltd.,Automobile and Auto Components,EQ,INE0FS801015,SELL,Stage 4 takes precedence: the guide requires SELL regardless of RS.
MOTILALOFS,2026-09-29,996.2000122070312,0.051231980733591476,0.4898676076173041,0.17263060306945,0.09609350829292307,0.17221113608937202,876.3534026892007,1.9171429674245344,Stage 2 — Advancing,963.2598051183364,1088.3156211947492,False,614.9000244140625,0.7044411297456277,1.4844817297258903,800481301.8588012,963.2300012207031,False,13.67560269065724,False,-8.464052816460876,True,True,True,True,False,False,False,False,873.4236678059896,857.2938946533203,True,2.794188963752615,2,0.6260024791927621,21.23184172354723,0.7253784384375026,False,1060.199951171875,0.045074884041764234,0.0455601538937248,False,6.424406563000851,74.0,True,True,5,True,True,True,True,True,True,True,True,8,True,False,,Motilal Oswal Financial Services Ltd.,Financial Services,EQ,INE338I01027,HOLD,Stage 2 + RS 74; trend/leadership is adequate without a stronger entry trigger.
MPHASIS,2026-09-29,2154.39990234375,0.001974103432755392,0.044949755643364675,-0.21339878640653376,-0.1739820920692594,-0.06769658319338355,2262.1817062274126,-0.024937161459903656,Stage 4 — Declining,2380.019603056066,2897.3238943204424,False,1960.4413570175507,0.8672929191789038,0.3545440623145863,862596213.2935547,2380.0179931640623,True,-4.764506917678501,False,-25.64173075136782,False,False,True,False,True,True,False,False,2261.189055175781,2360.4643536376952,False,2.570155384033732,2,0.8847152291040525,15.741719088457607,0.5870168952556164,False,2556.89990234375,0.09747974762878377,0.12068187520649563,False,18.682696725065952,36.0,True,False,1,False,False,False,True,False,False,False,False,1,False,False,,MphasiS Ltd.,Information Technology,EQ,INE356A01018,SELL,Stage 4 takes precedence: the guide requires SELL regardless of RS.
BECTORFOOD,2026-09-29,208.6999969482422,0.1632130805737344,0.15429580836413104,-0.08593011310186871,-0.17503752855354748,0.04395086557123673,199.7120676884035,0.11336775348600447,Stage 2 — Advancing,227.6600709802964,278.33899243412714,False,164.52941938217484,0.1539074317189635,1.1282480589330075,235705939.18919602,227.99932495117187,True,4.500443745774008,False,-25.01948967942966,True,False,True,True,False,False,False,False,199.9515172322591,206.90910850524904,False,3.8035716102784756,3,0.9046063523191099,26.068469573592758,0.13228166242552997,False,265.0419076351195,0.009443011490350761,0.011538040342468844,False,26.99660350299391,58.0,True,True,4,True,False,False,True,False,False,False,False,2,False,False,,Mrs. Bectors Food Specialities Ltd.,Fast Moving Consumer Goods,EQ,INE495P01020,HOLD,Stage 2 + RS 58; trend/leadership is adequate without a stronger entry trigger.
MCX,2026-09-29,3232.0,0.11165523642425867,0.35097959315715044,0.4811737708513051,1.0402513689692898,0.4191430411652526,2903.144026360544,2.0352620032159985,Stage 2 — Advancing,3063.1875143612133,3481.39990234375,False,1541.323282972979,0.9655581751234033,1.0159652334795297,6183326138.237402,3068.5642041015626,False,11.327580397439597,False,-7.16378208018702,True,True,True,True,False,False,False,False,2893.970685221354,2746.4138220214845,True,3.3488763272340765,2,1.7374296313621829,26.48849849588448,0.8900556633804882,False,3481.39990234375,0.14623772679969232,0.15206239387447057,False,7.716581136873457,90.0,True,True,5,True,True,True,True,True,True,True,True,8,True,False,,Multi Commodity Exchange of India Ltd.,Financial Services,EQ,INE745G01043,HOLD,Stage 2 + RS 90; trend/leadership is adequate without a stronger entry trigger.
MUTHOOTFIN,2026-09-29,2736.800048828125,-0.09413475007949601,-0.1561362099148189,-0.26135659491920993,-0.09944167460182995,-0.14104079591897017,3144.1462385735545,-1.2660808696954406,Stage 4 — Declining,2922.813720703125,4114.708242760882,False,2671.0,1.2153103728973533,0.598992737256929,1758764373.4922242,2919.6899951171877,True,-12.955701129545282,False,-33.4873850741896,False,False,False,False,True,True,False,False,3149.3145751953125,3300.284659423828,False,2.1297030563366053,3,0.37787039836867825,17.72678268904975,0.6419756276859335,False,3246.5,0.12383150304638364,0.17538049541165746,False,18.62393825190569,20.0,True,False,0,False,False,False,False,False,False,False,False,0,False,False,,Muthoot Finance Ltd.,Financial Services,EQ,INE414G01012,SELL,Stage 4 takes precedence: the guide requires SELL regardless of RS.
NATCOPHARM,2026-09-29,836.2338256835938,-0.08902763026191685,-0.14413091606009953,-0.06324647161666941,0.056772117457904336,-0.06573210614853967,964.006982504916,-0.7482102499754562,Stage 4 — Declining,871.7020383348652,1224.7419352225772,False,784.9423763057001,1.552266075575144,0.6636634887111234,355489648.61635435,869.9303527832031,True,-13.254380843726999,False,-31.721630358674567,False,False,False,False,True,False,False,False,964.286307779948,941.487103881836,False,2.2676295957963415,3,1.1965487350187165,16.999633462116673,1.20451815170466,False,963.2313301930596,0.03783692256837219,0.05317181356699445,False,15.186841360506985,37.0,True,False,0,False,True,False,False,False,False,False,False,1,False,False,,NATCO Pharma Ltd.,Healthcare,EQ,INE987B01026,SELL,Stage 4 takes precedence: the guide requires SELL regardless of RS.
NBCC,2026-09-29,78.01000213623047,-0.24725154669746097,-0.024595814899493584,-0.35581024560720875,-0.26588041239363536,-0.22815791325905194,92.31999419335605,-0.9223684766868412,Stage 4 — Declining,88.11414711148132,124.82730965446994,False,76.65010804466255,1.630758345399194,0.8409733534145208,374480176.54460603,87.95372192382813,True,-15.500425646858872,False,-37.50566093896664,False,False,False,False,False,False,False,False,92.33644933064778,95.58073238372803,False,2.537218952411941,2,1.3276525790110478,18.98793101264817,0.8355565264282471,False,96.29429677744675,0.003529704634913826,0.005113476602206061,False,23.438397821456334,7.0,True,False,0,False,False,False,False,False,False,False,False,0,False,False,,NBCC (India) Ltd.,Construction,EQ,INE095N01031,SELL,Stage 4 takes precedence: the guide requires SELL regardless of RS.
NCC,2026-09-29,128.27000427246094,-0.13131903612749662,-0.049061607184065936,-0.1864966209762502,-0.36753409030890405,-0.1731460781448427,145.84106040487484,-0.6722882248682893,Stage 4 — Declining,140.91674086626838,213.9474194024461,False,126.6500015258789,12.849942505389212,0.27559923702760714,451862628.91032565,140.99142761230468,True,-12.048085829624544,False,-40.04601474945652,False,False,False,False,True,True,False,False,145.92964650472004,147.05663108825684,False,3.201393304863879,2,1.1422356299173022,17.68490769305378,2.214998223276257,False,153.86000061035156,0.005803809975678066,0.00901674725962984,False,19.950101727239677,14.0,True,False,0,False,False,False,False,False,False,False,False,0,False,False,,NCC Ltd.,Construction,EQ,INE868B01028,SELL,Stage 4 takes precedence: the guide requires SELL regardless of RS.
NEOGEN,2026-09-28,2396.300048828125,0.27878130688578207,1.0324340632415985,1.0750035331259227,0.5781063983743739,0.6486213217026919,1865.4110224475598,3.879078606858122,Stage 2 — Advancing,2200.658140893076,2499.699951171875,False,966.2326038611084,0.8432223282123565,1.5781989875239384,510075678.51071775,2201.04041015625,False,28.459627395360766,True,-4.136492553647308,True,True,True,True,False,False,False,False,1852.974013671875,1693.7979205322265,True,4.864344773287444,2,0.8888698097284513,21.42857526267822,1.4904340310158428,False,2499.699951171875,0.10778534719874028,0.10894658041199683,False,4.3149814395870845,95.0,True,True,5,True,True,True,True,True,True,True,True,8,True,False,,NEOGEN CHEMICALS LTD.,Chemicals,EQ,INE136S01016,WAIT,"Stage 2 + RS 95; wait because price is more than 20% above the 30-week line (currently +28%) — the guide treats that as poor entry timing, not a failed trend."
NESCO,2026-09-28,1086.4000244140625,0.005144428561280057,0.0705925786206496,-0.10597204740268673,-0.20143427598924224,-0.045304977529743856,1106.1729597420529,-0.369168264416031,Stage 4 — Declining,1059.8529423732384,1413.6962088264588,False,989.6270152436205,2.236289980459005,2.105918516049288,57167117.275030516,1059.3500012207032,False,-1.7875084681694964,False,-23.15180463588371,False,True,False,False,False,False,False,False,1106.8924426269532,1125.6167221069336,False,2.9685214206442745,2,0.9649448096819053,12.140353018777413,0.8895885571120347,False,1140.0,0.048866169278532,0.060219703588247686,False,4.933723709629523,41.0,True,False,1,False,False,False,False,True,False,True,False,2,False,False,,NESCO Ltd.,Services,EQ,INE317F01035,SELL,Stage 4 takes precedence: the guide requires SELL regardless of RS.
NHPC,2026-09-29,73.31999969482422,-0.09868035843830147,-0.040075182232109596,-0.0252798230813015,-0.12834804695503632,-0.07821275382901008,77.50493938420095,0.01826657072665494,Stage 1 — Basing,76.89866264193665,86.59303970157107,False,71.42454681386315,1.0187671650504782,0.6760012655755653,743258441.0044129,76.8348193359375,True,-5.399578043189612,False,-15.328067997716953,False,False,False,True,True,False,False,False,77.46224889119466,77.36120567321777,False,1.5898979526111492,2,0.8812634914156722,11.231178249409272,0.8843558640242967,False,82.57404075690576,0.0033174969320313207,0.0037401601265083773,False,12.621441762955698,34.0,True,False,1,False,True,False,False,False,False,True,False,2,False,False,2.0,NHPC Ltd.,Power,EQ,INE848E01016,AVOID,Stage 1 + RS 34; weak RS in a basing stage is AVOID.
NLCINDIA,2026-09-29,255.75,-0.21894735919918307,-0.05329140006506883,0.012621494953878987,-0.08803596311625927,-0.11332011732516305,295.02976169715936,-0.08431071059981088,Stage 4 — Declining,277.0659724216835,387.4363949219129,False,226.55743882214648,1.4647959858734154,0.41098540384851495,392380012.52883756,276.70982666015624,True,-13.31383026281906,False,-33.98916484045182,False,False,False,False,True,True,False,False,294.36358744303385,284.17667068481444,True,2.4089783126071045,2,0.8615561986297517,18.285430953506086,0.8002895616113219,False,307.41151777391684,0.01157187457581105,0.01638661892861983,False,20.200006949723104,26.0,True,False,0,False,True,True,False,False,False,False,False,2,False,False,,NLC India Ltd.,Power,EQ,INE589A01014,SELL,Stage 4 takes precedence: the guide requires SELL regardless of RS.
NMDC,2026-09-29,77.0,-0.09888820655383312,-0.0025906341469971172,-0.01854635411860106,0.05745322368068817,-0.03229203553851526,85.1487074352446,-0.09698578720274131,Stage 4 — Declining,83.77058829513251,97.48999786376953,False,70.10877049673599,1.2337171790118315,0.6128999543242241,963606515.5020908,83.76740005493164,True,-9.569971971026892,False,-21.017538529851876,False,False,False,False,True,False,False,False,85.0867999267578,83.66327114105225,True,2.317253778064848,0,1.4195208277538922,14.680136986594613,0.7348366187395357,False,89.0999984741211,0.0034840052486312836,0.004277598620446168,False,15.7142837326248,45.0,True,False,0,False,True,True,False,False,False,True,False,3,False,False,,NMDC Ltd.,Metals & Mining,EQ,INE584A01023,SELL,Stage 4 takes precedence: the guide requires SELL regardless of RS.
NSLNISP,2026-09-29,41.790000915527344,-0.0308441106053452,0.21025202412064203,0.0,-0.061531505476784876,0.01740645948663335,42.736666750745705,0.3937733456646386,Stage 1 — Basing,43.17588245167452,53.75,False,33.0099983215332,0.741540897885757,0.9813106934793718,201494393.77412835,43.177200088500975,True,-2.2151138757255606,False,-22.25116108739099,False,False,True,True,False,False,False,False,42.68286674499512,42.41840009689331,True,3.3859776671276958,2,1.2778235547182821,20.44534813126944,0.6660077437873848,False,49.400001525878906,0.0018908647081818625,0.002336110461965611,False,18.21009917117282,53.0,True,True,3,False,True,True,True,False,False,True,False,4,False,False,3.0,NMDC Steel Ltd.,Metals & Mining,EQ,INE0NNS01018,WATCH,Stage 1 + RS 53; adequate RS in a basing stage remains WATCH.
NTPCGREEN,2026-09-29,89.98999786376953,-0.047422497078911885,-0.05333473411567402,-0.053135553483909526,-0.07341438098408026,-0.05494593254829752,96.97619063189241,0.04800683990946464,Stage 1 — Basing,90.96725523705577,119.94999694824219,False,84.0,0.47820152270188,1.9511702856753486,258696781.23632583,90.93580032348633,True,-7.204028867911971,False,-24.977073652949112,False,False,False,True,False,False,False,False,96.84033350626628,95.3431001663208,False,2.346291701531122,2,1.0824473640642058,14.497986981158077,0.7887770340166296,False,99.5999984741211,0.004071761362099884,0.00520826936892002,False,10.678965261116646,39.0,True,False,1,False,True,False,False,False,False,True,False,2,False,False,2.0,NTPC Green Energy Ltd.,Power,EQ,INE0ONG01011,AVOID,Stage 1 + RS 39; weak RS in a basing stage is AVOID.
NTPC,2026-09-29,323.5,-0.0817338419273349,-0.1295232698979697,0.012176058865671635,-0.02548604817002753,-0.061260188611399084,358.48081523869314,-0.8411181795201839,Stage 4 — Declining,334.2099657245711,409.97128898871665,False,309.838511773213,1.4631952141642766,1.4071731727070513,2415111971.1509767,333.99766418457034,True,-9.758071771679411,False,-21.09203529886614,False,False,False,False,False,False,False,False,358.8873577880859,354.56180404663087,True,1.3921406232750055,2,1.2361008127095379,9.070737040377558,0.8413351075994865,False,349.227495590697,0.014637346726392471,0.017862819865291035,False,7.952857987850703,38.0,True,False,0,False,True,True,False,False,False,True,False,3,False,False,,NTPC Ltd.,Power,EQ,INE733E01010,SELL,Stage 4 takes precedence: the guide requires SELL regardless of RS.
NH,2026-09-29,1789.9000244140625,-0.05729826695665696,0.09683106098223071,-0.03488067634160297,0.011883515872740391,-0.008152526679989155,1857.749563204188,0.11121173592509859,Stage 1 — Basing,1899.1647039675245,2092.89990234375,False,1585.4858653846154,3.519431477210055,0.41383260666285143,389581795.297229,1897.1939990234375,True,-3.652243560380697,False,-14.477514074627784,False,False,True,True,True,True,False,False,1857.4894645182292,1853.0023010253906,False,2.762724818846745,2,0.9529869986158223,15.85837440061368,0.8415623310328282,False,2092.89990234375,0.0809872867478423,0.08967376081226015,False,16.928312967026017,49.0,True,False,2,False,True,False,True,False,False,True,False,3,False,False,2.0,Narayana Hrudayalaya Ltd.,Healthcare,EQ,INE410P01011,AVOID,Stage 1 + RS 49; weak RS in a basing stage is AVOID.
NATIONALUM,2026-09-29,346.6499938964844,0.0003771991689112131,-0.058592471873869734,0.175260408179313,0.7604847513230146,0.17558141719325607,381.41175873425544,0.11002647511610952,Stage 1 — Basing,369.15907197840073,443.3731066930094,False,197.1860318397093,1.1819910501977253,0.7644094049504925,1612489730.6845474,369.7016394042969,True,-9.113973033534862,False,-21.815286343809724,False,False,False,True,False,False,False,False,380.90122111002603,370.0630514526367,True,2.7116696325687557,3,0.4486788884884809,21.364286541478002,0.628062173305931,False,421.12967656991844,0.015684810365887713,0.019410088544956496,False,21.485557185867133,75.0,True,True,2,False,True,True,False,False,True,True,True,5,False,False,4.0,National Aluminium Co. Ltd.,Metals & Mining,EQ,INE139A01034,WATCH,Stage 1 + RS 75; adequate RS in a basing stage remains WATCH.
NFL,2026-09-28,65.76000213623047,-0.1120017118545723,-0.019825034692730337,-0.23911879571784822,-0.27647430837206166,-0.151884312498357,71.96312295574032,-1.0513343407988485,Stage 4 — Declining,69.37053680419922,96.82798291770169,False,62.40134764762116,0.8470229382021979,0.7938071020792002,29915369.263631057,69.33576812744141,True,-8.61986051289766,False,-32.085746129687784,False,False,False,False,False,False,False,False,72.08284586588542,74.63177577972412,False,1.8283059437515286,2,1.1273182409376432,12.243834425861301,0.7012393798843768,False,74.25119732135573,0.0029578786118665597,0.004082082209375564,False,12.912401017771625,18.0,False,False,0,False,False,False,False,False,False,False,False,0,False,False,,National Fertilizers Ltd.,Chemicals,EQ,INE870D01012,SELL,Stage 4 takes precedence: the guide requires SELL regardless of RS.
NAVA,2026-09-29,545.9500122070312,-0.080279377820067,0.0018190975676710686,-0.004245472160581021,-0.16855970946212173,-0.06630896793903313,589.5841135037999,-0.22020243877742818,Stage 4 — Declining,560.5498226390165,732.5560380476754,False,497.0066711243156,0.9299422353718173,0.7352852954515452,127003323.80516052,560.1601989746093,True,-7.400827175864444,False,-25.473276602560702,False,False,False,False,False,False,False,False,589.5482674153645,582.1330001831054,True,2.525086476384682,3,0.8813224390331961,10.793646714442357,1.1181610234018824,False,598.5,0.02470250270155338,0.03174448497030011,False,9.625421122445378,37.0,True,False,0,False,True,True,False,False,False,False,False,2,False,False,,Nava Ltd.,Power,EQ,INE725A01030,SELL,Stage 4 takes precedence: the guide requires SELL regardless of RS.
NAVINFLUOR,2026-09-29,8234.5,0.09991317705202696,0.3615865795331228,0.4018715998541955,0.8130197005939743,0.3552608468170693,7341.9952998777635,1.8142841863563186,Stage 2 — Advancing,8236.627450980392,8949.5,False,4504.2557992356105,0.6359918778824138,1.2923188601779751,1040697431.575,8243.72,True,12.156160058248688,False,-7.989273143751053,True,False,True,True,False,False,False,False,7322.811813151042,7010.891650390625,True,2.5793048411300883,2,1.0138538831372688,17.671378289289905,0.5617084576355308,False,8949.5,0.3725849509071988,0.38222899765884466,False,8.682980144513941,88.0,True,True,4,True,True,True,True,False,True,True,True,7,False,False,,Navin Fluorine International Ltd.,Chemicals,EQ,INE048G01026,WAIT,Stage 2 + RS 88; wait because the close is below its 50-session average — short-term timing has weakened even though the 30-week trend is intact.
NAZARA,2026-09-29,388.3999938964844,0.27868310747813796,0.6163128962292503,0.5333596100159581,0.46015035299430207,0.43343781483915733,300.5721757330862,2.2777045454873024,Stage 2 — Advancing,352.94313557942706,391.1000061035156,True,215.6999969482422,1.066842236114597,3.6571911645162025,493585289.24224246,353.81599853515627,False,29.22020907264247,True,-0.690363632036517,True,True,True,True,False,False,False,False,299.87673217773437,291.8437989807129,True,3.083162186416811,2,0.6462064809955075,24.495018362436618,0.6870354781455167,False,391.1000061035156,0.017573865159788444,0.017573865159788444,True,0.6951627830743101,91.0,True,True,5,True,True,True,True,True,True,True,True,8,True,False,,Nazara Technologies Ltd.,Media Entertainment & Publication,EQ,INE418L01047,WAIT,"Stage 2 + RS 91; wait because price is more than 20% above the 30-week line (currently +29%) — the guide treats that as poor entry timing, not a failed trend."
NESTLEIND,2026-09-29,1345.699951171875,-0.025323437065664867,0.1332290494247954,0.0620854169567,0.1795829376948901,0.06485010598901116,1386.347616390306,0.3032552329663263,Stage 1 — Basing,1444.874506931679,1553.0,False,1133.4029066422722,0.9804067124051986,0.5996392679683242,1434469549.0685487,1444.7339965820313,True,-2.931996617433308,False,-13.348361160858014,False,False,True,True,True,True,False,False,1384.715889485677,1358.6844299316406,True,1.9623342207239811,4,0.6674230937211256,14.179005226778814,0.627073434717285,False,1553.0,0.06088864536319058,0.06554173207402043,False,15.404626317152047,61.0,True,True,3,False,True,True,True,False,False,True,False,4,False,False,4.0,Nestle India Ltd.,Fast Moving Consumer Goods,EQ,INE239A01024,WATCH,Stage 1 + RS 61; adequate RS in a basing stage remains WATCH.
NETWEB,2026-09-29,4613.0,0.03615772624531033,0.4514874351415348,0.4992449759019921,0.2875523858139002,0.2621200498696096,4298.405980947066,1.6589434608138554,Stage 2 — Advancing,4862.134650735294,5813.0,False,2918.180990781822,0.534116236225866,0.8603170707899812,5439692555.475,4874.284384765625,True,7.318853092225108,False,-20.643385515224498,True,False,True,True,False,False,False,False,4286.9840625,4021.2901159667967,True,3.557492799851352,2,0.6489965347927273,29.25448696632371,0.59514546333154,False,5813.0,0.20872358716800143,0.23803350633167972,False,26.013440277476697,82.0,True,True,4,True,True,True,True,False,True,True,True,7,False,False,,Netweb Technologies India Ltd.,Information Technology,EQ,INE0NT901020,WAIT,Stage 2 + RS 82; wait because the close is below its 50-session average — short-term timing has weakened even though the 30-week trend is intact.
NETWORK18,2026-09-29,25.8799991607666,-0.17579619505810817,-0.09951289607266034,-0.3960326701902541,-0.4983524116258722,-0.26909807360100063,30.929795959368857,-1.812733742977668,Stage 4 — Declining,28.272352817011814,53.2400016784668,False,25.280000686645508,0.5955558783130456,0.678899051638063,91075349.36479369,28.246599884033202,True,-16.326641162573317,False,-51.38993549049059,False,False,False,False,True,False,False,False,30.982333386739096,33.2041999912262,False,2.710312383518254,3,0.9245029371903309,20.202018803278424,0.722628490661686,False,31.68000030517578,0.001170987700138754,0.0022723008988405602,False,22.411133433117847,5.0,True,False,0,False,False,False,False,False,False,False,False,0,False,False,,Network18 Media & Investments Ltd.,Media Entertainment & Publication,EQ,INE870H01013,SELL,Stage 4 takes precedence: the guide requires SELL regardless of RS.
NEULANDLAB,2026-09-29,21375.0,0.183906658306624,0.7746335399577129,0.43221665627140515,0.4837181456126194,0.4116763316909971,17963.463913690477,3.362677006511028,Stage 2 — Advancing,21986.295687806374,24225.0,False,11478.786028437366,1.2320587229933784,0.5219285412399622,1009707780.0,22048.8187109375,True,18.99152692766284,False,-11.764705882352944,True,False,True,True,True,True,False,False,17866.1105859375,16930.97154785156,True,3.2698412698412698,1,0.9575110082221668,25.009592859071784,0.7184615361572554,False,24225.0,0.9671508076557622,1.0384703781967746,False,13.33333333333333,90.0,True,True,4,True,True,True,True,False,True,True,True,7,False,False,,Neuland Laboratories Ltd.,Healthcare,EQ,INE794A01010,REDUCE,Stage 2 + RS 90; distribution warning (U/D 0.52) triggers REDUCE.
NEWGEN,2026-09-29,473.0,0.021452779126049704,0.13340114075294895,-0.42405290106066995,-0.45459230105344695,-0.1404677006218137,486.95219058082216,-0.49070003257065675,Stage 4 — Declining,523.155881395527,1030.4143551726484,False,396.6099082577377,1.8237495617697508,0.36447011756694697,358515155.4576508,522.6929992675781,True,-2.8652074784139336,False,-54.09613641099287,False,False,True,False,True,True,False,False,487.277475789388,536.2839488220214,False,3.0934754616182327,2,0.6032003343061603,20.51238362143734,0.19653890500645524,False,585.5,0.021401746527306458,0.04138645363371108,False,23.784355179704008,20.0,True,False,1,False,False,False,False,False,False,False,False,0,False,False,,Newgen Software Technologies Ltd.,Information Technology,EQ,INE619B01017,SELL,Stage 4 takes precedence: the guide requires SELL regardless of RS.
NAM-INDIA,2026-09-28,1093.9000244140625,-0.039596115527601006,0.3292183154512971,0.27526171477119066,0.3053504673016316,0.16612765329378348,1077.3391815603595,1.2643696097263346,Stage 2 — Advancing,1173.9764787262561,1269.5,False,787.2052851605498,0.8813177800100793,0.6892207733262592,1195587468.7624633,1173.7920092773438,True,1.5371986034813157,False,-13.832215485304255,True,False,True,True,True,False,False,False,1073.8525415039062,1025.9169400024414,True,2.9364140310920046,2,0.9197138454516045,14.97439744670638,0.8636358843591825,False,1269.5,0.049203518561809725,0.053165491237445336,False,16.052653045692722,74.0,True,True,4,True,True,True,True,False,True,True,True,7,False,False,,Nippon Life India Asset Management Ltd.,Financial Services,EQ,INE298J01013,REDUCE,Stage 2 + RS 74; distribution warning (U/D 0.69) triggers REDUCE.
NIVABUPA,2026-09-28,75.7300033569336,-0.10685219319221184,0.08294012621831115,0.005176626466688816,-0.05890391191581135,-0.036898309123047014,80.80124153926455,0.24084477128705206,Stage 1 — Basing,82.78666701971316,91.4000015258789,False,67.5,0.7879750109213121,0.9268207961914422,59594329.42053185,82.72080032348633,True,-6.2761884418157665,False,-17.14441784173113,False,False,True,True,False,False,False,False,80.64573348999023,79.69845008850098,True,2.7041561682920214,2,1.2412974354552684,18.24945298327268,0.7395340471295806,False,91.4000015258789,0.0034063283140108626,0.0037981593424445416,False,20.691928528101155,43.0,True,False,2,False,True,True,True,False,False,True,False,4,False,False,2.0,Niva Bupa Health Insurance Company Ltd.,Financial Services,EQ,INE995S01015,AVOID,Stage 1 + RS 43; weak RS in a basing stage is AVOID.
NUVAMA,2026-09-29,1652.0999755859375,-0.0672425354952938,0.39526494564096804,0.14161525786083407,0.33901737872812965,0.14828250224786885,1574.020760257228,1.6941941322494491,Stage 2 — Advancing,1754.2666566138173,2066.0,False,1086.5091731363827,0.740620502977874,0.9594548178734481,553885068.9284241,1751.519990234375,True,4.960494632608903,False,-20.03388307909305,True,False,True,True,False,False,False,False,1567.6383211263021,1520.744680786133,True,3.056283495725544,3,0.37977074257565435,23.591482304649684,0.7014026839738974,True,2066.0,0.07475227254811717,0.08641705507598701,False,25.05296474369039,72.0,True,True,4,True,True,True,True,False,True,True,True,7,False,False,,Nuvama Wealth Management Ltd.,Financial Services,EQ,INE531F01023,HOLD,Stage 2 + RS 72; trend/leadership is adequate without a stronger entry trigger.
NUVOCO,2026-09-29,330.20001220703125,0.08564859060760943,0.10232023255913458,-0.087719295287216,-0.21892368490353342,-0.0066051132832791876,319.71088539175435,-0.06692673602571864,Stage 3 — Topping,335.82353060853245,439.8500061035156,False,276.25,1.0470932267818387,2.2029248038093976,131493211.26557922,335.3080010986328,True,3.280816292014621,False,-24.928951318618154,True,False,True,False,False,False,False,False,319.9323341878255,327.54500091552734,False,3.1441989973113005,2,1.70630461618819,16.431475656165198,0.14587031065964484,False,368.5,0.014940500982174166,0.018635314328438665,False,11.599026764709851,49.0,True,False,2,True,False,False,True,False,False,True,False,3,False,False,,Nuvoco Vistas Corporation Ltd.,Construction Materials,EQ,INE118D01016,SELL,Stage 3 + RS 49; RS below 50 in Stage 3 triggers SELL.
OBEROIRLTY,2026-09-28,1830.0,0.047323917960688355,0.2589191240934756,0.09289947337813742,0.16555099320581967,0.12240348531976189,1715.4910627693966,1.0882805426421394,Stage 2 — Advancing,1830.85549029182,1983.9545449282684,False,1387.9800889099738,0.848196173987626,1.5375499912866815,836920041.0236938,1829.8592749023437,False,6.674994683198543,False,-7.75998347955269,True,False,True,True,False,False,False,False,1708.9838037109375,1681.2981549072265,True,2.7634655656896467,1,2.075825863644825,15.336357355043134,1.1805871420879228,False,1960.699951171875,0.08231322511976559,0.08326765150753672,False,7.142073834528695,68.0,True,True,4,True,True,True,True,True,True,True,False,7,False,False,,Oberoi Realty Ltd.,Realty,EQ,INE093I01010,HOLD,Stage 2 + RS 68; trend/leadership is adequate without a stronger entry trigger.
ONGC,2026-09-29,230.0,-0.013122290032294703,-0.18078130044272744,0.006788297453961034,0.009281291641788814,-0.0381912582823134,257.6061585095464,-0.9858576116025364,Stage 4 — Declining,236.99282418045343,306.19702215663295,False,222.40769220653587,1.2044748077085095,1.221475976526399,2286248778.225792,236.7560577392578,True,-10.716420239822554,False,-24.88496511819599,False,False,False,False,False,False,False,False,258.0120510864258,254.7771943664551,False,1.8267078281189346,2,0.6425366148581967,10.004181983944992,0.7695962176960673,False,253.12287623311443,0.010406768924483055,0.013807635740805123,False,10.05342444918018,43.0,True,False,0,False,True,False,False,False,False,True,False,2,False,False,,Oil & Natural Gas Corporation Ltd.,Oil Gas & Consumable Fuels,EQ,INE213A01029,SELL,Stage 4 takes precedence: the guide requires SELL regardless of RS.
OIL,2026-09-29,459.45001220703125,0.11541994415216572,-0.03684190896133677,0.15045711451349186,0.12932690569430538,0.09475639991015838,464.87543388937604,0.0655654570783204,Stage 1 — Basing,470.3202765969669,529.9163379046904,False,388.8457252612527,0.817830617415055,0.7141890603416188,1057367803.5444336,470.84185180664065,True,-1.167069990546299,False,-13.297632221774048,False,False,True,True,False,False,False,False,465.0758355712891,458.7986372375488,True,2.45868538799819,3,1.0166522476833435,15.538650884758177,0.5527776629080308,False,514.4500122070312,0.020788652649519537,0.023113724282284472,False,11.970834375604845,64.0,True,True,3,False,True,True,True,False,False,True,False,4,False,False,3.0,Oil India Ltd.,Oil Gas & Consumable Fuels,EQ,INE274J01014,WATCH,Stage 1 + RS 64; adequate RS in a basing stage remains WATCH.
OLAELEC,2026-09-29,37.41999816894531,-0.07330368550948829,0.5418210738836273,0.0561670292585017,-0.31010329994512154,0.028255486435606186,36.9347620334755,2.0681600826150115,Stage 2 — Advancing,38.48588232900582,58.650001525878906,False,22.25,1.7426096279973196,1.336418580909936,3803636753.2403784,38.481199951171874,True,1.3137654305990232,False,-36.197788243135854,True,False,True,True,False,False,False,False,36.70213344573975,36.02035017967224,False,5.692144187350023,1,2.371449687956085,19.1470234015198,2.7215968878555654,False,44.54999923706055,0.0016931359743425779,0.0025050475603377153,False,19.05398561465561,55.0,True,True,4,True,True,False,True,False,True,False,False,4,False,False,,Ola Electric Mobility Ltd.,Automobile and Auto Components,EQ,INE0LXG01040,HOLD,Stage 2 + RS 55; trend/leadership is adequate without a stronger entry trigger.
OLECTRA,2026-09-29,1136.9000244140625,-0.22835941748105315,0.10892062504003608,-0.05107581084574153,-0.275770154963741,-0.13492883514631054,1247.88848461748,0.8885218185763932,Stage 1 — Basing,1283.848108628217,1578.0014250402533,False,866.1616606732061,0.9931060693700321,1.4388146455037545,455424109.0313965,1282.43078125,True,-8.894100840864727,False,-27.953168712438814,False,False,True,True,False,False,False,False,1243.0378727213542,1209.330198059082,False,3.4165563545044,0,2.388637671535175,20.156662590889653,1.298543445350313,False,1420.2813118763838,0.05144111236659257,0.06827253019130214,False,24.925787789332745,22.0,True,False,2,False,True,False,True,False,True,False,False,3,False,False,1.0,Olectra Greentech Ltd.,Automobile and Auto Components,EQ,INE260D01016,AVOID,Stage 1 + RS 22; weak RS in a basing stage is AVOID.
PAYTM,2026-09-28,1635.800048828125,0.45430296747620735,0.6215305993479379,0.24367063643428843,0.4537861000833403,0.44551865416359626,1281.6294522220142,3.3852531400066166,Stage 2 — Advancing,1585.0372553806678,1855.5,False,930.5999755859375,0.8887738839303895,1.436151052115888,7376814911.738867,1589.7880004882813,False,27.634399006052067,True,-11.840471634161954,True,True,True,True,False,False,False,False,1277.3593334960938,1269.7055010986328,True,4.066162137249772,2,0.8529474714190318,33.36028024791162,1.1359182417983278,False,1855.5,0.07357812987437869,0.08099191837057891,False,13.430733868070632,91.0,True,True,5,True,True,True,True,True,True,True,True,8,True,False,,One 97 Communications Ltd.,Financial Services,EQ,INE982J01020,WAIT,"Stage 2 + RS 91; wait because price is more than 20% above the 30-week line (currently +28%) — the guide treats that as poor entry timing, not a failed trend."
ONESOURCE,2026-09-28,1565.800048828125,0.006298231894681816,0.08202617320487837,-0.10063179274662548,-0.1251536450379831,-0.026232560158073313,1612.6883528199915,1.2415883757497692,Stage 1 — Basing,1582.4960746017157,1925.0,False,1057.0,0.9667086305983259,1.239769870212236,580786096.5451844,1580.2679956054687,True,-2.9074621832467673,False,-18.65973772321429,False,False,False,True,False,False,False,False,1604.9179972330728,1581.48099609375,False,3.359306267862525,3,0.49757546464261676,15.793069672022265,0.8429571745503526,False,1755.199951171875,0.07042953656378656,0.08270828177269351,False,12.09604652174463,46.0,True,False,1,False,True,False,False,False,True,True,False,3,False,False,3.0,Onesource Specialty Pharma Ltd.,Healthcare,EQ,INE013P01021,AVOID,Stage 1 + RS 46; weak RS in a basing stage is AVOID.
OPTIEMUS,2026-09-29,796.2000122070312,0.6949441451985763,1.5478400390624998,0.6235726388999434,0.24913709085428337,0.7620876118427758,485.5336735524288,4.162686466944021,Stage 2 — Advancing,605.6539210899203,850.6500244140625,False,288.0,1.013682503024035,6.20431375990372,1082883417.0574036,605.66,False,63.9845093300323,True,-6.400988731474733,True,True,True,True,False,False,False,False,484.15,476.6907499694824,True,6.256056329751565,1,3.4712805061056002,36.94233715169279,8.444207493481255,False,850.6500244140625,0.03602551975960505,0.036431474147843854,False,6.838735414748132,97.0,True,True,5,True,True,True,True,True,True,True,True,8,True,False,,Optiemus Infracom Ltd.,Telecommunication,EQ,INE350C01017,WAIT,"Stage 2 + RS 97; wait because price is more than 20% above the 30-week line (currently +64%) — the guide treats that as poor entry timing, not a failed trend."
OFSS,2026-09-29,10406.0,-0.043082440571980296,0.540826112887167,0.3917720991577853,0.2858667826420225,0.22646002270860283,9835.627776892006,3.0235476840101416,Stage 2 — Advancing,11549.039215686274,12540.0,False,6060.863819699785,0.5991476713101156,0.5435997428045394,2434348502.25,11547.38,True,5.799042379867569,False,-17.01754385964912,True,False,True,True,True,True,False,False,9771.130745442708,9155.548520507813,True,3.6743911479640867,2,0.9096163237353516,20.757575757575758,0.8297874272682411,False,12540.0,0.4708384236007421,0.5347468250531646,False,20.50739957716703,79.0,True,True,4,True,True,True,True,False,True,True,True,7,False,False,,Oracle Financial Services Software Ltd.,Information Technology,EQ,INE881D01027,REDUCE,Stage 2 + RS 79; distribution warning (U/D 0.54) triggers REDUCE.
ORIENTCEM,2026-09-29,118.41999816894531,-0.11488150002606046,-0.05876801852198854,-0.30150068789929074,-0.4567581998591912,-0.20935798126651828,135.00537511747177,-1.6595960226325035,Stage 4 — Declining,130.3243138930377,225.98672509713518,False,116.69999694824219,2.0239234400258055,0.9829767788430753,63153418.96894722,130.14040008544922,True,-12.284975271610543,False,-47.598692747087156,False,False,False,False,False,False,False,False,135.57312596638997,142.85577991485596,False,2.4742440512783235,1,1.110714371516258,18.001692704815355,3.318449312996117,False,142.32000732421875,0.005358128508617045,0.009721117298062066,False,20.182409664604293,9.0,True,False,0,False,False,False,False,False,False,False,False,0,False,False,,Orient Cement Ltd.,Construction Materials,EQ,INE876N01018,SELL,Stage 4 takes precedence: the guide requires SELL regardless of RS.
ORKLAINDIA,2026-09-28,554.2999877929688,,,,,,596.9650669881743,-0.05550110202005021,Stage 4 — Declining,570.9068603515625,,False,,0.5307439722452918,0.32327874249327493,42648408.64613342,570.6059973144531,True,-7.1469976309435745,False,,False,False,False,False,True,True,False,False,596.7899983723959,595.9209982299805,False,2.914873549502649,1,2.0266112863972277,12.726094679787964,0.8373906330845698,False,616.4500122070312,0.024932360480374838,,False,11.212344539555641,,False,False,0,False,True,False,False,False,False,False,False,1,False,False,,Orkla India Ltd.,Fast Moving Consumer Goods,EQ,INE16NZ01023,SELL,Stage 4 takes precedence: the guide requires SELL regardless of RS.
OSWALPUMPS,2026-09-29,266.25,-0.3783562746009237,-0.12215624557907634,-0.5029867576387086,-0.6354737252184656,-0.4034658555276196,351.7602049120429,-1.1904784692784776,Stage 4 — Declining,302.0843152812883,790.0,False,265.3500061035156,0.43725674822121785,1.0697374643494626,144290491.214386,300.3110015869141,True,-24.309232175204297,False,-66.29746835443038,False,False,False,False,False,False,False,False,351.1333339436849,373.4857499694824,False,3.488935730267019,2,0.5589183572231147,32.213565505478506,0.7886855477815338,False,391.45001220703125,0.012046966200624407,0.033442454353970766,False,47.02347876320423,2.0,True,False,0,False,False,False,False,False,False,False,False,0,False,False,,Oswal Pumps Ltd.,Capital Goods,EQ,INE0BYP01024,SELL,Stage 4 takes precedence: the guide requires SELL regardless of RS.
PNGJL,2026-09-28,585.3499755859375,0.09893916972940575,0.05782958599775023,-0.05029609998853268,-0.016135870954067877,0.03785519090279224,596.176027062821,0.5202026908313728,Stage 1 — Basing,619.3264722637101,736.4000244140625,False,503.0,1.1775383783993887,1.6662550762968327,287060974.49990845,619.9110021972656,True,-1.8159152641913923,False,-20.51195597777339,False,False,True,True,False,False,False,False,594.9059997558594,592.3602496337891,False,3.1647723018935445,3,0.3782888522153762,21.46443855147315,0.6121397970848909,False,717.0,0.026328985964073532,0.03148948924704608,False,22.49082256854633,56.0,True,True,3,False,True,False,True,False,False,True,False,3,False,False,4.0,P N Gadgil Jewellers Ltd.,Consumer Durables,EQ,INE953R01016,WATCH,Stage 1 + RS 56; adequate RS in a basing stage remains WATCH.
POLICYBZR,2026-09-29,1081.0,-0.3339905019653764,-0.2591830892456821,-0.4318002628120894,-0.359027571894456,-0.3435983855765961,1622.975511200574,0.1311778507181005,Stage 1 — Basing,1684.609801049326,1964.199951171875,False,1077.0,7.003754271351617,0.07804337143273314,7661586486.7487545,1687.0519970703126,True,-33.393942635625784,False,-44.964869826258926,False,False,True,True,True,True,False,False,1620.6880013020834,1634.4905029296874,False,11.003041610828681,1,5.7344774226689825,43.46159975869182,9.33576573598566,False,1904.9000244140625,0.04891181394507036,0.0832318098688407,False,76.21646849343779,2.0,True,False,2,False,False,False,True,False,False,False,False,1,False,False,1.0,PB Fintech Ltd.,Financial Services,EQ,INE417T01026,AVOID,Stage 1 + RS 2; weak RS in a basing stage is AVOID.
PCJEWELLER,2026-09-29,13.229999542236328,0.5509964778894572,0.6599748921597139,0.5,0.07823953126792516,0.46804147584131073,9.76782312198561,2.389553429394531,Stage 2 — Advancing,11.163333387935863,14.859999656677246,False,7.46999979019165,0.8874558908782068,0.8618481844415268,4718214031.417956,11.185000057220458,False,35.444708375789304,True,-10.96904543808982,True,True,True,True,False,False,False,False,9.77259998957316,9.864149985313416,True,5.7553170871957615,2,1.8179846410772087,39.56931527786932,1.3850725002340276,False,14.859999656677246,0.0005986154265524785,0.0006318562049084731,False,12.320485040359962,91.0,True,True,5,True,False,True,True,True,True,True,True,7,False,False,,PC Jeweller Ltd.,Consumer Durables,EQ,INE785M01021,WAIT,"Stage 2 + RS 91; wait because price is more than 20% above the 30-week line (currently +35%) — the guide treats that as poor entry timing, not a failed trend."
PCBL,2026-09-29,330.45001220703125,0.048548877051331374,0.31114769404891685,0.13369580683193893,-0.09046210333661453,0.09029583032938081,298.5622429880155,0.7550220676445951,Stage 2 — Advancing,324.88834755093444,382.23402387266384,False,223.3811204499978,0.29208384675217064,2.177621601966313,577246816.4783951,324.8316290283203,False,10.68044267750754,False,-13.547724281835194,True,True,True,True,False,False,False,False,298.61620666503904,295.993692779541,True,3.360136749986167,2,0.6680680150576526,17.80748755323946,0.574355266495077,False,368.8500656499259,0.014951812687526865,0.01629464793191541,False,11.620533219661834,63.0,True,True,5,True,True,True,True,True,True,True,False,7,False,False,,PCBL Chemical Ltd.,Chemicals,EQ,INE602A01031,HOLD,Stage 2 + RS 63; trend/leadership is adequate without a stronger entry trigger.
PGEL,2026-09-29,493.1499938964844,-0.08036721483883491,0.011030747723614454,-0.14052256017125364,-0.02242326166652553,-0.06252990075836691,542.1724533807663,-1.1443111376249537,Stage 4 — Declining,574.0514484480316,644.0957170393084,False,436.34383127169804,1.3615242926156514,0.45423764571475317,469843837.19866484,573.3352398681641,True,-9.041857287030709,False,-23.435293722596196,False,False,True,False,True,True,False,False,543.8181042480469,553.6891793823243,False,2.8013753908633166,3,0.8144164542930015,23.381783389235622,0.4305440366854504,False,643.6458791540182,0.022313469702569314,0.027090585306472823,False,30.517263940010086,38.0,True,False,1,False,False,False,True,False,False,True,False,2,False,False,,PG Electroplast Ltd.,Consumer Durables,EQ,INE457L01029,SELL,Stage 4 takes precedence: the guide requires SELL regardless of RS.
PIIND,2026-09-29,2288.800048828125,-0.10265824903916665,-0.18278945175411832,-0.2900331365958395,-0.34118212478932597,-0.20386424224352342,2737.664396324936,-1.689560533686485,Stage 4 — Declining,2511.6778779871324,3812.9263498994665,False,2191.0,0.6873592331555763,1.0867406314264512,635587898.4815063,2508.467265625,True,-16.395886511851877,False,-39.97261319016895,False,False,False,False,False,False,False,False,2744.988291015625,2852.924631347656,False,2.7344340659487183,2,1.2328859803586991,22.71127199741744,1.079798886586108,False,2834.82476245021,0.1035609270543471,0.1610631481905603,False,23.85637460562149,9.0,True,False,0,False,False,False,False,False,False,False,False,0,False,False,,PI Industries Ltd.,Chemicals,EQ,INE603J01030,SELL,Stage 4 takes precedence: the guide requires SELL regardless of RS.
PNBHOUSING,2026-09-29,1098.199951171875,0.07037758174215503,0.3927771675955378,0.18650342648880303,0.2720767924581926,0.1984225100053687,1019.967296781994,1.7595155357139847,Stage 2 — Advancing,1130.2976816214766,1211.5,False,723.9501950006703,0.9422973961375,0.8196901353288704,982919811.0445862,1131.19306640625,True,7.670113996468886,False,-9.352046952383407,True,False,True,True,False,False,False,False,1016.2484419759114,986.4424667358398,True,3.123943532164371,2,1.0851302068485542,16.114827061438554,1.2779835256999614,False,1211.5,0.0496900570640186,0.05155577042459766,False,10.316887075730063,77.0,True,True,4,True,True,True,True,False,True,True,True,7,False,False,,PNB Housing Finance Ltd.,Financial Services,EQ,INE572E01012,HOLD,Stage 2 + RS 77; trend/leadership is adequate without a stronger entry trigger.
PNCINFRA,2026-09-29,129.8000030517578,-0.4241277080371152,-0.2308224473317051,-0.47369610589812916,-0.5550086973043065,-0.42155653332167425,204.7376063340375,-2.4937224248461343,Stage 4 — Declining,195.63627684350107,295.7236801458865,False,115.89978323828474,0.80655210363651,0.2731990924153037,314929508.0297394,194.70889190673827,True,-36.60177757476368,False,-56.10767355941031,False,False,False,False,True,True,False,False,204.83111134847005,211.96289443969727,False,6.597966047766095,2,2.1466109435833456,55.4022987250921,5.513188885053115,False,259.87837921030626,0.005873037557203647,0.012876541288000138,False,100.21446309726176,1.0,True,False,0,False,False,False,False,False,False,False,False,0,False,False,,PNC Infratech Ltd.,Construction,EQ,INE195J01029,SELL,Stage 4 takes precedence: the guide requires SELL regardless of RS.
PTC,2026-09-29,155.75,-0.03448084069295965,0.07648819502017146,0.10528262626595142,0.08442826367825829,0.03944748071569237,159.99877306879785,0.23803941569220388,Stage 1 — Basing,157.24615328919654,203.5447632528218,False,130.34474084135397,0.5781830922974934,0.7527927070852108,171685304.86814728,157.37555236816405,True,-2.6555035312495257,False,-23.481205062228106,False,False,False,True,False,False,False,False,159.73178405761718,156.17320541381835,True,1.6248549487825326,2,0.420090337408655,19.78452638345764,0.608996635613294,False,181.0981776697945,0.00704719243473146,0.008686815992933614,False,16.27491343164975,57.0,True,True,2,False,True,True,False,False,False,True,False,3,False,False,4.0,PTC India Ltd.,Power,EQ,INE877F01012,WATCH,Stage 1 + RS 57; adequate RS in a basing stage remains WATCH.
PTCIL,2026-09-28,21685.0,0.24419071662172231,0.3898859120625562,0.16117804551539483,0.42206046298117905,0.29230117076051493,18247.86301369863,1.6371816289260765,Stage 2 — Advancing,20582.450980392157,24125.0,False,14499.0,0.2524867478092402,1.248255845748795,664680800.75,20633.5,False,18.83583290668678,False,-10.113989637305698,True,True,True,True,False,False,False,False,18240.113333333335,18174.46,True,3.534372014888501,1,1.7911173198981387,27.311917098445598,0.535424193871916,False,24125.0,0.9753892277170036,1.0333894561913717,False,11.25201752363385,84.0,True,True,5,True,True,True,True,True,True,True,True,8,True,False,,PTC Industries Ltd.,Capital Goods,EQ,INE596F01018,HOLD,Stage 2 + RS 84; trend/leadership is adequate without a stronger entry trigger.
PVRINOX,2026-09-29,1190.0999755859375,0.23788219821531542,0.2687633001982277,0.17274338776276377,0.08102457007333652,0.19965913089299178,1060.3414991729114,1.5827716913383805,Stage 2 — Advancing,1194.6431334252452,1357.800048828125,False,907.4000244140625,1.3271884743188105,0.8332027938556311,870145727.4965881,1198.5139965820313,True,12.237423180573458,False,-12.350866638053537,True,False,True,True,False,False,False,False,1059.7326692708334,1049.3597525024413,True,3.8052047199935686,2,0.7156880958033467,27.74341285134771,0.9940606861434678,False,1357.800048828125,0.05384824105632947,0.05902436795699648,False,14.091259279256896,77.0,True,True,4,True,True,True,True,False,True,True,True,7,False,False,,PVR INOX Ltd.,Media Entertainment & Publication,EQ,INE191H01014,HOLD,Stage 2 + RS 77; trend/leadership is adequate without a stronger entry trigger.
PAGEIND,2026-09-28,37500.0,-0.07919321979274174,0.19023043977155019,0.04174760105060238,-0.07580257641211352,-0.0004421950350888843,36895.04586476293,0.702018555341688,Stage 2 — Advancing,37292.10700061275,43614.205560919945,False,29525.273567492757,0.606327187122538,1.2279472163291356,680500292.0,37235.877421875,False,1.639662239354589,False,-14.018839692906193,True,True,True,True,False,False,False,False,36743.79240885417,36133.21506835937,False,2.1333333333333333,2,2.0242348507058505,17.798232926898898,0.7173348458162931,False,41361.64125251004,1.686746416388639,1.8765665821443376,False,10.297710006693439,51.0,True,True,5,True,True,False,True,True,False,True,False,5,False,False,,Page Industries Ltd.,Textiles,EQ,INE761H01022,HOLD,Stage 2 + RS 51; trend/leadership is adequate without a stronger entry trigger.
PARADEEP,2026-09-29,154.0800018310547,0.15670697432956726,0.39364285057730153,-0.036352089140743504,-0.19979308929334172,0.09418232416047016,133.62047779316805,1.7904719985793793,Stage 2 — Advancing,150.4479585535386,200.0165475038783,False,98.72591600991848,0.2589201279902761,1.4320076804000803,376454498.2040657,150.6874429321289,False,15.311668073479012,False,-22.966372655708845,True,True,True,True,False,False,False,False,133.30712595621745,134.84693370819093,False,2.669763186725963,3,0.4472510643850388,20.96003402369842,0.21201553024610983,True,166.5,0.006971630325824835,0.00853804975751854,False,8.060746379379967,64.0,True,True,5,True,False,False,True,True,True,True,False,5,False,False,,Paradeep Phosphates Ltd.,Chemicals,EQ,INE088F01024,HOLD,Stage 2 + RS 64; trend/leadership is adequate without a stronger entry trigger.
PARAS,2026-09-29,1325.0,0.12089896625819829,1.1185769948661437,0.9377587131214136,0.9766120453620664,0.6549491371732041,1060.6351741868623,4.5528137824486725,Stage 2 — Advancing,1360.9974508846508,1583.9105379095645,False,580.1009628646058,0.5911109276492429,1.1789646620032175,1269903026.8305297,1363.78220703125,True,24.925142239961385,True,-16.346285456959777,True,False,True,True,False,False,False,False,1052.1200699869792,954.360626525879,True,4.545014003537736,2,1.0276809438751662,27.29337404947755,0.5567299567844642,False,1583.9105379095645,0.05995203836930456,0.06509103766651173,False,19.540417955438837,95.0,True,True,4,True,True,True,True,False,True,True,True,7,False,False,,Paras Defence and Space Technologies Ltd.,Capital Goods,EQ,INE045601023,WAIT,"Stage 2 + RS 95; wait because price is more than 20% above the 30-week line (currently +25%) — the guide treats that as poor entry timing, not a failed trend."
PARKHOSPS,2026-09-29,275.45001220703125,,,,,,258.5945570549997,2.358265896148959,Stage 2 — Advancing,282.18921436983,,False,,1.5219349127038102,1.1339861758049954,145922717.01897278,282.41899841308594,True,6.518101287200184,False,,True,False,True,True,False,False,False,False,257.24173258463543,,False,2.769493635348583,3,0.6013997379000385,11.988107416235392,0.7802640173389056,False,302.79998779296875,0.01246323750993309,,False,9.929197449220272,,True,False,3,False,False,False,False,False,False,False,False,0,False,False,,Park Medi World Ltd.,Healthcare,EQ,INE119201023,WAIT,Stage 2 + RS unavailable; wait because the close is below its 50-session average — short-term timing has weakened even though the 30-week trend is intact.
PATANJALI,2026-09-29,371.3999938964844,-0.09393931272107037,-0.21242515148314733,-0.3077390344073757,-0.3696874176504418,-0.21554604579662112,413.185163433049,-2.0021614811194577,Stage 4 — Declining,354.80468869676776,605.9581114957105,False,326.057353105007,0.8133744867495738,2.5714730960752084,2022157565.7320938,355.14020935058596,False,-10.112940452503771,False,-38.70863565474137,False,True,False,False,False,False,False,False,415.10747680664065,443.2315864562988,False,3.6675901096422483,2,1.9590530814256073,20.406796722697823,1.6885561716956345,False,412.8999938964844,0.01680466919580491,0.02554451019089186,False,11.173936640280813,8.0,True,False,1,False,False,False,False,True,False,False,False,1,False,False,,Patanjali Foods Ltd.,Fast Moving Consumer Goods,EQ,INE619A01035,SELL,Stage 4 takes precedence: the guide requires SELL regardless of RS.
PGIL,2026-09-29,1290.4000244140625,0.28801722399540397,0.86384381309684,0.6140944257478043,1.0943551342172877,0.629665564210548,941.9347791606878,3.2642827609822733,Stage 2 — Advancing,1153.2627455767463,1357.9000244140625,False,594.6744698202933,0.514591508244126,1.580886602027043,295578814.20109254,1155.85,False,36.99462563255973,True,-4.970910876087986,True,True,True,True,False,False,False,False,938.4513053385417,900.5982867431641,True,5.103068178757542,1,2.044344379505269,29.262098054129677,1.170633394365675,False,1357.9000244140625,0.05838649945314974,0.058800627141192184,False,5.230936044863288,95.0,True,True,5,True,True,True,True,True,True,True,True,8,True,False,,Pearl Global Industries Ltd.,Textiles,EQ,INE940H01022,WAIT,"Stage 2 + RS 95; wait because price is more than 20% above the 30-week line (currently +37%) — the guide treats that as poor entry timing, not a failed trend."
PERSISTENT,2026-09-29,5162.0,0.20505495472513058,0.05717146840548315,-0.16536728209896734,0.06734620731711005,0.0738520606147774,5124.177076690051,0.42477592658725083,Stage 2 — Advancing,5482.093635110294,6552.654210942315,False,4229.809203861739,0.5762249495293936,0.4518989383030282,2183190135.625,5487.716787109375,True,0.7381267810202319,False,-21.22276204686726,True,False,True,True,True,True,False,False,5116.33482421875,5345.160466308594,False,2.6450157746167045,3,0.4903319516238624,16.278936292233016,0.6393867782961286,True,5910.0,0.2335640921225284,0.27446080135776896,False,14.490507555211153,62.0,True,True,4,False,False,False,True,False,False,True,False,2,False,False,,Persistent Systems Ltd.,Information Technology,EQ,INE262H01021,REDUCE,Stage 2 + RS 62; distribution warning (U/D 0.45) triggers REDUCE.
PETRONET,2026-09-28,289.8500061035156,0.02692650523831941,0.19087648013920666,0.04080150593854204,0.12679664758657938,0.08246552882819339,276.8749107465352,-0.4367104754882667,Stage 3 — Topping,284.63725669711243,322.6775170144611,False,232.6659092397909,1.6690109665780526,1.374300052519959,415689742.90879667,284.8290020751953,False,4.686266199416833,False,-10.17347326044854,True,True,True,False,False,False,False,False,277.8106093343099,279.3195751953125,True,1.9295706444052825,2,0.8198703937068165,11.061210686918589,0.8145085368304543,False,300.6000061035156,0.013037425575608804,0.013800397393163572,False,3.7088148261624765,62.0,True,True,4,True,False,True,True,True,False,True,False,5,False,False,,Petronet LNG Ltd.,Oil Gas & Consumable Fuels,EQ,INE347G01014,REDUCE,Stage 3 with RS 62; the guide requires REDUCE when RS is 50 or higher.
PFIZER,2026-09-28,3968.0,-0.09602158745386091,-0.1405847370388098,-0.20187304573921672,-0.18223957160897097,-0.1433481058589439,4592.009590517241,-1.4274229310350162,Stage 4 — Declining,4568.735294117647,5489.439888599995,False,3952.0,0.4200428588331705,0.08866979563735286,215867858.85004884,4568.552001953125,True,-13.589030645882271,False,-27.71575824629382,False,False,False,False,True,True,False,False,4605.937291666667,4654.559013671875,False,1.8903011550551736,2,0.4060919161105506,23.247232472324722,0.4617591340281268,False,5149.0,0.17848026080613652,0.23358097023728974,False,29.763104838709676,20.0,True,False,0,False,False,False,False,False,False,False,False,0,False,False,,Pfizer Ltd.,Healthcare,EQ,INE182A01018,SELL,Stage 4 takes precedence: the guide requires SELL regardless of RS.
PHOENIXLTD,2026-09-28,1952.199951171875,0.026349703773847155,0.3019752181841866,0.05641246983008674,0.2690117213056542,0.1360197633735244,1829.7450363685346,0.7437262889240737,Stage 2 — Advancing,1931.1879691329657,2166.9299087704976,False,1463.661338687736,0.33228441295668343,1.906176411184541,740218142.6045716,1928.3865966796875,False,6.692457821685083,False,-9.90940947049178,True,True,True,True,False,False,False,False,1825.1947794596354,1817.4924188232421,True,2.651555448162303,2,1.0029199505719901,13.204872819764585,0.6993975631335946,False,2097.1222812913425,0.0878097672456863,0.09213801345024006,False,7.423539275906288,70.0,True,True,5,True,True,True,True,True,True,True,True,8,True,False,,Phoenix Mills Ltd.,Realty,EQ,INE211B01039,HOLD,Stage 2 + RS 70; trend/leadership is adequate without a stronger entry trigger.
PWL,2026-09-29,125.1500015258789,,,,,,114.68748292468842,2.0863869553261027,Stage 2 — Advancing,126.35215714398552,,False,,0.4308813279036015,3.2982515327190876,1606729345.6536117,126.20240036010742,True,9.12263338106467,False,,True,False,True,True,False,False,False,False,114.17819997151693,116.05669975280762,False,4.43296512545932,2,1.1714375982399103,19.721429007393972,0.5290677006104517,False,140.0,0.005662639768602276,,False,11.865759722783832,,True,False,3,True,False,False,True,False,False,False,False,2,False,False,,Physicswallah Ltd.,Consumer Services,EQ,INE0LP301011,WAIT,Stage 2 + RS unavailable; wait because the close is below its 50-session average — short-term timing has weakened even though the 30-week trend is intact.
PICCADIL,2026-09-28,600.5,0.0650758103664244,0.1256697205971662,0.07343908730654469,-0.10570685220208942,0.04471071528689405,617.1337606351669,0.2239959861721541,Stage 1 — Basing,672.5627249923407,808.3517449655756,False,514.14246279787,0.2484119428195381,0.9903843944874272,94833753.36220703,671.0070104980468,True,-2.6953250164189924,False,-25.7130322610273,False,False,True,True,False,False,False,False,615.8758435058594,607.2898971557618,True,3.0469087203164413,2,0.845938060344809,29.35654978078981,0.42287398571095963,False,808.3517449655756,0.02701043261443674,0.03305988829416102,False,34.613113233234905,58.0,True,True,3,False,True,True,True,False,False,False,False,3,False,False,3.0,Piccadily Agro Industries Ltd.,Fast Moving Consumer Goods,EQ,INE546C01010,WATCH,Stage 1 + RS 58; adequate RS in a basing stage remains WATCH.
PIDILITIND,2026-09-29,1461.0,-0.08006999408619764,0.11911176547757085,0.012885471148470495,0.0032179050641729656,-0.004984969296436192,1503.3616395288584,0.28057492205122436,Stage 1 — Basing,1613.769090839461,1707.5,False,1249.9992446237347,1.1935790488833178,0.5675001792661457,895817995.4318482,1614.4459985351561,True,-2.8177943626481072,False,-14.436310395314788,False,False,True,True,True,True,False,False,1503.1229565429687,1492.2020166015625,True,2.2166814530852768,2,1.1820876449897797,14.436310395314788,0.7244055619236177,False,1707.5,0.0661056060811728,0.07196907420506707,False,16.872005475701577,50.0,True,True,3,False,True,True,True,False,False,True,False,4,False,False,3.0,Pidilite Industries Ltd.,Chemicals,EQ,INE318A01026,WATCH,Stage 1 + RS 50; adequate RS in a basing stage remains WATCH.
PINELABS,2026-09-29,171.5500030517578,,,,,,165.00040835425966,-0.5310382181784479,Stage 3 — Topping,165.89274567248773,,False,,0.5616510740563979,1.4901195992477692,9276496668.412512,166.2022006225586,False,3.9694415079482903,False,,True,True,True,False,False,False,False,False,165.56073354085285,180.3820001220703,False,6.716491628022229,2,1.6311908601316396,32.99254287514085,1.7147973207072549,False,206.3800048828125,0.0077620923511043756,,False,20.303119330488293,,True,False,3,False,False,False,False,True,False,False,False,1,False,False,,Pine Labs Ltd.,Financial Services,EQ,INE15B701018,REDUCE,Stage 3 with RS unavailable; the guide requires REDUCE when RS is 50 or higher.
PIRAMALFIN,2026-09-29,2127.5,,,,,,2007.4390894052933,1.4376449944313974,Stage 2 — Advancing,2160.0392204733457,,False,,5.284636751949835,0.6777052608533174,929266471.1510864,2159.5880029296877,True,5.980799677975535,False,,True,False,True,True,True,False,False,False,2002.2579557291667,1932.5996759033203,True,4.75608560569498,2,2.2448585518310944,23.435349641418444,1.5847556956057296,False,2326.39990234375,0.09626261255146826,,False,9.348996584900116,,True,False,3,True,True,True,True,False,False,False,False,4,False,False,,Piramal Finance Ltd.,Financial Services,EQ,INE202B01038,REDUCE,Stage 2 + RS unavailable; distribution warning (U/D 0.68) triggers REDUCE.
PPLPHARMA,2026-09-29,209.07000732421875,0.2540187487610013,0.45632495736764844,0.20954584866495085,0.09095182628930765,0.2529720259687819,177.32299264920812,1.776996236940187,Stage 2 — Advancing,207.02137277640549,231.92999267578125,False,132.3000030517578,0.907261258093807,1.91834698695651,885993050.6170197,207.46560028076172,False,17.903495875357045,False,-9.856416191725081,True,True,True,True,False,False,False,False,176.97393280029297,174.19474960327148,True,3.0423860241512357,3,0.5698107812705223,24.459965299461228,0.5679026874830926,True,231.92999267578125,0.009459753283752715,0.009807799626434544,False,10.934129502426426,81.0,True,True,5,True,True,True,True,True,True,True,True,8,True,False,,Piramal Pharma Ltd.,Healthcare,EQ,INE0DK501011,HOLD,Stage 2 + RS 81; trend/leadership is adequate without a stronger entry trigger.
POLYMED,2026-09-28,1636.699951171875,-0.006149741479589355,0.333266974166164,-0.06645512200209802,-0.16302545054848738,0.01829738373127999,1563.3970069362692,1.8965110808631724,Stage 2 — Advancing,1724.2923703661152,2090.02010392206,False,1179.584393160086,1.4115042681104408,0.9921928684255147,242263231.2459839,1724.430556640625,True,4.688696723249763,False,-21.689750825817423,True,False,True,True,False,False,False,False,1555.6442529296876,1568.262421875,False,2.4963134059181256,2,0.9645095887951177,15.81229837645521,0.6467848548869342,False,1909.7889822218483,0.07361860739580321,0.08694901421522892,False,16.68534485227069,53.0,True,True,4,True,False,False,True,False,True,True,False,4,False,False,,Poly Medicure Ltd.,Healthcare,EQ,INE205C01021,HOLD,Stage 2 + RS 53; trend/leadership is adequate without a stronger entry trigger.
POLYCAB,2026-09-28,8191.0,-0.14059385164201033,0.16454862096262324,0.08911069662198567,0.1239146543603431,0.01927725373218627,8702.697472977312,0.23202338979715353,Stage 1 — Basing,8828.372549019608,10126.0,False,6631.534745548168,0.8580851903470255,0.42630914250071156,3185273277.625,8827.24,True,-5.879757104807792,False,-19.10922378036737,False,False,True,True,True,True,False,False,8693.471513671875,8379.914165039063,True,1.6507665207457662,2,1.1515365349304383,14.536791953414504,0.763728665597287,False,9445.0,0.3684303972437158,0.43565992085962413,False,15.309486021242824,53.0,True,True,3,False,True,True,True,False,False,True,False,4,False,False,3.0,Polycab India Ltd.,Capital Goods,EQ,INE455K01017,WATCH,Stage 1 + RS 53; adequate RS in a basing stage remains WATCH.
POONAWALLA,2026-09-28,445.1499938964844,0.0110152310651348,0.1575868106284819,-0.058879505504261354,-0.08263782813707499,0.007619987823483037,436.4493153193226,-0.18741804757843594,Stage 3 — Topping,470.11960796281403,570.4000244140625,False,361.20001220703125,0.8508163404936616,1.0106211412649233,558580701.8282868,470.1770001220703,True,1.9935140855464661,False,-21.958279305166563,True,False,True,False,False,False,False,False,437.1316668701172,441.64225006103516,False,3.4330319574934953,2,1.9251181443682226,16.370382651325965,1.4031640302050914,False,511.8999938964844,0.02002280418560852,0.023206223505441423,False,14.994945729578536,52.0,True,True,3,True,False,False,True,False,False,True,False,3,False,False,,Poonawalla Fincorp Ltd.,Financial Services,EQ,INE511C01022,REDUCE,Stage 3 with RS 52; the guide requires REDUCE when RS is 50 or higher.
PFC,2026-09-29,324.1000061035156,-0.2209366504757153,-0.16496602971998497,-0.04256977764587455,-0.16344297500571292,-0.16257041666460065,402.0750815462904,-1.0644827454411643,Stage 4 — Declining,369.9003942153033,476.82888450136187,False,317.6634042148347,1.6149950809767122,0.998663907284962,2943370497.756569,369.166337890625,True,-19.39316287468006,False,-32.03012304037761,False,False,False,False,False,False,False,False,402.1888199869792,392.7307633972168,True,1.7510050307124234,2,1.2886922995498338,24.455820226579675,1.20169044789469,False,424.65215554016766,0.01466449509540363,0.02072558023185853,False,31.025037810254254,16.0,True,False,0,False,True,True,False,False,False,False,False,2,False,False,,Power Finance Corporation Ltd.,Financial Services,EQ,INE134E01011,SELL,Stage 4 takes precedence: the guide requires SELL regardless of RS.
POWERGRID,2026-09-29,261.5,-0.08220514150855485,-0.11093477252183648,0.019447814646024852,-0.037286904688074385,-0.05863682911619915,287.2420909648039,-0.7772466498128017,Stage 4 — Declining,271.0286560058594,323.4425459044702,False,246.07771802547202,2.942471947980587,0.8664786858932192,2523797151.834015,270.7418292236328,True,-8.96181018538752,False,-19.151019768056464,False,False,False,False,False,False,False,False,287.530131632487,282.8127925872803,False,1.8970230048355983,3,0.9372270065672151,11.33638933842756,1.2030476676013113,False,292.7356396342428,0.011832043798923126,0.01455163131317523,False,11.944795271220944,39.0,True,False,0,False,True,False,False,False,False,True,False,2,False,False,,Power Grid Corporation of India Ltd.,Power,EQ,INE752E01010,SELL,Stage 4 takes precedence: the guide requires SELL regardless of RS.
POWERMECH,2026-09-28,2364.300048828125,-0.14287156968885484,0.2975868651824767,0.00954189779436132,-0.11860206085432545,-0.019443287451039425,2429.3701523036175,0.7237126350410295,Stage 1 — Basing,2482.9176767386643,3005.643635770155,False,1716.6396917096176,0.4256829280354505,0.866227032301242,106911464.15983887,2481.2377392578123,True,-2.678476287929632,False,-21.337978305525052,False,False,True,True,False,False,False,False,2420.9161572265625,2369.0833166503908,True,2.816427465468843,2,1.1052234297331722,16.598693067029522,0.5310965164977406,False,2720.2196468437583,0.10634599025675531,0.12452500335740942,False,15.053909853448854,47.0,True,False,2,False,True,True,True,False,True,True,False,5,False,False,2.0,Power Mech Projects Ltd.,Construction,EQ,INE211R01019,AVOID,Stage 1 + RS 47; weak RS in a basing stage is AVOID.
PRAJIND,2026-09-29,307.75,-0.10139531932768464,-0.01712457374724552,-0.037784714993746915,-0.08836832394809158,-0.06921365026889066,341.3997578523597,0.011347746804935,Stage 1 — Basing,326.5145347445619,422.8048706122484,False,269.90699581373747,0.41095685238537666,0.5386148417045956,127350827.06811218,326.40590393066407,True,-9.856409408149535,False,-27.212285999837615,False,False,False,True,True,True,False,False,340.6992120361328,332.7840536499023,True,2.232797336478763,3,0.5194866071944815,18.209017928021076,0.424078895095381,False,363.6000061035156,0.013924709289172436,0.018010699703129626,False,18.14784926190598,36.0,True,False,1,False,True,True,False,False,False,False,False,2,False,False,3.0,Praj Industries Ltd.,Capital Goods,EQ,INE074A01025,AVOID,Stage 1 + RS 36; weak RS in a basing stage is AVOID.
PREMIERENE,2026-09-29,870.0,-0.1547654146227727,-0.025910605145710752,0.015443285452798605,-0.14659764448142332,-0.09331915868397618,988.2187798947704,0.8576020046939137,Stage 1 — Basing,993.2196116727941,1134.0,False,666.4089382565205,2.85241229631528,0.5408408911793618,1093206755.5381255,992.1160034179687,True,-11.962814540658574,False,-23.28042328042328,False,False,True,True,True,True,False,False,983.0146748860677,934.134430847168,False,3.3185556095417694,2,1.344175242859603,20.402838851824242,1.5310499368175876,False,1072.4000244140625,0.03936473462739243,0.049179886010083385,False,23.26437062230604,31.0,True,False,2,False,True,False,True,False,True,True,False,4,False,False,1.0,Premier Energies Ltd.,Capital Goods,EQ,INE0BS701011,AVOID,Stage 1 + RS 31; weak RS in a basing stage is AVOID.
PRESTIGE,2026-09-29,1417.5,-0.07802747919814268,0.21016751814236212,-0.10792930982627835,-0.0667514283441013,-0.02411363568486058,1465.4302754304847,-0.025861651862235657,Stage 4 — Declining,1568.7376182406556,1802.9302554788078,False,1088.629585901896,1.4572140689904598,0.9947608730114516,696521993.45318,1566.0172924804688,True,-3.270730531099797,False,-21.377990319234407,False,False,True,False,False,False,False,False,1464.3674446614584,1482.9977618408202,False,2.9317223127677,2,0.8245572782834576,17.47827401942334,0.77895222452809,False,1707.5502952005643,0.06413736934980317,0.07476882169158322,False,20.46210195418443,47.0,True,False,1,False,False,False,True,False,True,True,False,3,False,False,,Prestige Estates Projects Ltd.,Realty,EQ,INE811K01011,SELL,Stage 4 takes precedence: the guide requires SELL regardless of RS.
PRICOLLTD,2026-09-29,749.3499755859375,0.28478349864712826,0.42651816676087817,0.1950402522507475,0.3978370974729324,0.317792502755763,634.2091818050462,1.5803374756296673,Stage 2 — Advancing,747.1392152075674,823.0,False,498.2068341942702,0.5592479206103345,0.8432023484940095,209310797.0270172,749.8629992675782,True,18.155018420449977,False,-8.948970159667379,True,True,True,True,False,False,False,False,633.8236647542318,629.126999053955,True,2.8219706556033204,3,0.3297557602001707,27.460510328068043,0.42642053121381746,True,823.0,0.03390570451952118,0.03440490556245863,False,9.828521627224118,86.0,True,True,5,True,True,True,True,False,True,True,True,7,False,False,,Pricol Ltd.,Automobile and Auto Components,EQ,INE726V01018,WAIT,Stage 2 + RS 86; wait because the close is below its 50-session average — short-term timing has weakened even though the 30-week trend is intact.
PFOCUS,2026-09-28,315.20001220703125,0.5013813877372075,-0.03623291860031763,0.2871610826611606,0.7185540914535642,0.39444900619776446,282.31753404173134,1.5329576120194588,Stage 2 — Advancing,300.2786272834329,367.0,False,161.00999450683594,2.528211308182853,1.5388124380688792,883230075.9094452,300.6020001220703,False,11.64733826289348,False,-14.114438090727177,True,True,True,True,False,False,False,False,281.85686645507815,271.1907497406006,True,4.935641301623344,1,1.405017117263475,27.425579754092915,4.908759035890453,False,362.79998779296875,0.014177666427623073,0.016490476672312047,False,15.101514512211578,89.0,True,True,5,True,True,True,True,True,True,True,True,8,True,False,,Prime Focus Ltd.,Media Entertainment & Publication,EQ,INE367G01038,HOLD,Stage 2 + RS 89; trend/leadership is adequate without a stronger entry trigger.
PRSMJOHNSN,2026-09-29,109.2699966430664,-0.07043816413212411,-0.13119186165542152,-0.19351987443398955,-0.3191051872372701,-0.15693865031818588,118.62993141069803,-0.5570679039822335,Stage 4 — Declining,110.73647024117264,165.89999389648438,False,97.0999984741211,0.5030076643179724,1.1803653022863212,41237758.58887978,110.69619964599609,True,-7.89002796876569,False,-34.13502069732025,False,False,False,False,False,False,False,False,118.82113321940105,121.2875,False,2.8278583256831418,2,0.9909719253979786,25.877863760212904,0.17107134237167787,False,131.0,0.004944120023667092,0.006978503508934258,False,19.886523313362293,18.0,False,False,0,False,False,False,False,False,False,False,False,0,False,False,,Prism Johnson Ltd.,Construction Materials,EQ,INE010A01011,SELL,Stage 4 takes precedence: the guide requires SELL regardless of RS.
PRIVISCL,2026-09-28,3605.300048828125,0.018284397357466897,0.2236162186119841,0.10759721386664389,0.5303359673656751,0.1796236389118474,3338.3048996497846,1.360424400418836,Stage 2 — Advancing,3526.019326171875,3774.7057070510364,False,2332.9521093636263,1.0585230265437433,1.499125932951154,301790508.1837036,3526.019326171875,False,7.997925809783002,False,-4.48791697605635,True,True,True,True,False,False,False,False,3326.678387044271,3210.2792736816405,True,2.9858810817481083,2,0.8921309759370638,12.488540691856846,1.2895576114509937,False,3774.7057070510364,0.16216605166311002,0.16216605166311002,True,4.69879499427448,75.0,True,True,5,True,True,True,True,True,True,True,True,8,True,False,,Privi Speciality Chemicals Ltd.,Chemicals,EQ,INE959A01019,HOLD,Stage 2 + RS 75; trend/leadership is adequate without a stronger entry trigger.
PRUDENT,2026-09-28,3171.300048828125,0.06239530642354518,0.43342539214194375,0.22664888685417628,0.24380319642219184,0.20573361765308046,2885.095196322737,1.8481869138037732,Stage 2 — Advancing,3276.4764763327207,4105.5,False,2118.407683707669,0.6320320095136173,0.7959710817514206,104317442.46379395,3285.3900048828127,True,9.92011816005851,False,-22.7548398775271,True,False,True,True,False,False,False,False,2871.8552083333334,2786.3564611816405,True,4.1082740466403385,3,0.749319545822873,32.72439410546827,0.69600995916373,False,4105.5,0.1426447731374388,0.15668849136794086,False,29.45794900476495,78.0,True,True,4,True,True,True,True,False,True,True,True,7,False,False,,Prudent Corporate Advisory Services Ltd.,Financial Services,EQ,INE00F201020,HOLD,Stage 2 + RS 78; trend/leadership is adequate without a stronger entry trigger.
PNB,2026-09-29,111.75,0.04478310542751962,0.09387901660269726,-0.04596403786339609,0.050127802279707145,0.03752179837480951,109.35122151277503,-0.46813839276201863,Stage 3 — Topping,115.15431407853669,131.33111679644097,False,95.71672519141161,1.997830060427974,0.8347042278088477,1510144536.1436458,115.21580032348633,True,2.1936458084693022,False,-14.909731428531959,True,False,True,False,False,False,False,False,109.6937099202474,112.34345737457275,False,2.1131364938815818,2,1.4753364041065096,9.029289469060538,0.8950697724849878,False,119.5,0.005056332292656441,0.005476615598736377,False,6.9351230425055865,56.0,True,True,3,False,False,False,True,False,False,True,False,2,False,False,,Punjab National Bank,Financial Services,EQ,INE160A01022,REDUCE,Stage 3 with RS 56; the guide requires REDUCE when RS is 50 or higher.
PURVA,2026-09-28,209.99000549316406,-0.01399256097318069,0.21641661098088294,-0.14914909685343125,-0.19605667810335836,-0.03135485718445361,210.62613777949892,-0.3132837143757228,Stage 4 — Declining,215.02392129337088,287.29998779296875,False,160.69000244140625,0.07094714951890731,8.340512254656101,254155495.10999146,214.9297998046875,True,-0.3020196320557389,False,-26.909149176683933,False,False,True,False,False,False,False,False,210.6837998453776,217.8847499847412,False,3.2443717431769596,2,1.4699207471818305,18.564455075058476,0.2460502715232877,False,245.89999389648438,0.009445330379814003,0.01185623048998666,False,17.100808354657303,45.0,True,False,1,False,False,False,False,False,True,False,False,1,False,False,,Puravankara Ltd.,Realty,EQ,INE323I01011,SELL,Stage 4 takes precedence: the guide requires SELL regardless of RS.
QPOWER,2026-09-28,1592.699951171875,0.2697816941351052,0.850466002677825,1.148940398163599,0.5729281369658301,0.622379585215493,1175.8331913360178,3.7405032776436364,Stage 2 — Advancing,1321.0946762982537,1593.5999755859375,True,580.4955789253012,1.426112010996707,1.0724490113096792,488427408.8407715,1324.75634765625,False,35.4528825098227,True,-0.05647743648663495,True,True,True,True,False,False,False,False,1168.1484037272135,1061.1230282592774,True,4.574202630364751,2,1.8150035129983568,33.50407503347311,1.8661038715607363,False,1593.5999755859375,0.07163949160057388,0.07163949160057388,True,0.05650935151975123,95.0,True,True,5,True,True,True,True,True,True,True,True,8,True,False,,QUALITY POWER ELECTRICAL EQUIPMENTS Ltd.,Capital Goods,EQ,INE0SII01026,WAIT,"Stage 2 + RS 95; wait because price is more than 20% above the 30-week line (currently +35%) — the guide treats that as poor entry timing, not a failed trend."
QUESS,2026-09-28,340.8999938964844,0.37067000255836224,1.004181099524755,0.6811178204995461,0.4119262183138175,0.5677130286909686,257.85380428784515,4.240957719689109,Stage 2 — Advancing,336.8950309005438,388.75,False,162.53922482226787,0.6578597345697218,0.3586078347286602,204674025.92973024,337.7900677490234,False,32.206695510272084,True,-12.308683242061901,True,True,True,True,True,True,False,False,256.10402526855466,242.25503761291503,True,4.480787641274565,2,0.6479239515463421,26.175521802681917,0.649763073534439,False,388.75,0.015333649148048105,0.016330932843647568,False,14.036376345036095,94.0,True,True,5,True,True,True,True,True,True,True,True,8,True,False,,Quess Corp Ltd.,Services,EQ,INE615P01015,REDUCE,Stage 2 + RS 94; distribution warning (U/D 0.36) triggers REDUCE.
RRKABEL,2026-09-28,2459.800048828125,-0.011453602636636306,0.8758562202543725,0.6733396195627126,1.0299389235724146,0.5112455116232455,2113.3479095877033,3.306718600329983,Stage 2 — Advancing,2615.311758003983,2983.800048828125,False,1175.2574703290545,0.23052857797826518,0.37909189833236984,1362829636.5244873,2620.9599951171876,True,16.39352127818896,False,-17.561498472586955,True,False,True,True,True,True,False,False,2097.5031787109374,1934.3458361816406,True,2.7560293705479264,3,0.4836222733089737,23.155041731289035,0.4283511041678665,True,2983.800048828125,0.11064157113049171,0.12487659890465053,False,21.30254449948641,93.0,True,True,4,True,True,True,True,False,True,True,True,7,False,False,,R R Kabel Ltd.,Capital Goods,EQ,INE777K01022,REDUCE,Stage 2 + RS 93; distribution warning (U/D 0.38) triggers REDUCE.
RBLBANK,2026-09-29,402.0,0.10786365998122482,0.3632361990395787,0.32492037796140427,0.4508308494254549,0.2709429492777775,354.69571151214393,1.6377020190634362,Stage 2 — Advancing,391.53163057215073,429.6000061035156,False,260.9244632419414,1.16417486232506,2.706936717505566,1796317493.2666016,392.03722717285154,False,13.336583147900981,False,-6.424582335053596,True,True,True,True,False,False,False,False,354.094321492513,342.4631669616699,True,2.669686735650709,2,0.8201256429637183,19.238418007636245,0.8597578773985719,False,429.6000061035156,0.01818922220713995,0.018661353440342147,False,6.8656731600785115,83.0,True,True,5,True,True,True,True,True,True,True,True,8,True,False,,RBL Bank Ltd.,Financial Services,EQ,INE976G01028,HOLD,Stage 2 + RS 83; trend/leadership is adequate without a stronger entry trigger.
RECLTD,2026-09-29,292.45001220703125,-0.18582677901229583,-0.06694145947344854,-0.1468807829572758,-0.17348483319542274,-0.15179212673014775,338.6249375116257,-0.7468169441748662,Stage 4 — Declining,332.0248107910156,381.3442016302781,False,292.20001220703125,7.765295096299857,0.39240261114326436,1852272748.546512,331.5384173583984,True,-13.636008512518128,False,-23.31074893579523,False,False,False,False,True,True,False,False,338.7273376464844,341.3093344116211,False,1.8183803840532284,2,1.0679205934224028,22.08309357438384,1.5672996809221913,False,375.0149044815861,0.013232433473916621,0.016473031974094773,False,28.232138426482777,19.0,True,False,0,False,False,False,False,False,False,True,False,1,False,False,,REC Ltd.,Financial Services,EQ,INE020B01018,SELL,Stage 4 takes precedence: the guide requires SELL regardless of RS.
RHIM,2026-09-29,393.20001220703125,0.061303031675885356,0.18471406922539857,-0.11904519991494289,-0.10510287542208396,0.016634411448028477,384.12165435372964,-1.1680259152216155,Stage 3 — Topping,382.4992484298407,504.94444206371475,False,320.9173739231228,0.899248138761619,17.701586247477394,400541642.20585024,382.00733947753906,False,2.363406944233759,False,-22.130044525291236,True,True,False,False,False,False,False,False,385.46839029947915,400.5288137817383,False,2.866550086239517,1,1.181891586589492,16.547345326060483,2.77361997574014,False,430.141556939269,0.017791050731054307,0.020878509789061323,False,9.395102641244812,53.0,True,True,3,False,False,False,False,True,False,True,False,2,False,False,,RHI MAGNESITA INDIA LTD.,Capital Goods,EQ,INE743M01012,REDUCE,Stage 3 with RS 53; the guide requires REDUCE when RS is 50 or higher.
RITES,2026-09-29,192.30999755859375,-0.04876366042526126,0.06420952397518587,-0.19311568487380804,-0.19648364191934609,-0.08458342473369815,207.43570776699352,-0.39272419812548254,Stage 4 — Declining,212.09279228659238,252.6160882566492,False,171.6534052563282,0.7947692382505265,0.6122185124378136,66470474.94603272,212.02938446044922,True,-7.291758189187969,False,-23.872624706620638,False,False,True,False,True,False,False,False,207.52549255371093,211.3966899871826,False,2.366238270184473,1,1.930908944146449,17.209186097886185,0.4854671654291881,False,231.00388918282758,0.008701416115044285,0.010667375089453538,False,20.12058245304924,32.0,True,False,1,False,False,False,True,False,False,True,False,2,False,False,,RITES Ltd.,Construction,EQ,INE320J01015,SELL,Stage 4 takes precedence: the guide requires SELL regardless of RS.
RADICO,2026-09-28,4478.2998046875,0.17192436328007177,0.6999606499085569,0.35789064352416555,0.5569016232483164,0.39172032864823647,3729.5030517578125,3.322366659056386,Stage 2 — Advancing,4465.0944728477325,4747.0,False,2494.465428414862,0.370833024816378,0.8594312767487302,1019036429.9451172,4471.931333007812,False,20.077654919112085,True,-5.660421219981037,True,True,True,True,False,False,False,False,3701.833699544271,3517.750849609375,True,2.4755881170898117,3,0.6544347074436554,14.916791608515906,0.7943078920757493,False,4747.0,0.20143349725521553,0.20163680848909238,True,6.000049282793607,89.0,True,True,5,True,True,True,True,True,True,True,True,8,True,True,,Radico Khaitan Ltd,Fast Moving Consumer Goods,EQ,INE944F01028,WAIT,"Stage 2 + RS 89; wait because price is more than 20% above the 30-week line (currently +20%) — the guide treats that as poor entry timing, not a failed trend."
RVNL,2026-09-29,197.89999389648438,-0.16417480108543558,-0.24818465701428494,-0.45826928351107166,-0.4171221607366523,-0.29038514068657606,246.69846847430378,-2.7239461907626494,Stage 4 — Declining,217.17698340322457,398.20450175980454,False,195.14999389648438,1.6872066313369998,0.5554727821353502,948616747.5078713,217.02932189941407,True,-19.780615128910817,False,-50.30191948561724,False,False,False,False,True,True,False,False,248.0931064860026,268.29115234375,False,2.7734069864482165,2,1.3929502462057093,17.317844395088915,1.0748046715486934,False,236.02431802696375,0.008954345681031825,0.016212357104290195,False,19.26443926543073,3.0,True,False,0,False,False,False,False,False,False,False,False,0,False,False,,Rail Vikas Nigam Ltd.,Construction,EQ,INE415G01027,SELL,Stage 4 takes precedence: the guide requires SELL regardless of RS.
RAILTEL,2026-09-29,259.25,-0.14961191445691102,-0.0004266519821196635,-0.29824363146337995,-0.29831921632756087,-0.17924266573737652,295.07227631653245,-1.327351831936896,Stage 4 — Declining,276.22914392807905,396.58160206280564,False,243.9284560598348,0.830368739309487,0.7726770623016093,126861193.46630096,275.8964575195312,True,-12.140170118220418,False,-34.62883839000095,False,False,False,False,False,False,False,False,295.4134917195638,306.8024033355713,False,2.9714834231912537,1,1.4148809942153189,16.666668375760388,0.778712874587857,False,297.6000061035156,0.011730238450748835,0.016952747052493323,False,14.792673521124634,13.0,True,False,0,False,False,False,False,False,False,False,False,0,False,False,,Railtel Corporation Of India Ltd.,Telecommunication,EQ,INE0DD101019,SELL,Stage 4 takes precedence: the guide requires SELL regardless of RS.
RAIN,2026-09-28,215.4499969482422,0.1669715148562354,0.9827933231392598,0.5628993175910657,0.6672689967785199,0.5093809334442633,175.79823282320206,2.5015738643350938,Stage 2 — Advancing,213.54480279660692,250.82236847510148,False,99.43315286007488,0.4590166488992735,2.3568852079144094,902466745.367302,213.59511474609374,False,22.55526889449304,True,-14.102558612259742,True,True,True,True,False,False,False,False,175.10465942382814,167.0222099685669,True,4.117296670069099,1,1.5213510437330886,23.834546955449518,0.6648249392404391,False,250.82236847510148,0.00969092027369042,0.010192584894388056,False,16.417903006680866,93.0,True,True,5,True,True,True,True,True,True,True,True,8,True,False,,Rain Industries Ltd,Chemicals,EQ,INE855B01025,WAIT,"Stage 2 + RS 93; wait because price is more than 20% above the 30-week line (currently +23%) — the guide treats that as poor entry timing, not a failed trend."
RAINBOW,2026-09-29,1367.800048828125,-0.024535355726703845,0.1774438067028128,0.030838820858440252,0.022764389418398867,0.03639526110524884,1362.0297901728381,1.0228540315302848,Stage 2 — Advancing,1466.169990234375,1610.0,False,1081.4576042961687,2.2175908391176136,0.6152061784541373,176117641.62460327,1466.169990234375,True,0.4236514279584602,False,-15.043475228066772,True,False,True,True,True,False,False,False,1357.6811653645834,1330.13369140625,True,2.983936049264458,2,1.0554995530918156,16.298138162364133,1.7272307134391196,False,1610.0,0.061888604535004076,0.06735044787116372,False,17.707262942370996,56.0,True,True,4,True,True,True,True,False,False,True,False,5,False,False,,Rainbow Childrens Medicare Ltd.,Healthcare,EQ,INE961O01016,REDUCE,Stage 2 + RS 56; distribution warning (U/D 0.62) triggers REDUCE.
RALLIS,2026-09-29,199.9600067138672,-0.1096664589947638,-0.11870298771638954,-0.27618989808117056,-0.34932673883802556,-0.19271050852502264,231.2804770956234,-2.0807087686867565,Stage 4 — Declining,210.4047061695772,311.01502998141837,False,196.75999450683594,0.6930276323027856,0.5959571008113853,102648876.12566987,210.040400390625,True,-13.542202426712702,False,-35.70728503834242,False,False,False,False,True,True,False,False,232.10799784342447,240.3086849975586,False,1.8732318135297812,3,0.6483809402624844,14.730229899529387,0.47648787947772103,False,230.75,0.009047554713083897,0.013364634129481632,False,15.39807574131149,11.0,True,False,0,False,False,False,False,False,False,False,False,0,False,False,,Rallis India Ltd.,Chemicals,EQ,INE613A01020,SELL,Stage 4 takes precedence: the guide requires SELL regardless of RS.
RKFORGE,2026-09-28,703.0999755859375,0.24729458995950582,0.44324656840881405,0.3765288812191938,0.3218811359356424,0.3272491530965324,607.6463409841878,1.764960015610395,Stage 2 — Advancing,698.8372539445465,772.7999877929688,False,459.4101971519111,0.5742297574164913,0.8364209577237761,414195704.87207335,701.5709985351563,False,15.708748356345925,False,-9.019152860766312,True,True,True,True,False,False,False,False,605.9796952311198,585.4765846252442,True,3.2920535490288407,2,0.5831427671813436,27.27743156350069,0.29394322722957134,True,772.7999877929688,0.03162536971153386,0.03228805448924015,False,9.913243440087705,86.0,True,True,5,True,True,True,True,True,True,True,True,8,True,False,,Ramkrishna Forgings Ltd.,Automobile and Auto Components,EQ,INE399G01023,HOLD,Stage 2 + RS 86; trend/leadership is adequate without a stronger entry trigger.
RCF,2026-09-29,108.11000061035156,-0.157336100547397,-0.02350831911972784,-0.23014410179474476,-0.23225559459662704,-0.16011604332117874,122.18517459168726,-1.0645596852014716,Stage 4 — Declining,117.39051519655713,154.10414270944614,False,104.7068431385872,0.8666521813455594,0.9022288232337984,109734130.18333359,117.21666854858398,True,-11.519543208389605,False,-29.846142543885858,False,False,False,False,False,False,False,False,122.26628901163737,125.32631816864014,False,2.4011902761237596,3,0.679288052956976,17.421093553318197,0.7756529190583685,False,128.31526902457767,0.004891633890337612,0.0063297392751342,False,18.689546110585688,17.0,True,False,0,False,False,False,False,False,False,False,False,0,False,False,,Rashtriya Chemicals & Fertilizers Ltd.,Chemicals,EQ,INE027A01015,SELL,Stage 4 takes precedence: the guide requires SELL regardless of RS.
RATEGAIN,2026-09-28,828.7000122070312,-0.014566858698117469,0.7678933593749999,0.283115341848865,0.2755117694887166,0.2594773506632693,757.961645256983,2.8838654648560835,Stage 2 — Advancing,903.1313775754443,1050.0,False,437.0,0.38863831074989286,0.4758833839589876,265093272.56302795,902.2250048828125,True,9.332710618367068,False,-21.076189313616066,True,False,True,True,True,True,False,False,751.5100014241536,721.6905012512207,True,2.989192235297957,2,0.6958028446572877,22.471429734002974,0.5190037018964857,False,1050.0,0.03727484735603817,0.042075534732725774,False,26.70447502511706,82.0,True,True,4,True,True,True,True,False,True,True,True,7,False,False,,Rategain Travel Technologies Ltd.,Information Technology,EQ,INE0CLI01024,REDUCE,Stage 2 + RS 82; distribution warning (U/D 0.48) triggers REDUCE.
RATNAMANI,2026-09-28,2748.39990234375,0.04286421773275095,0.2485033137760344,0.19406810214335057,0.14365968588142675,0.13439190745326274,2525.4311304552803,1.023542043890835,Stage 2 — Advancing,2547.58500402114,3330.2583637320286,False,1927.9657490362597,0.21814395313414553,1.6886477462437395,145269991.58326417,2547.7116845703126,False,8.828938916590978,False,-17.471871483755496,True,True,True,True,False,False,False,False,2522.7055240885416,2444.255679321289,True,3.618468548346959,2,1.0211195957568413,25.96449035949962,0.38742977906688375,False,2897.39990234375,0.12362276496216548,0.13304125314957282,False,5.421336242696606,70.0,True,True,5,True,True,True,True,True,True,True,True,8,True,False,,Ratnamani Metals & Tubes Ltd.,Capital Goods,EQ,INE703B01027,HOLD,Stage 2 + RS 70; trend/leadership is adequate without a stronger entry trigger.
RTNINDIA,2026-09-29,25.65999984741211,-0.2195864046885505,-0.050684454473960194,-0.37123256594140064,-0.5067281887425953,-0.27356360370701144,31.68585050673712,-0.9785385007441638,Stage 4 — Declining,29.553529402788946,54.5,False,24.399999618530273,2.326002269436246,0.4896941675932597,48011147.199159145,29.492600021362303,True,-19.017481187837394,False,-52.917431472638334,False,False,False,False,True,True,False,False,31.643133494059246,33.160200099945065,False,4.208885152487544,2,1.5593255161814845,26.1178548275575,1.1806715445044575,False,33.77000045776367,0.0011610334304969056,0.002306033945458014,False,31.60561441378762,4.0,False,False,0,False,False,False,False,False,False,False,False,0,False,False,,RattanIndia Enterprises Ltd.,Consumer Services,EQ,INE834M01019,SELL,Stage 4 takes precedence: the guide requires SELL regardless of RS.
RTNPOWER,2026-09-29,6.869999885559082,-0.2375139055449651,-0.13693469187993046,-0.2596982668921367,-0.4020887708955525,-0.25474990815151,8.659319747872905,-1.1887201745057085,Stage 4 — Declining,7.856274539349126,11.9399995803833,False,6.710000038146973,0.925295899633382,0.45747997230648907,119633471.54470868,7.836400022506714,True,-20.66351531543058,False,-42.46231049416386,False,False,False,False,True,True,False,False,8.652400016784668,8.73125,False,2.547306480807061,2,1.0331503534075122,26.98585044040765,1.028601028238186,False,9.1899995803833,0.00031084565791408,0.0005063467147390092,False,33.770010676432726,5.0,True,False,0,False,False,False,False,False,False,False,False,0,False,False,,RattanIndia Power Ltd.,Power,EQ,INE399K01017,SELL,Stage 4 takes precedence: the guide requires SELL regardless of RS.
RAYMONDLSL,2026-09-29,660.5499877929688,-0.16030004793430164,-0.14665894470663976,-0.3379559682599147,-0.428068168558441,-0.24665663547871977,751.3392304920014,-2.0393719725773085,Stage 4 — Declining,700.1803923962163,1244.832144824717,False,628.25,0.5234947535303435,1.3140107036507127,258868277.3436676,699.7880004882812,True,-12.083655293705476,False,-46.93662189403216,False,False,False,False,False,False,False,False,754.1373282877604,810.9110220336914,False,4.116700815475427,3,0.9400845583178298,18.30299089726918,1.2516708168573933,False,769.0,0.029887787330571864,0.05222804193961298,False,16.41813855290266,6.0,True,False,0,False,False,False,False,False,False,False,False,0,False,False,,Raymond Lifestyle Ltd.,Textiles,EQ,INE02ID01020,SELL,Stage 4 takes precedence: the guide requires SELL regardless of RS.
REDINGTON,2026-09-28,404.8500061035156,0.4446274380580715,1.0614912524971998,0.527002399141498,0.5622902304197395,0.608007751634916,274.3753389332392,3.9118034937605017,Stage 2 — Advancing,350.62941188438265,419.5,False,187.19874597305954,0.5238532058967432,2.343656536587503,2361844941.841382,352.2520001220703,False,47.55335070475244,True,-3.492251226813914,True,True,True,True,False,False,False,False,273.63098907470703,270.944621887207,True,3.776531256435901,3,0.3416907339223017,39.046484636891016,0.691598443735193,False,419.5,0.018210114585867295,0.018210114585867295,True,3.6186226196421423,95.0,True,True,5,True,True,True,True,True,True,True,True,8,True,False,,Redington Ltd.,Services,EQ,INE891D01026,WAIT,"Stage 2 + RS 95; wait because price is more than 20% above the 30-week line (currently +48%) — the guide treats that as poor entry timing, not a failed trend."
REDTAPE,2026-09-28,119.97000122070312,-0.11036891776646351,0.0782690433049118,-0.011280353156466694,-0.16860892392892102,-0.06447161386268059,125.41741034102766,-0.19021832701215935,Stage 4 — Declining,123.95011901855469,156.6134844830799,False,105.92267660028074,0.29168915369347176,6.929927648393313,260718625.62732393,123.817353515625,True,-4.3434233775934805,False,-23.397399900348702,False,False,False,False,False,False,False,False,125.2811959330241,124.38876998901367,False,4.415389280542262,1,1.9351715051076195,23.83325860990166,9.60514585658424,False,148.49000549316406,0.005396239190217644,0.006388136388260846,False,23.772613138507893,37.0,True,False,0,False,True,False,False,False,False,True,False,2,False,False,,Redtape Ltd.,Consumer Durables,EQ,INE0LXT01019,SELL,Stage 4 takes precedence: the guide requires SELL regardless of RS.
REFEX,2026-09-28,275.79998779296875,-0.20710256860854326,0.4060451102458762,0.0532225361816705,-0.2578283938383116,-0.04255317692557029,279.6578623804553,1.1157169722966431,Stage 1 — Basing,291.71746886010266,381.1815877927063,False,187.40098243331008,0.3628884288638438,3.273947636946985,169375470.70730132,291.34067199707033,True,-1.379497988952716,False,-27.6460362658036,False,False,True,True,False,False,False,False,277.977109375,270.5727172851563,False,3.564953900055291,1,0.8213978022578579,25.155864423548756,2.1582744868429637,False,344.8500061035156,0.012405457094661877,0.015892379351732516,False,25.036265905268927,42.0,True,False,2,False,True,False,True,False,True,False,False,3,False,False,1.0,Refex Industries Ltd.,Utilities,EQ,INE056I01025,AVOID,Stage 1 + RS 42; weak RS in a basing stage is AVOID.
RELAXO,2026-09-28,290.75,-0.2890084509619506,0.1772994748223664,-0.27075759938135346,-0.31660537801300814,-0.19761608089917926,334.62693523538525,-1.136775675672641,Stage 4 — Declining,362.4853395948223,467.82154146357,False,233.86133830038253,0.2006863789210591,0.4550508011625287,79337370.0761261,361.09157104492186,True,-13.11219469063991,False,-37.850232571506936,False,False,True,False,True,True,False,False,335.1143509928385,346.777638092041,False,3.7419488302314203,2,0.9887179491043505,33.61007285766283,0.288054911966572,False,434.10201609220434,0.01307790721506658,0.01950367471957503,False,49.30421877633855,11.0,True,False,1,False,False,False,True,False,False,False,False,1,False,False,,Relaxo Footwears Ltd.,Consumer Durables,EQ,INE131B01039,SELL,Stage 4 takes precedence: the guide requires SELL regardless of RS.
RELIANCE,2026-09-29,1182.0,-0.09146810146041506,-0.11915653223848421,-0.23171256251248185,-0.13500502938123426,-0.1337620654106061,1322.8509131191538,-0.8941332976300509,Stage 4 — Declining,1284.2764725030638,1604.3820104615531,False,1181.800048828125,2.2292821670646727,0.501227776915813,14191858758.080029,1283.8880029296874,True,-10.647527376085108,False,-26.32677303206866,False,False,False,False,True,True,False,False,1324.2597224934896,1359.870432739258,False,1.582668747969921,3,1.1097070748027453,11.608074134022065,1.1244742168450546,False,1337.0,0.05348174290756074,0.06781378094300845,False,13.113367174280889,22.0,True,False,0,False,False,False,False,False,False,False,False,0,False,False,,Reliance Industries Ltd.,Oil Gas & Consumable Fuels,EQ,INE002A01018,SELL,Stage 4 takes precedence: the guide requires SELL regardless of RS.
RPOWER,2026-09-29,19.770000457763672,-0.1810273008440374,-0.07400467894498874,-0.43994331770388073,-0.5595900929701816,-0.2871185382614252,24.65183671964269,-1.4145309782120696,Stage 4 — Declining,22.480588202383004,50.72999954223633,False,19.450000762939453,1.7770616265379127,0.5994195098724248,397529275.6602715,22.444199981689454,True,-19.803134011467595,False,-61.02897568271464,False,False,False,False,True,True,False,False,24.65713331858317,26.331549978256227,False,2.7964439932632654,2,1.8482554527406903,23.12252431040298,0.9410400616036529,False,25.299999237060547,0.0008945296800037858,0.0020816238296130513,False,27.971667431728587,3.0,True,False,0,False,False,False,False,False,False,False,False,0,False,False,,Reliance Power Ltd.,Power,EQ,INE614G01033,SELL,Stage 4 takes precedence: the guide requires SELL regardless of RS.
RELIGARE,2026-09-28,234.32000732421875,-0.1461574405934175,0.0634474503888518,-0.054551279912220085,-0.07008488254129386,-0.07070071865029944,238.26513703228676,0.8384676167960237,Stage 1 — Basing,245.87921651204428,280.0,False,196.50999450683594,0.2035710720908103,2.182898923747152,210471001.3810707,245.65680084228515,True,-1.6557729583129954,False,-16.3142830984933,False,False,True,True,False,False,False,False,237.50813334147136,238.23765007019043,True,3.0355318117238297,2,1.492653945018169,15.242974497661999,0.5168276716845447,False,263.3999938964844,0.010539691537127617,0.012036511501971258,False,12.41037285050477,35.0,True,False,2,False,False,True,True,False,False,True,False,3,False,False,2.0,Religare Enterprises Ltd.,Financial Services,EQ,INE621H01010,AVOID,Stage 1 + RS 35; weak RS in a basing stage is AVOID.
RBA,2026-09-29,91.9800033569336,0.15277606594229343,0.5823155284162786,0.4371875524520874,0.1824142212932387,0.30149388680923833,75.48500003553417,2.7011622491508014,Stage 2 — Advancing,91.01333378810509,111.1500015258789,False,57.150001525878906,0.14519080066284373,0.7324658988911303,277972751.6554211,91.51600051879883,False,21.85202797063588,True,-17.246961678612294,True,True,True,True,False,False,False,False,75.16860003153484,72.58665008544922,True,3.542694516108342,3,0.2786685224605209,42.80701860357303,0.2830452901663892,False,111.1500015258789,0.004161802785255581,0.004530426993754051,False,20.84148452849588,85.0,True,True,5,True,True,True,True,True,True,True,True,8,True,False,,Restaurant Brands Asia Ltd.,Consumer Services,EQ,INE07T201019,WAIT,"Stage 2 + RS 85; wait because price is more than 20% above the 30-week line (currently +22%) — the guide treats that as poor entry timing, not a failed trend."
ROUTE,2026-09-28,453.45001220703125,-0.12653896830764888,0.040660463411928305,-0.33934982737501085,-0.42089353411367814,-0.1945321669384117,507.9798500374572,-0.5121314632187013,Stage 4 — Declining,511.2742620729933,802.8491089812646,False,406.117116732523,0.14766007218029115,0.7465850914763517,109320849.08022614,510.3812145996094,True,-10.73464583809871,False,-43.5198959388005,False,False,True,False,False,False,False,False,507.59190246582034,536.1167434692383,False,3.2504755527203737,2,0.5572726837664131,29.671412905885152,0.3718550557732345,False,642.6973989895835,0.020396138216042522,0.03409990028659282,False,41.73500533420378,11.0,True,False,1,False,False,False,False,False,False,False,False,0,False,False,,Route Mobile Ltd.,Telecommunication,EQ,INE450U01017,SELL,Stage 4 takes precedence: the guide requires SELL regardless of RS.
RUBICON,2026-09-28,1592.800048828125,,,,,,1271.7414201407596,5.3016958315018625,Stage 2 — Advancing,1682.7428816253064,,False,,0.6356675278501273,0.8395402431406468,418827019.24938965,1686.1913159179687,True,25.245590306544386,True,,True,False,True,True,False,False,False,False,1255.3888757324219,1115.7450790405273,True,4.073240937136835,2,1.9595999628708052,23.61349984116671,0.9204543094781769,False,1899.0,0.07164399398358638,,False,19.22400438128793,,True,False,3,True,True,True,True,False,False,False,False,4,False,False,,Rubicon Research Ltd.,Healthcare,EQ,INE506V01022,WAIT,"Stage 2 + RS unavailable; wait because price is more than 20% above the 30-week line (currently +25%) — the guide treats that as poor entry timing, not a failed trend."
SBFC,2026-09-28,86.81999969482422,-0.04404316244704809,0.040009537656699345,-0.1691070775212652,-0.18532420058699872,-0.08050161306913216,92.56184914993914,-0.3650226608605811,Stage 4 — Declining,94.17294117048675,123.0,False,79.5999984741211,0.5020474905324904,1.640462339029006,149157944.30977097,94.18639999389649,True,-6.203257073887758,False,-29.414634394451856,False,False,True,False,False,False,False,False,92.64779983520508,94.34889980316161,False,2.6977010143790623,2,1.9187738864129693,17.233449534394254,0.4513341907080411,False,104.38999938964844,0.0039051552894961996,0.004976754311636756,False,20.23727223748384,34.0,True,False,1,False,False,False,False,False,False,False,False,0,False,False,,SBFC Finance Ltd.,Financial Services,EQ,INE423Y01016,SELL,Stage 4 takes precedence: the guide requires SELL regardless of RS.
SBICARD,2026-09-29,581.0,-0.03472341512929533,-0.1379182588077139,-0.31403559784145885,-0.3246433043148571,-0.16920879824452412,643.6670976496067,-1.526061937015477,Stage 4 — Declining,643.3529423732383,961.6311031378486,False,565.4500122070312,0.6450162720014073,0.9609117037006728,1067550930.4287506,643.3190014648437,True,-9.735948579388287,False,-39.58182112619184,False,False,False,False,False,False,False,False,646.3296618652344,688.1023245239257,False,2.904475793400003,2,1.1553870728905296,13.925925925925926,0.588638592524827,False,675.0,0.026288403239672412,0.039680367612810935,False,16.179001721170394,15.0,True,False,0,False,False,False,False,False,False,False,False,0,False,False,,SBI Cards and Payment Services Ltd.,Financial Services,EQ,INE018E01016,SELL,Stage 4 takes precedence: the guide requires SELL regardless of RS.
SBILIFE,2026-09-29,1735.0,-0.011621296644832801,-0.05583368358133678,-0.13552997167034053,-0.028673403774248207,-0.048655930463118224,1824.0598526519982,-1.105951805628047,Stage 4 — Declining,1784.2176465801165,2129.040438508761,False,1652.9000244140625,1.724025106885133,0.6815789331407965,1778590122.7913756,1783.3439990234374,True,-4.882507145942294,False,-18.507888877148705,False,False,False,False,True,False,False,False,1828.812002766927,1881.3394158935546,False,2.253189809335117,1,1.2303839180521638,13.68668279822128,1.4359643215544862,False,1915.0,0.07850323514773087,0.08988540017244864,False,10.374639769452454,40.0,True,False,0,False,False,False,False,False,False,True,False,1,False,False,,SBI Life Insurance Company Ltd.,Financial Services,EQ,INE123W01016,SELL,Stage 4 takes precedence: the guide requires SELL regardless of RS.
SJVN,2026-09-29,59.83000183105469,-0.16215797230818374,-0.09099773353287544,-0.1646123317195225,-0.3215200645495865,-0.1802892148836704,70.2511494954427,-1.0690465778838032,Stage 4 — Declining,65.84954115923713,90.26870728553163,False,59.41999816894531,5.69990658861493,0.6221037247604243,167420822.690761,65.80080642700196,True,-14.834131169717091,False,-33.72010785331773,False,False,False,False,True,False,False,False,70.31994298299153,71.1999002456665,False,2.216995669456624,1,1.7501785718921896,15.183173293221689,1.7541581655994607,False,70.05685130660122,0.0027071174078573228,0.003891355731306539,False,17.09317927889198,13.0,True,False,0,False,False,False,False,False,False,False,False,0,False,False,,SJVN Ltd.,Power,EQ,INE002L01015,SELL,Stage 4 takes precedence: the guide requires SELL regardless of RS.
SKFINDUS,2026-09-28,2881.699951171875,,,,,,2510.9919871363145,1.240493149960753,Stage 2 — Advancing,2817.044313916973,,False,,0.547456445034582,3.0036551322844853,322726266.2331909,2821.053974609375,False,14.763406889973307,False,,True,True,True,True,False,False,False,False,2510.4180110677084,2515.079305419922,False,4.348870313275784,1,2.0853493918259307,19.666535851250263,3.3931314019722945,False,3218.699951171875,0.12961858841990603,,False,11.694486091897094,,True,False,4,True,False,False,True,True,False,False,False,3,False,False,,SKF India (Industrial) Ltd.,Capital Goods,EQ,INE2J8701016,WAIT,Stage 2 + RS unavailable; wait for a clearer entry trigger; no breakout setup is present.
SKFINDIA,2026-09-28,1511.800048828125,-0.06591048503594998,0.026798633263899863,-0.12924748501470795,-0.6714009030894932,-0.18113414498244026,1574.8938983237906,-0.7965820271111257,Stage 4 — Declining,1535.4019727519915,4953.039658667183,False,1370.529580184146,0.4599236532435971,1.74242776203966,74578266.51829223,1536.4640112304687,True,-4.006228582307569,False,-69.47732800437669,False,False,False,False,False,False,False,False,1580.0622094726561,1618.4293084716796,False,2.5929351436918617,2,1.4188949100442825,16.97245152719422,0.8783360347118753,False,1716.9000244140625,0.06800062172418692,0.21087787738641042,False,13.566607286785114,12.0,True,False,0,False,False,False,False,False,False,False,False,0,False,False,,SKF India Ltd.,Automobile and Auto Components,EQ,INE640A01023,SELL,Stage 4 takes precedence: the guide requires SELL regardless of RS.
SKYGOLD,2026-09-28,796.9500122070312,0.5966142881939127,1.4252890973957437,1.393602591945486,1.9245872007597478,1.1873414932977606,563.8020537912029,5.457683067232644,Stage 2 — Advancing,759.9127448586856,868.7999877929688,False,259.0,0.9130484831164986,1.012373694389129,622232282.4821045,761.9440002441406,False,41.35280402901331,True,-8.270024930416897,True,True,True,True,False,False,False,False,558.405332438151,501.94374908447264,True,3.64290867971626,2,1.0727243567463043,27.19267994008045,0.5710392554789366,False,868.7999877929688,0.035846735390162456,0.03624761854225649,False,9.015618857569251,98.0,True,True,5,True,True,True,True,True,True,True,True,8,True,False,,SKY GOLD AND DIAMONDS Ltd.,Consumer Durables,EQ,INE01IU01018,WAIT,"Stage 2 + RS 98; wait because price is more than 20% above the 30-week line (currently +41%) — the guide treats that as poor entry timing, not a failed trend."
SMLMAH,2026-09-28,6515.5,0.6012952692001314,0.6471326978839111,0.8059411107630621,1.0569773937793738,0.742528348165322,4477.720186416417,2.3831152031477343,Stage 2 — Advancing,5504.21373314951,6898.5,False,2703.052088847761,0.35691197942388014,3.478626789875963,692919384.175,5534.586005859375,False,45.50931565052632,True,-5.551931579328839,True,True,True,True,False,False,False,False,4489.314093424479,4383.657761230469,True,4.818180821557386,3,0.2977038532185319,45.408422120750885,0.2966998021331613,False,6898.5,0.2930665673594714,0.30196650961134336,False,5.878290230987648,97.0,True,True,5,True,True,True,True,True,True,True,True,8,True,False,,SML Mahindra Ltd.,Capital Goods,EQ,INE294B01019,WAIT,"Stage 2 + RS 97; wait because price is more than 20% above the 30-week line (currently +46%) — the guide treats that as poor entry timing, not a failed trend."
SHRIPISTON,2026-09-28,4645.2998046875,0.1532052152325909,0.5331717956922455,0.45962660637650954,0.7545646266219246,0.4107546918311723,3833.5596140894395,2.6500177001947955,Stage 2 — Advancing,4461.613702512255,4843.0,False,2518.619011912407,1.8694849818525006,1.155338436365688,311608512.2344238,4466.16998046875,False,21.17458112858557,True,-4.082184499535413,True,True,True,True,False,False,False,False,3810.2375520833334,3615.0031420898435,True,3.2027763698479665,2,1.571360131429333,15.5482139169936,1.3317888857768394,False,4843.0,0.20894514129619962,0.21000286702004115,False,4.255918963787941,90.0,True,True,5,True,True,True,True,True,True,True,True,8,True,False,,SPR Auto Technologies Ltd.,Automobile and Auto Components,EQ,INE526E01018,WAIT,"Stage 2 + RS 90; wait because price is more than 20% above the 30-week line (currently +21%) — the guide treats that as poor entry timing, not a failed trend."
SRF,2026-09-29,2420.10009765625,-0.09006700256069633,-0.028137999731365437,-0.21025581620647327,-0.13181771126096298,-0.11006910646403886,2612.243896484375,-0.3371725759491295,Stage 4 — Declining,2585.165900735294,3198.0092293385956,False,2350.533958547856,0.8195675104593192,0.6386906480920751,516439834.4215332,2578.200693359375,True,-7.355507618822155,False,-24.324793204028083,False,False,False,False,True,False,False,False,2611.8624739583333,2688.8152380371093,False,1.9706975633496382,3,0.43571031879175576,18.4317950205733,0.5872822520923363,False,2964.2676370696126,0.10950183691490203,0.1348714398724341,False,22.48533190591424,27.0,True,False,0,False,False,False,False,False,False,True,False,1,False,False,,SRF Ltd.,Chemicals,EQ,INE647A01010,SELL,Stage 4 takes precedence: the guide requires SELL regardless of RS.
LOTUSDEV,2026-09-28,208.0500030517578,0.3858075413012829,0.9055328557749507,0.32774243670401026,0.07865368093451708,0.4167088112032088,154.3080948085001,3.332888197662909,Stage 2 — Advancing,188.37748119877833,225.48413604918645,False,101.81956678755641,0.6495018188334852,3.1931576776888924,347486563.66590196,189.33572723388673,False,34.82766624132885,True,-7.731866774709861,True,True,True,True,False,False,False,False,153.965185546875,153.36197761535644,True,4.779436083079393,3,0.3011807760498794,38.4959675615815,0.3648591460653703,False,225.48413604918645,0.009358069255391944,0.009764407661956449,False,8.379780217110323,90.0,True,True,5,True,True,True,True,True,True,True,True,8,True,False,,SRI LOTUS DEVELOPERS AND REALTY Ltd.,Realty,BE,INE0V9Q01010,WAIT,"Stage 2 + RS 90; wait because price is more than 20% above the 30-week line (currently +35%) — the guide treats that as poor entry timing, not a failed trend."
SAATVIKGL,2026-09-28,422.3999938964844,-0.11139163043473377,0.10114699472267064,0.12430125145622539,-0.04152488723315473,-0.007771980384745251,432.43835574633454,0.42605035418086246,Stage 1 — Basing,424.1068635828355,567.0,False,328.0,0.6139584912448302,3.140767896822519,66071238.09012146,423.31000061035155,True,-2.321339380852372,False,-25.502646579103285,False,False,False,True,False,False,False,False,430.99366638183596,422.04725006103513,True,3.929925228113687,1,1.8616205722456256,17.92191120381197,1.9698252404155845,False,468.70001220703125,0.018999511359666082,0.023737455751267924,False,10.961178735692268,49.0,True,False,1,False,True,True,False,False,False,False,False,2,False,False,1.0,Saatvik Green Energy Ltd.,Capital Goods,EQ,INE13B501022,AVOID,Stage 1 + RS 49; weak RS in a basing stage is AVOID.
SAFARI,2026-09-28,1453.199951171875,-0.08525865543953348,0.008936731810242904,-0.3482990903263209,-0.3353961563717003,-0.16905516515336905,1543.8159696790908,-1.5753860326119584,Stage 4 — Declining,1519.4019897460937,2504.019782423858,False,1361.4252325150483,0.6167815476045498,0.6833288108910189,59221498.91641235,1519.4019897460937,True,-5.869612718545203,False,-41.96531667312961,False,False,False,False,True,False,False,False,1555.9704150390626,1689.7971673583984,False,2.9614453929975624,2,0.8599296361575021,12.620178978517957,1.0807769015598085,False,1643.4000244140625,0.06536479493160814,0.10409915099725167,False,13.088362209812088,15.0,True,False,0,False,False,False,False,False,False,False,False,0,False,False,,Safari Industries (India) Ltd.,Consumer Durables,EQ,INE429E01023,SELL,Stage 4 takes precedence: the guide requires SELL regardless of RS.
SAGILITY,2026-09-29,42.540000915527344,0.08189377294388045,0.02125591441807506,-0.18350376244391697,-0.006978732013431577,-0.0010878068303025222,41.96331052715276,0.2829785051077893,Stage 2 — Advancing,44.151723973891315,57.700033807096844,False,35.748125066049155,0.48237889591744687,1.1926501775073024,562868721.2087657,44.1998706817627,True,1.3742728615308675,False,-26.273871766267288,True,False,True,True,False,False,False,False,41.94004201253255,43.952656764984134,False,2.6764735564929905,2,0.7411125300676966,15.375969652742599,0.4525121356841943,False,47.4900016784668,0.0019247998242399595,0.002298174863754412,False,11.636108736266326,51.0,True,True,4,False,False,False,True,False,False,False,False,1,False,False,,Sagility Ltd.,Information Technology,EQ,INE0W2G01015,HOLD,Stage 2 + RS 51; trend/leadership is adequate without a stronger entry trigger.
SAILIFE,2026-09-29,1559.9000244140625,0.25002002876512175,0.5822894588874334,0.7599143311115484,0.7622006359046818,0.5208888966867815,1232.9064600938032,3.478663761434575,Stage 2 — Advancing,1469.5941138174019,1697.0,False,783.8499755859375,0.5504015754954802,1.0873350898026533,1225278655.448059,1473.2119970703125,False,26.522171381548333,True,-8.078961437002796,True,True,True,True,False,False,False,False,1227.4919974772135,1144.0854977416993,True,2.986456023302257,3,0.7768640083125986,28.326455578778724,0.6946280045635912,False,1697.0,0.07058051782335924,0.07297435724567158,False,8.789023234834282,93.0,True,True,5,True,True,True,True,True,True,True,True,8,True,False,,Sai Life Sciences Ltd.,Healthcare,EQ,INE570L01029,WAIT,"Stage 2 + RS 93; wait because price is more than 20% above the 30-week line (currently +27%) — the guide treats that as poor entry timing, not a failed trend."
SAMHI,2026-09-28,150.16000366210938,-0.16508202076077594,0.11851026936394327,-0.18079650211621,-0.25681761250137725,-0.1298535773550392,160.90910987331443,-0.27651056431066134,Stage 4 — Declining,163.17627461751303,217.3000030517578,False,127.0,1.1985197466318593,1.86499978879185,280838210.4591423,163.17700012207033,True,-6.680234711178223,False,-30.89737618349533,False,False,True,False,False,False,False,False,160.99640024820962,165.06955039978027,False,5.096468375481058,3,0.9027006189581929,20.59717635523144,1.2738924745256583,False,187.5500030517578,0.006754182614985811,0.00877605380095389,False,24.90010553927766,22.0,True,False,1,False,False,False,False,False,False,False,False,0,False,False,,Samhi Hotels Ltd.,Consumer Services,EQ,INE08U801020,SELL,Stage 4 takes precedence: the guide requires SELL regardless of RS.
SAMMAANCAP,2026-09-29,136.47999572753906,-0.18587451548292877,-0.08001354828185114,-0.03778906337238608,-0.11531735303191148,-0.12097379913040125,155.52265317748194,-0.49032214438160526,Stage 4 — Declining,152.74431385713464,192.9499969482422,False,129.0,0.635561738959258,1.1398800744083784,698003716.7810745,152.53060028076172,True,-12.244298216936578,False,-29.26665048657705,False,False,False,False,False,False,False,False,155.48900014241536,152.97680015563964,False,2.513712123328381,2,0.8653317651192106,19.886636639815727,0.5065028843347956,False,169.36000061035156,0.006175285992830146,0.008202854706627629,False,24.091446301370254,24.0,True,False,0,False,True,False,False,False,False,False,False,1,False,False,,Sammaan Capital Ltd.,Financial Services,EQ,INE148I01020,SELL,Stage 4 takes precedence: the guide requires SELL regardless of RS.
MOTHERSON,2026-09-29,158.55999755859375,0.05496571210267809,0.4521452440385627,0.3317332455027968,0.4907238505977771,0.27690675286889854,141.31699698311942,1.451555805862914,Stage 2 — Advancing,160.96705896714155,173.27000427246094,False,100.52274639930697,0.920129144580655,0.901411865384883,1761500112.0464027,161.28200012207031,True,12.201646612639273,False,-8.489644111011984,True,False,True,True,False,False,False,False,141.15699951171874,135.78463718414307,True,2.387108577657906,2,0.6563612793427349,17.93155569810125,0.7371746365423658,False,173.27000427246094,0.007174335892429924,0.007331165824490331,False,9.277249583982439,83.0,True,True,4,True,True,True,True,False,True,True,True,7,False,False,,Samvardhana Motherson International Ltd.,Automobile and Auto Components,EQ,INE775A01035,WAIT,Stage 2 + RS 83; wait because the close is below its 50-session average — short-term timing has weakened even though the 30-week trend is intact.
SANDUMA,2026-09-29,182.69000244140625,-0.11931704836941459,0.02328891988528481,-0.2112919478903914,0.09043178660536655,-0.06724106762771387,204.28314011761933,-0.742721107467148,Stage 4 — Declining,197.76860106225107,272.33215508462166,False,164.64624352641403,0.7197701932385046,0.7836973741475288,93271016.87127686,197.77685272216797,True,-10.57020058717546,False,-32.91647753287192,False,False,False,False,False,False,False,False,204.5136927286784,208.89868423461914,False,2.849479158687252,3,0.48565113648564884,18.150290227784616,0.6489453204722426,False,217.71610118614467,0.008266141914004174,0.010957402338887246,False,19.172422287296342,36.0,True,False,0,False,False,False,False,False,False,False,False,0,False,False,,Sandur Manganese & Iron Ores Ltd.,Metals & Mining,EQ,INE149K01016,SELL,Stage 4 takes precedence: the guide requires SELL regardless of RS.
SANOFICONR,2026-09-28,3976.199951171875,-0.13899658580595697,-0.011775854113942996,-0.09760851100139234,-0.18279736986085815,-0.11403498131762149,4452.295623989763,-0.1376026371756156,Stage 4 — Declining,4299.6740234375,5175.356390056189,False,3834.89990234375,1.1334053369583434,0.6254328587918431,19368417.24954834,4299.6740234375,True,-10.693262824970551,False,-23.170509400827854,False,False,False,False,True,False,False,False,4442.672638346354,4396.790950927734,False,2.6268796170153212,2,0.773958528916342,22.165620005200935,0.5406604105254618,False,4927.0,0.1788490938262358,0.21892685353233535,False,23.91227957607873,26.0,False,False,0,False,True,False,False,False,False,True,False,2,False,False,,Sanofi Consumer Healthcare India Ltd.,Healthcare,EQ,INE0UOS01011,SELL,Stage 4 takes precedence: the guide requires SELL regardless of RS.
SANSERA,2026-09-28,4457.2001953125,0.4181216115918658,1.066364503249794,1.6263799624701996,2.1135339453746944,1.128504326855684,3049.6963133093427,4.841279291187717,Stage 2 — Advancing,3838.069407743566,4743.5,False,1362.8258521500732,1.042049810676389,2.49187325379557,1140624428.923877,3848.193984375,False,46.152263615908055,True,-6.035623583588068,True,True,True,True,False,False,False,False,3030.5090926106773,2737.445908203125,True,4.200819197383288,1,1.927684127367085,34.694285957543784,1.4838984687653296,False,4743.5,0.20048443884186937,0.20626893633038024,False,6.423310422282413,98.0,True,True,5,True,True,True,True,True,True,True,True,8,True,False,,Sansera Engineering Ltd.,Automobile and Auto Components,EQ,INE953O01021,WAIT,"Stage 2 + RS 98; wait because price is more than 20% above the 30-week line (currently +46%) — the guide treats that as poor entry timing, not a failed trend."
SAPPHIRE,2026-09-29,211.0500030517578,0.16990027822761888,0.32544124043618505,-0.16613987371679373,-0.2807974296390201,0.043660898707121795,192.3756463706088,0.5142742394819377,Stage 2 — Advancing,220.2968630323223,310.5,False,139.91000366210938,1.9299098828931092,0.6005498937093169,191798450.39059982,221.05120025634767,True,9.707235314585061,False,-32.02898452439362,True,False,True,True,True,False,False,False,192.70440002441407,199.7657501220703,False,4.033235580754399,2,0.8865210955466766,33.57292112707249,0.5720511648752534,False,258.7799987792969,0.009549341796830814,0.012927255129995084,False,22.615491607376946,58.0,True,True,4,True,False,False,True,False,True,False,False,3,False,False,,Sapphire Foods India Ltd.,Consumer Services,EQ,INE806T01020,REDUCE,Stage 2 + RS 58; distribution warning (U/D 0.60) triggers REDUCE.
SARDAEN,2026-09-28,501.29998779296875,-0.034305764842437525,-0.010377047318653743,-0.03808992436755221,-0.11154088337075585,-0.04572387694836737,526.3210638638201,-0.15617407029179242,Stage 4 — Declining,507.8704852294922,621.6151182855507,False,451.3682929916116,0.6077295845061748,3.146170746428251,330575534.53130496,507.8704852294922,True,-4.75395681243821,False,-19.35524522383204,False,False,False,False,False,False,False,False,526.2675911458333,519.8024815368652,True,3.3021288313711006,2,0.8754822313828319,12.59459349486205,0.38315345540686924,False,555.0,0.022548425545212226,0.026744999296935263,False,10.712151110047262,41.0,True,False,0,False,True,True,False,False,False,True,False,3,False,False,,Sarda Energy and Minerals Ltd.,Metals & Mining,EQ,INE385C01021,SELL,Stage 4 takes precedence: the guide requires SELL regardless of RS.
SAREGAMA,2026-09-29,493.45001220703125,-0.010923996304124883,0.4937187924628281,0.3802797544252623,0.07432213578512448,0.18529453801299306,435.0163252434763,2.381615027916517,Stage 2 — Advancing,506.8392148485371,574.5,False,307.04998779296875,2.1986645725907232,3.7269200433676333,191974972.3055908,506.65199890136716,True,13.432527372587666,False,-14.107917805564618,True,False,True,True,False,False,False,False,432.95166544596356,411.4957485961914,True,3.496518858981961,3,0.595569702341907,18.120105501047107,0.5926728977215048,True,574.5,0.022327044577486594,0.02347744129199656,False,16.425166843235072,75.0,True,True,4,True,True,True,True,False,True,True,True,7,False,False,,Saregama India Ltd,Media Entertainment & Publication,EQ,INE979A01025,HOLD,Stage 2 + RS 75; trend/leadership is adequate without a stronger entry trigger.
SCHAEFFLER,2026-09-28,3955.5,-0.04860979721695191,0.0007391090739938821,0.0484372283130432,-0.0009905786810819883,-0.009806767145589744,4065.6363592278467,0.06747331159817627,Stage 1 — Basing,4047.149021522672,4445.0,False,3489.687030472257,0.3805449069003286,0.8284167600234135,189884449.43796387,4044.987998046875,True,-2.708957454541361,False,-11.012373453318336,False,False,False,True,False,False,False,False,4069.9789469401044,3993.028488769531,True,2.486591465517047,2,1.7208468825216825,10.373237144219484,0.8995554551326798,False,4260.0,0.17791801200067364,0.19469028291048854,False,7.698141827834659,49.0,True,False,1,False,True,True,False,False,False,True,False,3,False,False,2.0,Schaeffler India Ltd.,Automobile and Auto Components,EQ,INE513A01022,AVOID,Stage 1 + RS 49; weak RS in a basing stage is AVOID.
SCHNEIDER,2026-09-29,1192.699951171875,-0.1794854353302361,0.3603649286248931,0.6636907665705463,0.4110617582630878,0.215229316559611,1202.551022068984,1.6361582798807062,Stage 1 — Basing,1262.9156901041667,1548.0,False,571.8499755859375,0.46793267957186535,2.283156643381985,251855887.33701783,1261.0080029296876,True,-0.8191811171687435,False,-22.95219953670058,False,False,True,True,False,False,False,False,1196.3380017089844,1078.2910018920898,True,3.0435152777459766,3,0.6321359848721406,21.67701694864993,0.601966030071005,False,1449.0,0.05396588168733881,0.06533074288498125,False,21.489063412495323,78.0,True,True,3,False,True,True,True,False,True,True,True,6,False,False,4.0,Schneider Electric Infrastructure Ltd.,Capital Goods,EQ,INE839M01018,WATCH,Stage 1 + RS 78; adequate RS in a basing stage remains WATCH.
SENCO,2026-09-29,328.29998779296875,0.0064289366232528344,0.15426194239470314,0.03788198918600183,-0.03284132406739204,0.03443209615196372,339.0075042101802,0.15779045260810864,Stage 1 — Basing,361.9471082500383,428.75506028088586,False,275.20093917748864,0.8693413222298837,0.8789285258932026,263522564.11071777,361.6519268798828,True,-3.158489497793804,False,-23.42947799195816,False,False,True,True,False,False,False,False,338.5556461588542,335.2546594238281,True,3.334277593085256,2,0.7990712477190649,27.66266275824266,0.42263784404264326,False,428.75506028088586,0.014854530916834929,0.018059257024330474,False,30.598561140144078,56.0,True,True,3,False,True,True,True,False,False,True,False,4,False,False,3.0,Senco Gold Ltd.,Consumer Durables,EQ,INE602W01027,WATCH,Stage 1 + RS 56; adequate RS in a basing stage remains WATCH.
STYL,2026-09-28,370.3500061035156,,,,,,308.15756006110206,2.7431341736994463,Stage 2 — Advancing,380.2969695446538,,False,,0.5790193343661763,1.5884290482294487,44341265.34791565,380.4708520507813,True,20.182028320214474,True,,True,False,True,True,False,False,False,False,306.35576782226565,295.78220161437986,True,5.00395511902538,2,0.7960030128785119,21.159392379866134,0.695901605911531,False,431.1268868805509,0.016658307882789748,,False,16.4106601256671,,False,False,3,True,True,True,True,False,False,False,False,4,False,False,,Seshaasai Technologies Ltd.,Financial Services,EQ,INE04VU01023,WAIT,"Stage 2 + RS unavailable; wait because price is more than 20% above the 30-week line (currently +20%) — the guide treats that as poor entry timing, not a failed trend."
SHAILY,2026-09-28,3033.5,0.06544277359816109,0.40786060915284983,0.30012942471868764,0.3535696742915888,0.23848905107188972,2756.9274810372967,2.911986963995683,Stage 2 — Advancing,3205.569694967831,3611.994309186523,False,1769.3296744445486,0.6355498993074359,1.6598753453745914,533283269.41463625,3212.575771484375,True,10.031911280402728,False,-16.015925266416296,True,False,True,True,False,False,False,False,2735.5451432291666,2588.8091235351562,True,3.9594064360932197,1,1.2482593494366006,22.24496842526556,1.0127668020132965,False,3611.994309186523,0.13644654010973165,0.15035384240417596,False,19.070193149382654,80.0,True,True,4,True,True,True,True,False,True,True,True,7,False,False,,Shaily Engineering Plastics Ltd.,Consumer Durables,EQ,INE151G01028,WAIT,Stage 2 + RS 80; wait because the close is below its 50-session average — short-term timing has weakened even though the 30-week trend is intact.
SHAKTIPUMP,2026-09-29,458.0,-0.2218341466328405,-0.04992871811623378,-0.3550465076642393,-0.4422892158790044,-0.25818654698503174,519.6472670366975,-1.0145138161706924,Stage 4 — Declining,496.2457736146216,829.44826212853,False,455.0,0.3979071086076186,2.82869903040578,534495793.8369934,495.3336151123047,True,-11.863290918134272,False,-44.782571630847656,False,False,False,False,False,False,False,False,519.7008158365885,556.7846115112304,False,3.494230331068699,2,0.6746438113172237,18.418286052909195,0.5953228342108924,False,557.7230214789147,0.020723044206144518,0.03586794146303662,False,21.77358547574557,5.0,True,False,0,False,False,False,False,False,False,False,False,0,False,False,,Shakti Pumps (India) Ltd.,Capital Goods,EQ,INE908D01010,SELL,Stage 4 takes precedence: the guide requires SELL regardless of RS.
SHARDACROP,2026-09-28,729.0999755859375,-0.1590151636113878,-0.19382629515756178,-0.1359735757322733,-0.10340733126122426,-0.15024750587476698,904.0225152377425,-3.2350715116044815,Stage 4 — Declining,791.4111364028033,1282.80960014975,False,727.0,0.8757601218954761,0.6983278569430469,77423799.87598267,789.7231225585938,True,-19.34935653740918,False,-43.16381982947233,False,False,False,False,True,False,False,False,912.7709818522136,920.943371887207,False,2.2532679108955813,3,0.5926672243638141,17.660801917580045,0.6699568107819646,False,882.9330585322035,0.03279484722689665,0.053285727492689755,False,21.099038279714488,19.0,True,False,0,False,False,False,False,False,False,False,False,0,False,False,,Sharda Cropchem Ltd.,Chemicals,EQ,INE221J01015,SELL,Stage 4 takes precedence: the guide requires SELL regardless of RS.
SHAREINDIA,2026-09-29,205.67999267578125,0.5392499227203003,0.6723944403246316,0.24686827051867422,0.6111435491298929,0.5217812210827598,155.4092226093318,3.4881024078925016,Stage 2 — Advancing,184.52007757448683,233.35000610351562,False,114.693516995367,0.3250079983045762,8.554011041200178,1799550972.2396615,184.5143569946289,False,32.34735315086175,True,-11.857729892434532,True,True,True,True,False,False,False,False,154.922074025472,154.4293557357788,True,5.512377110764255,3,1.435653814664715,29.49762821024836,1.3907962940143659,False,233.35000610351562,0.009306365896374881,0.009988813145599563,False,13.452943608059797,93.0,True,True,5,True,True,True,True,True,True,True,True,8,True,False,,Share India Securities Ltd.,Financial Services,EQ,INE932X01026,WAIT,"Stage 2 + RS 93; wait because price is more than 20% above the 30-week line (currently +32%) — the guide treats that as poor entry timing, not a failed trend."
SFL,2026-09-29,631.5,-0.1485167157923567,0.28058752212314353,0.0832618417583808,-0.05562405233778889,0.0022383759918044085,635.2775081712373,0.8298176565372017,Stage 1 — Basing,687.3460777133118,832.4500122070312,False,456.183017738798,0.5499071959246811,2.8212899766022175,197621603.79137573,686.1749987792969,True,-0.594623313850906,False,-24.139589075656687,False,False,True,True,False,False,False,False,633.5817342122396,616.9895156860351,True,3.4096829910891016,2,0.7948679173956127,25.887440307515412,0.4837681092612636,False,832.4500122070312,0.028573367720917606,0.0348693628275119,False,31.82106289897566,51.0,True,True,3,False,True,True,True,False,True,True,False,5,False,False,3.0,Sheela Foam Ltd.,Consumer Durables,EQ,INE916U01025,WATCH,Stage 1 + RS 51; adequate RS in a basing stage remains WATCH.
SHILPAMED,2026-09-28,1025.25,0.794775780922699,1.9344787755675328,2.1934437212372413,1.6582725473399624,1.475149321198027,593.9543208292085,8.390211384843438,Stage 2 — Advancing,833.9328732958027,1075.0,False,259.33715759272434,0.3530411612827295,2.3113897855236463,971156975.638086,838.1103796386719,False,72.61428430534316,True,-4.627906976744189,True,True,True,True,False,False,False,False,586.9393318684896,517.6958409118653,True,4.7761877581306384,2,2.755766525303826,44.4534801967175,0.49192351309120835,False,1075.0,0.04611564702406539,0.04684154287646657,False,4.852475006096069,99.0,True,True,5,True,True,True,True,True,True,True,True,8,True,False,,Shilpa Medicare Ltd.,Healthcare,EQ,INE790G01031,WAIT,"Stage 2 + RS 99; wait because price is more than 20% above the 30-week line (currently +73%) — the guide treats that as poor entry timing, not a failed trend."
SCI,2026-09-29,272.8999938964844,-0.10892159865819884,0.19654085935934584,0.18604692494632058,0.2734891037514038,0.0876467381481345,284.90474976001144,0.24099414529370478,Stage 1 — Basing,285.4419980516621,367.499792159746,False,192.34996969124379,0.6368915222985982,1.1894261174252354,420904581.21841276,285.6316143798828,True,-4.213603273950062,False,-25.74145626241352,False,False,True,True,False,False,False,False,284.5019074503581,269.9413232421875,True,2.654035693793423,3,0.5331312509669952,18.687496581592637,0.555922192432347,False,318.91506229491387,0.012347857286841518,0.01529453563408115,False,16.86151316510611,63.0,True,True,3,False,True,True,True,False,True,False,False,4,False,False,4.0,Shipping Corporation of India Ltd.,Services,EQ,INE109A01011,WATCH,Stage 1 + RS 63; adequate RS in a basing stage remains WATCH.
SHREECEM,2026-09-28,22170.0,-0.13628809876002124,-0.062323272391857754,-0.15868179368913504,-0.22896515887126767,-0.1445092844944606,24679.053831335616,-1.1405152854940703,Stage 4 — Declining,24505.78431372549,30121.125232344428,False,21665.0,0.7329794177724013,0.7655406471177868,394612107.75,24458.9,True,-10.16673430222761,False,-26.397171988138123,False,False,False,False,False,False,False,False,24727.176692708334,25226.56607421875,False,2.0136606740125007,3,0.8992937098452052,21.361161524500908,0.9581441521651892,False,27550.0,0.9972044813689634,1.300583667363286,False,24.267027514659457,20.0,True,False,0,False,False,False,False,False,False,False,False,0,False,False,,Shree Cement Ltd.,Construction Materials,EQ,INE070A01015,SELL,Stage 4 takes precedence: the guide requires SELL regardless of RS.
RENUKA,2026-09-29,22.540000915527344,0.012578647069473758,-0.14911283086900862,-0.12872051858057587,-0.25116276977180696,-0.10076776501648879,24.23469386457586,-0.26003438039992055,Stage 4 — Declining,23.254705915264054,31.350000381469727,False,21.049999237060547,0.4312105797229208,1.2992120835841368,327938123.38042706,23.27520004272461,True,-6.992838277712554,False,-28.102071319749566,False,False,False,False,False,False,False,False,24.226266644795736,24.4348499584198,False,4.0245900723777,2,1.0081721390649478,22.326590451735672,0.6838649090523666,False,27.68000030517578,0.0010198633960240417,0.0013429903198599218,False,22.803900536257736,29.0,True,False,0,False,False,False,False,False,False,False,False,0,False,False,,Shree Renuka Sugars Ltd.,Fast Moving Consumer Goods,EQ,INE087H01022,SELL,Stage 4 takes precedence: the guide requires SELL regardless of RS.
SHRIRAMFIN,2026-09-29,971.5,-0.05389492915144123,0.08098635430162404,0.02249651438928968,0.606650826654624,0.12046876740853106,1006.5385405871333,-0.4533103901956159,Stage 4 — Declining,1061.1215652765013,1153.699951171875,False,604.0316535871436,1.3684423824810483,0.34833761519811907,4032763333.3197417,1061.1139965820312,True,-3.4810927922039325,False,-15.792663507249415,False,False,True,False,True,True,False,False,1008.0844860839844,1003.7202056884765,True,2.2763025847421603,2,0.5266804325924668,16.104700929308834,0.9468162572779439,False,1153.699951171875,0.04395728700058821,0.04821782593450204,False,18.754498319287194,68.0,True,True,2,False,True,True,True,False,True,True,False,5,False,False,,Shriram Finance Ltd.,Financial Services,EQ,INE721A01047,SELL,Stage 4 takes precedence: the guide requires SELL regardless of RS.
SHYAMMETL,2026-09-29,1074.0,0.13306086684061413,0.40049412492436987,0.31648842570979174,0.18685287324783828,0.23399143151264565,944.9545441711841,1.6125882570092287,Stage 2 — Advancing,1043.4405050838695,1148.0,False,742.7285204868352,0.44931942002823,0.4783351594410729,559535143.3910278,1043.1495153808594,False,13.656260676750453,False,-6.445993031358888,True,True,True,True,True,True,False,False,943.1684094238282,915.8784286499024,True,2.8750992734624403,1,2.3298594769408063,15.505226480836237,1.5206060668859778,False,1148.0,0.04859508619519479,0.048681750371592246,True,6.890130353817514,80.0,True,True,5,True,True,True,True,True,True,True,True,8,True,True,,Shyam Metalics and Energy Ltd.,Capital Goods,EQ,INE810G01011,REDUCE,Stage 2 + RS 80; distribution warning (U/D 0.48) triggers REDUCE.
ENRIN,2026-09-29,3199.0,-0.1073969454593412,0.21662741264595375,0.24264690889885743,-0.08728853009482496,0.031438380106260766,3261.046257174745,0.6278139786652037,Stage 1 — Basing,3291.8176461014095,3968.0,False,2111.5907386684353,0.6371191227312442,2.041365202263054,1120262433.2919922,3290.1860009765624,True,-1.9026487906522171,False,-19.380040322580648,False,False,True,True,False,False,False,False,3254.8186653645835,3085.595061035156,True,3.2592762534957918,2,1.0865301506479186,20.535475234270415,0.6835666471765626,False,3735.0,0.14474458169313606,0.1709008296621905,False,16.755236011253526,55.0,True,True,3,False,True,True,True,False,True,True,False,5,False,False,3.0,Siemens Energy India Ltd.,Capital Goods,EQ,INE1NPP01017,WATCH,Stage 1 + RS 55; adequate RS in a basing stage remains WATCH.
SIEMENS,2026-09-29,3710.0,0.04341633267190104,0.22281181473549982,0.2206498100526313,0.20064117798757075,0.1461870936239008,3644.832278712266,1.0064158716388993,Stage 2 — Advancing,3893.0307760799633,4149.39990234375,False,2812.180840788319,0.9977407065094112,0.893052146414878,985813719.5147339,3897.8940966796877,True,1.7879484240838073,False,-10.58948071251361,True,False,True,True,False,False,False,False,3638.98150390625,3498.8636840820313,True,2.4813246993225357,2,0.5326044754726321,13.816451009305633,0.6908547942177627,True,4149.39990234375,0.16786570743405277,0.17497634161642583,False,11.843663135950134,71.0,True,True,4,True,True,True,True,False,True,True,True,7,False,False,,Siemens Ltd.,Capital Goods,EQ,INE003A01024,HOLD,Stage 2 + RS 71; trend/leadership is adequate without a stronger entry trigger.
SIGNATURE,2026-09-28,780.3499755859375,0.03152673573818565,0.04991587700765221,-0.31464079367790265,-0.2604719373619161,-0.09242867651115905,806.806945376926,-2.214578509587073,Stage 4 — Declining,789.657998046875,1153.9000244140625,False,705.2000122070312,6.896089646906443,1.5611104841440018,257874339.02810058,789.657998046875,True,-3.2792193897919764,False,-32.37282614824534,False,False,False,False,False,False,False,False,813.2806673177083,863.8287506103516,False,3.845343460297532,1,1.0702951048938496,11.35441818783562,1.0714019230546905,False,838.0,0.03510006732929445,0.04842139335238597,False,7.387714002396817,31.0,True,False,0,False,False,False,False,False,False,False,False,0,False,False,,Signatureglobal (India) Ltd.,Realty,EQ,INE903U01023,SELL,Stage 4 takes precedence: the guide requires SELL regardless of RS.
SKIPPER,2026-09-29,541.5499877929688,0.024765168340777022,0.5591238898096149,0.2988959518723291,0.05747681662681203,0.19300539899806204,493.82872030179794,2.3227143312899434,Stage 2 — Advancing,546.3728105133655,616.7999877929688,False,326.99588499101935,0.4844854698972269,2.5290476460900675,865602763.1281952,546.3870721435546,True,9.663526143640745,False,-12.20006509229341,True,False,True,True,False,False,False,False,490.4736639404297,467.14456588745117,True,4.001081319805888,1,1.2485989941978441,18.41492660309767,0.7065927851497886,False,616.7999877929688,0.024503415582687153,0.026170579302864344,False,13.895300839479962,76.0,True,True,4,True,True,True,True,False,True,True,True,7,False,False,,Skipper Ltd.,Capital Goods,EQ,INE439E01022,HOLD,Stage 2 + RS 76; trend/leadership is adequate without a stronger entry trigger.
SMARTWORKS,2026-09-28,511.6499938964844,0.04514351272512296,0.32827097009927075,0.08607511625473974,-0.11133305445682262,0.07866001146948677,462.22157538427064,1.5370253442097637,Stage 2 — Advancing,512.1009814692478,619.0,False,361.5,0.2958355223427257,0.7963041279309893,39043912.80428009,512.6220013427734,True,10.693663200624325,False,-17.342488869711737,True,False,True,True,False,False,False,False,460.9323333740234,461.51650009155276,True,3.6359949502143523,2,1.028354827661682,18.26906604285207,0.609111529965259,False,567.9000244140625,0.023013967830671042,0.02603719704471748,False,10.993849543357648,62.0,False,True,4,True,False,True,True,False,True,True,False,5,False,False,,Smartworks Coworking Spaces Ltd.,Services,EQ,INE0NAZ01010,HOLD,Stage 2 + RS 62; trend/leadership is adequate without a stronger entry trigger.
SOBHA,2026-09-28,1218.699951171875,-0.13089816970989576,-0.003099565026409845,-0.17295528945558358,-0.2065261769291985,-0.1288754741661967,1338.7236762895975,-1.2749857527850184,Stage 4 — Declining,1295.2352869370404,1724.929636640264,False,1125.387113140645,0.35036951059568117,1.0921336565557946,92626095.03804322,1292.0259936523437,True,-8.965533906920953,False,-29.34784554194333,False,False,False,False,False,False,False,False,1341.1759969075522,1374.3536560058594,False,2.5776878428930448,2,0.42717450161229176,24.84770759858929,0.4362827448696744,False,1559.5,0.05481700734112452,0.07203006819392631,False,27.964229300281772,23.0,True,False,0,False,False,False,False,False,False,False,False,0,False,False,,Sobha Ltd.,Realty,EQ,INE671H01015,SELL,Stage 4 takes precedence: the guide requires SELL regardless of RS.
SOLARINDS,2026-09-29,18650.0,0.04848968315710822,0.5027395394413654,0.5133419042040375,0.37770534898199304,0.2981532317883225,17460.646736819726,2.1686781130643373,Stage 2 — Advancing,19709.62162990196,22700.0,False,11639.12322904721,1.2639249660513714,0.5395190111935853,5284767130.25,19723.138984375,True,6.811622049899513,False,-17.841409691629963,True,False,True,True,True,True,False,False,17382.726842447915,16254.843891601562,True,4.291459211030257,2,1.3752568809613617,21.515418502202643,1.5498296726856926,False,22700.0,0.8438532193113434,0.974788445979927,False,21.715817694369967,85.0,True,True,4,True,True,True,True,False,True,True,True,7,False,False,,Solar Industries India Ltd.,Chemicals,EQ,INE343H01029,REDUCE,Stage 2 + RS 85; distribution warning (U/D 0.54) triggers REDUCE.
SONACOMS,2026-09-29,815.6500244140625,0.31397506953534027,0.673699691889496,0.7190584882855171,1.0246171481017181,0.6090650934694823,653.7906506596779,2.8074155245013,Stage 2 — Advancing,791.0617663813572,844.0,False,400.82884491164447,1.7983507318333292,1.4126275556963475,1729421081.4519286,792.2280017089844,False,24.7570646033356,True,-3.359001846675058,True,True,True,True,False,False,False,False,651.4958357747396,611.2623661804199,True,2.717815128439952,3,0.7955350752534801,16.56990232060871,1.324147306250878,False,844.0,0.036905570988374395,0.036905570988374395,True,3.475752435157875,95.0,True,True,5,True,True,True,True,True,True,True,True,8,True,False,,Sona BLW Precision Forgings Ltd.,Automobile and Auto Components,EQ,INE073K01018,WAIT,"Stage 2 + RS 95; wait because price is more than 20% above the 30-week line (currently +25%) — the guide treats that as poor entry timing, not a failed trend."
SONATSOFTW,2026-09-29,260.8500061035156,-0.03551502621730285,0.2119920890082987,-0.25306615269776866,-0.2204665344998885,-0.06651413012479285,273.12220639598615,0.08222246736904193,Stage 1 — Basing,297.20034012140013,390.5481555478003,False,203.57848075867477,1.7458816915239266,1.0916752125018825,338841317.9113922,297.1165203857422,True,-4.493300070473827,False,-33.20925924291315,False,False,True,True,False,False,False,False,272.9781255086263,284.87844856262205,False,3.997918797990351,3,0.4651161825686151,28.01361052368465,0.4050193199670915,False,358.1232364456742,0.01180263364117079,0.016069180680016778,False,37.29086757374147,37.0,True,False,2,False,False,False,True,False,False,False,False,1,False,False,3.0,Sonata Software Ltd.,Information Technology,EQ,INE269A01021,AVOID,Stage 1 + RS 37; weak RS in a basing stage is AVOID.
SOUTHBANK,2026-09-29,48.709999084472656,0.0730563814877132,0.37360801404391863,0.32334966486251204,0.7174897600208212,0.31211204038053564,42.83659500329673,1.0587224903896963,Stage 2 — Advancing,46.32493531470205,50.68000030517578,False,28.43047730685356,0.9847804196110715,2.2824104710812243,613569303.3268836,46.31504043579102,False,13.711183348545575,False,-3.8871373497247896,True,True,True,True,False,False,False,False,42.797359008789066,42.22109128952027,True,3.111711504566438,1,2.4600672290231285,12.667722859083968,1.4353578572866978,False,50.68000030517578,0.002203972629495166,0.0022126053044960606,True,4.044346659269604,85.0,True,True,5,True,True,True,True,True,True,True,True,8,True,False,,South Indian Bank Ltd.,Financial Services,EQ,INE683A01023,HOLD,Stage 2 + RS 85; trend/leadership is adequate without a stronger entry trigger.
STARCEMENT,2026-09-28,182.4199981689453,-0.13401375051267073,-0.1175503236661366,-0.18834453971895793,-0.2758128501654019,-0.1699470429151676,207.5982871904765,-0.9133754128975768,Stage 4 — Declining,195.6515682444853,271.7552325198695,False,180.1199951171875,0.449396911493598,1.8540975656119845,33455298.88846817,195.38559967041016,True,-12.12837030703895,False,-32.873418304610716,False,False,False,False,False,False,False,False,207.8324663289388,210.31456848144532,False,2.535356198159876,1,1.6189110161811637,14.126343209922526,0.627394346235501,False,209.75,0.008205234085042416,0.011488163135659294,False,14.981911032442529,15.0,False,False,0,False,False,False,False,False,False,False,False,0,False,False,,Star Cement Ltd.,Construction Materials,EQ,INE460H01021,SELL,Stage 4 takes precedence: the guide requires SELL regardless of RS.
STARHEALTH,2026-09-28,552.5,-0.04262688724074337,0.2075183362260169,0.24577226606538893,0.2392059940259883,0.12144856436718149,536.9527410219794,1.075802594150388,Stage 2 — Advancing,573.2137259689032,624.9000244140625,False,416.54998779296875,0.5555671962920802,2.5591934607003815,561554789.8018249,573.0540002441406,True,2.8954613302522025,False,-11.585857190827987,True,False,True,True,False,False,False,False,535.0543345133464,515.2405012512207,True,3.204912260877909,2,1.108640646587791,17.906868305691866,3.8014024431396365,False,624.9000244140625,0.02485139720145928,0.02613735402087711,False,13.104076817024879,68.0,True,True,4,True,True,True,True,False,True,True,False,6,False,False,,Star Health and Allied Insurance Company Ltd.,Financial Services,EQ,INE575P01011,HOLD,Stage 2 + RS 68; trend/leadership is adequate without a stronger entry trigger.
SBIN,2026-09-29,964.7000122070312,-0.06891223343435371,-0.03669561500162999,0.017655882680171597,0.1278653872487836,-0.005799762388276442,1027.1625191824776,-1.2568111001976079,Stage 4 — Declining,1026.6901951210173,1212.8384373028666,False,842.0715999631051,3.092204441121995,0.7106189335190248,8264889757.39079,1026.3359985351562,True,-6.081073424014782,False,-20.459314073822586,False,False,False,False,False,False,False,False,1030.2683256022135,1032.715714416504,True,1.6015349488833173,2,0.9830670084042711,15.251222765673633,0.979314241629178,False,1124.5,0.04364960916732416,0.05156236970387502,False,16.564733675848096,50.0,True,True,1,False,False,True,False,False,False,True,False,2,False,False,,State Bank of India,Financial Services,EQ,INE062A01020,SELL,Stage 4 takes precedence: the guide requires SELL regardless of RS.
SAIL,2026-09-29,179.4700164794922,0.03760778358434247,0.24134637791778601,0.35595509042854045,0.38045708642643006,0.2105948243882883,173.36840197504785,0.6989193782121372,Stage 2 — Advancing,175.72047334558823,206.98966102070128,False,122.397321356075,1.0795941387561048,0.7840673282620615,2813640251.35288,175.99589416503906,False,3.5194501621595986,False,-13.295178322194957,True,True,True,True,False,False,False,False,173.16594950358072,166.54983173370363,True,2.861150037640141,2,1.0769830830780651,21.372414673973957,0.8395747873242277,False,198.36262254506002,0.008120447784240179,0.009022180361159583,False,10.526887129208395,78.0,True,True,5,True,True,True,True,True,True,True,True,8,True,False,,Steel Authority of India Ltd.,Metals & Mining,EQ,INE114A01011,HOLD,Stage 2 + RS 78; trend/leadership is adequate without a stronger entry trigger.
SWSOLAR,2026-09-29,171.0800018310547,-0.2998567728351972,0.08175787817629332,-0.19578806342773103,-0.2914474881201684,-0.2010382438084001,199.50795896361475,-1.0243352492385616,Stage 4 — Declining,193.11215598910462,260.79998779296875,False,148.0,0.7530469772025902,1.3200201293961222,199372947.6760437,192.82819915771483,True,-14.249034113844361,False,-34.40183671831174,False,False,False,False,False,False,False,False,199.52213317871093,200.50969970703125,False,3.701692919536391,1,1.6794636005694896,21.032865282515406,1.1264849409677657,False,213.0,0.007740826289808366,0.010802249179780753,False,24.50315508550336,10.0,True,False,0,False,False,False,False,False,False,False,False,0,False,False,,Sterling and Wilson Renewable Energy Ltd.,Construction,EQ,INE00M201021,SELL,Stage 4 takes precedence: the guide requires SELL regardless of RS.
STLTECH,2026-09-29,866.5999755859375,0.3875590305402512,3.655885417998829,7.5077554525153705,6.434797475440104,3.674711281406961,501.94142815207135,9.526894647966987,Stage 2 — Advancing,699.3588256835938,912.0,False,84.5999984741211,1.948505359381766,1.3817112252422625,1445602248.5929475,702.7710021972656,False,72.64962144614748,True,-4.978072852419135,True,True,True,True,False,False,False,False,495.16933278401694,400.076449546814,True,5.241337091536981,2,0.49909772012939907,45.47149256656044,0.7858039411297465,False,912.0,0.03921089432993699,0.03924518507047701,True,5.238867492855159,99.0,True,True,5,True,True,True,True,True,True,True,True,8,True,False,,Sterlite Technologies Ltd.,Telecommunication,BE,INE089C01029,WAIT,"Stage 2 + RS 99; wait because price is more than 20% above the 30-week line (currently +73%) — the guide treats that as poor entry timing, not a failed trend."
STAR,2026-09-28,1151.4000244140625,0.06892584515772393,0.23023669120635404,0.26973440396137227,0.4185058755704145,0.21126573221071776,1046.73561911387,2.2348776658797753,Stage 2 — Advancing,1068.8822212967218,1260.9000244140625,False,765.0675335548549,0.28385749380450886,4.129738793369661,437024761.5838623,1069.1686254882814,False,9.999125222164306,False,-8.684272970086138,True,True,True,True,False,False,False,False,1041.644803466797,1002.5112060546875,True,3.7792497224156776,2,1.3274417076813643,26.140061086465455,0.6610257930771783,False,1260.9000244140625,0.051789863066938974,0.05402875030351974,False,9.510161340818414,78.0,True,True,5,True,True,True,True,True,True,True,True,8,True,False,,Strides Pharma Science Ltd.,Healthcare,EQ,INE939A01011,HOLD,Stage 2 + RS 78; trend/leadership is adequate without a stronger entry trigger.
STYRENIX,2026-09-28,2036.4000244140625,-0.11867553045812718,0.12707555178411623,0.051701692311455494,-0.12803752542759494,-0.03732226844965551,2160.2268752006635,0.466939507480868,Stage 1 — Basing,2187.8679175283396,2625.9669159348305,False,1761.8624901691985,0.3267931616228587,1.8922388714554144,62848454.05928345,2184.8052612304687,True,-5.732122501026593,False,-22.451421148650887,False,False,True,True,False,False,False,False,2153.243688964844,2094.7467541503906,True,2.5398452548061035,3,0.8799449308628021,25.193268335037406,0.33471569189434414,False,2625.9669159348305,0.09159707849371085,0.10605126875168881,False,28.95142822886212,43.0,True,False,2,False,True,True,True,False,False,True,False,4,False,False,2.0,Styrenix Performance Materials Ltd.,Chemicals,EQ,INE189B01011,AVOID,Stage 1 + RS 43; weak RS in a basing stage is AVOID.
SUBROS,2026-09-28,700.2999877929688,-0.15822529470366464,0.07746381593373242,-0.1802533604445632,-0.3782232371670683,-0.15949267421704566,746.2875458181721,-0.8120629248635214,Stage 4 — Declining,744.8876318838082,1208.590392245295,False,619.4809592285877,0.845496677798144,0.8783682351797653,24703394.00229187,743.7511730957032,True,-6.162176802077834,False,-42.056465756610436,False,False,False,False,False,False,False,False,747.5769567871093,767.1062637329102,False,3.198105134600706,2,1.0577464921016866,20.74672781889965,0.7445800333930278,False,840.5962225568536,0.031499426528181274,0.052296375220647874,False,20.033733715466084,17.0,False,False,0,False,False,False,False,False,False,False,False,0,False,False,,Subros Ltd.,Capital Goods,EQ,INE287B01021,SELL,Stage 4 takes precedence: the guide requires SELL regardless of RS.
SUDARSCHEM,2026-09-28,1199.5999755859375,0.3519872774182773,0.5758303332878727,0.2796927786096697,-0.1390692023931246,0.2840856928681945,977.7002946524784,2.332967348026105,Stage 2 — Advancing,1158.179776060815,1399.9462520729792,False,723.169537946061,0.2314972516232044,0.8012741520485384,327789041.24047244,1160.3441772460938,False,22.696084080892387,True,-14.310997739404474,True,True,True,True,False,False,False,False,974.5935803222657,963.358225402832,True,3.631567884691612,2,1.0294359048235715,26.900409660703833,0.300109118629683,False,1347.0,0.05395789226451944,0.059323984774985336,False,12.287431428303087,84.0,True,True,5,True,True,True,True,True,True,True,True,8,True,False,,Sudarshan Chemical Industries Ltd.,Chemicals,EQ,INE659A01023,WAIT,"Stage 2 + RS 84; wait because price is more than 20% above the 30-week line (currently +23%) — the guide treats that as poor entry timing, not a failed trend."
SUDEEPPHRM,2026-09-28,1138.800048828125,,,,,,835.8755514066513,4.22917614997369,Stage 2 — Advancing,1083.809517654718,,False,,0.4941674171074118,0.8443983242166154,303393711.81421506,1088.1872961425781,False,36.24038254399209,True,,True,True,True,True,False,False,False,False,830.8144051106771,777.9208111572266,False,5.2210346023596035,2,1.0511545141954433,41.84324931683146,0.7390417508912441,False,1378.0,0.051223117369174585,,False,21.004561021754633,,True,False,4,True,True,False,True,True,False,False,False,4,False,False,,Sudeep Pharma Ltd.,Chemicals,EQ,INE0QPI01025,WAIT,"Stage 2 + RS unavailable; wait because price is more than 20% above the 30-week line (currently +36%) — the guide treats that as poor entry timing, not a failed trend."
SUMICHEM,2026-09-29,431.1499938964844,0.029267401383617386,0.15358168734614108,-0.0698603347651997,-0.1866967665724102,-0.008888122244846808,465.82458765977094,0.5692991350560561,Stage 1 — Basing,506.6421568627451,572.0499877929688,False,361.7279903344155,0.5356473637516364,0.4918562985395131,126906362.5268219,505.96699951171877,True,-7.44370191738617,False,-24.630713557060268,False,False,True,True,True,True,False,False,464.5307556152344,456.6027149963379,True,2.9638342046860977,2,0.8044302792084007,25.775716254855848,0.593946230313386,False,572.0499877929688,0.019508166775099967,0.023989876033762726,False,32.680040795805574,49.0,True,False,2,False,True,True,True,False,False,True,False,4,False,False,2.0,Sumitomo Chemical India Ltd.,Chemicals,EQ,INE258G01013,AVOID,Stage 1 + RS 49; weak RS in a basing stage is AVOID.
SPARC,2026-09-29,208.85000610351562,-0.09663046023606736,0.7276036657950304,0.5630146215792768,0.621758099729778,0.34382309332639016,188.10108859522813,2.387556168971461,Stage 2 — Advancing,202.9339219635608,289.0,False,108.0,1.463395466865939,2.1317303189533714,201837654.68483505,202.5022003173828,False,11.030726968803872,False,-27.73356190189771,True,True,True,True,False,False,False,False,186.91526677449545,173.5750003051758,True,3.7402093832067718,1,1.585954193514582,19.11111111111111,0.9061823986983829,False,225.0,0.009449798927809403,0.01202583071582779,False,7.7328194515252635,87.0,True,True,5,True,True,True,True,True,True,False,True,7,False,False,,Sun Pharma Advanced Research Company Ltd.,Healthcare,EQ,INE232I01014,HOLD,Stage 2 + RS 87; trend/leadership is adequate without a stronger entry trigger.
SUNPHARMA,2026-09-29,1865.0,-0.0026201484559298382,0.042533335917248394,0.09599009467732378,0.18419067989923188,0.06349476271638888,1841.5940240353955,0.41546982609454997,Stage 2 — Advancing,1910.625493068321,2046.9000244140625,False,1569.3658720691096,1.6888817384046848,0.6557019524175451,2636432771.4165344,1909.6000024414063,True,1.2709628538713602,False,-8.886610105255755,True,False,True,True,True,False,False,False,1839.9160115559896,1803.6556829833985,True,1.4841057066258136,2,0.5175872938062965,10.694221593784189,0.8410270766333511,False,2046.9000244140625,0.08438532193113434,0.08568718283270962,False,9.753352515499337,60.0,True,True,4,True,True,True,True,False,False,True,False,5,False,False,,Sun Pharmaceutical Industries Ltd.,Healthcare,EQ,INE044A01036,REDUCE,Stage 2 + RS 60; distribution warning (U/D 0.66) triggers REDUCE.
SUNTV,2026-09-29,553.25,0.0882395737538808,-0.04611898319878038,-0.025757048456303222,0.07411119440143654,0.03574286205082291,523.8984779825016,-1.1859185078656576,Stage 3 — Topping,480.09491804534315,653.9340000086492,False,447.20001220703125,5.414533517390431,7.430700601635445,549734104.8372085,479.91106567382815,False,5.602520956069412,False,-15.396660826217545,True,True,False,False,False,False,False,False,525.6860756429037,533.4489143371582,False,3.9648829139954245,2,3.0024802427624326,20.13572596518004,3.7358867119212364,False,559.9500122070312,0.025032803945522826,0.028954699172209497,False,1.2110279633133825,56.0,True,True,3,True,False,False,False,True,False,True,False,3,False,False,,Sun TV Network Ltd.,Media Entertainment & Publication,EQ,INE424H01027,REDUCE,Stage 3 with RS 56; the guide requires REDUCE when RS is 50 or higher.
SUNDARMFIN,2026-09-29,4334.7998046875,-0.0417465600682525,-0.048857826279713024,-0.16895459157486337,0.024662410354576503,-0.05532862552730098,4612.177221181441,-0.9438285947750646,Stage 4 — Declining,4581.298043045344,5612.405266256894,False,3979.0182224383775,0.9787663072401054,1.2617186205560498,206428745.27614745,4583.472001953125,True,-6.014023381844147,False,-22.763955932595593,False,False,False,False,False,False,False,False,4629.350043945313,4761.175184326172,False,2.8668316928074273,2,0.8924243295105078,13.19557192523818,1.0703947416953754,False,4965.2998046875,0.19613591261424823,0.24461500520510918,False,14.545077706199926,39.0,True,False,0,False,False,False,False,False,False,True,False,1,False,False,,Sundaram Finance Ltd.,Financial Services,EQ,INE660A01013,SELL,Stage 4 takes precedence: the guide requires SELL regardless of RS.
SUNTECK,2026-09-29,280.29998779296875,-0.10736947146778142,-0.01450093610324188,-0.30116931967394844,-0.3321401607874416,-0.17250987190003894,309.230261977838,-2.377383216929474,Stage 4 — Declining,295.75715966318165,469.97910852813845,False,268.54998779296875,1.3534614245930525,0.8486988611550743,34092673.09618225,295.4059149169922,True,-9.355576650173592,False,-40.359053688407364,False,False,False,False,False,False,False,False,311.1687526448568,334.3618966674805,False,3.0869340267059524,1,0.9071758767091969,16.65675597471296,0.43040827357058065,False,322.2216640757209,0.012682683489116725,0.019339208302579968,False,14.956003606291901,14.0,False,False,0,False,False,False,False,False,False,False,False,0,False,False,,Sunteck Realty Ltd.,Realty,EQ,INE805D01034,SELL,Stage 4 takes precedence: the guide requires SELL regardless of RS.
SUPREMEIND,2026-09-29,3445.800048828125,0.0788353315053616,-0.07405434647405806,0.05926933666039336,-0.17501296458575522,-0.006425462277739345,3554.886750305591,-0.8171828492932298,Stage 4 — Declining,3495.501953125,4251.447951229625,False,3140.0,0.7045392671541971,0.5948264331303533,538309491.2868042,3497.429990234375,True,-3.0686406948994494,False,-18.94996508585942,False,False,False,False,True,True,False,False,3563.4602994791667,3557.1338671875,True,2.6241058028120188,2,1.1412473065572672,11.859838274932615,0.823674682105223,False,3710.0,0.15591149942663793,0.18377164190734613,False,7.667303599398534,50.0,True,True,1,False,True,True,False,False,False,True,False,3,False,False,,Supreme Industries Ltd.,Capital Goods,EQ,INE195A01028,SELL,Stage 4 takes precedence: the guide requires SELL regardless of RS.
SPLPETRO,2026-09-29,831.8499755859375,0.15040958086743683,0.11362140893838335,0.3170572894017565,0.00066042414722145,0.146431656844447,725.2137500996492,1.9053701212492724,Stage 2 — Advancing,756.9470585841758,899.0,False,457.2664603074991,3.2587498583604386,2.9448256915196414,335898348.1886902,757.56,False,14.704109715464675,False,-7.469413171753336,True,True,True,True,False,False,False,False,723.9889624023438,692.4336808776856,True,3.8507126751814744,2,1.2636068609880478,24.15461895595801,1.4174238472384801,False,899.0,0.037638567285911834,0.03901545895615034,False,8.07237198832198,71.0,True,True,5,True,True,True,True,True,True,True,True,8,True,False,,Supreme Petrochem Ltd.,Chemicals,EQ,INE663A01033,HOLD,Stage 2 + RS 71; trend/leadership is adequate without a stronger entry trigger.
SUPRIYA,2026-09-29,985.0499877929688,0.015936465395022692,0.6785299754674885,0.3515421123707816,0.3620886678586903,0.2848067372974012,795.241394873379,2.357305576497959,Stage 2 — Advancing,867.1055405560662,1083.7124081428149,False,544.8526903164613,1.712487163328075,3.8208346673195352,355748871.52769166,867.1961474609375,False,23.868047380734204,True,-9.104114671799913,True,True,True,True,False,False,False,False,792.5402128092447,772.8748736572265,True,4.009224719093863,1,1.9948819023960644,27.478787299352025,1.2896830182937578,False,1019.7999877929688,0.04457038087837513,0.04685147320344387,False,3.5277397523610254,84.0,True,True,5,True,True,True,True,True,True,True,True,8,True,False,,Supriya Lifescience Ltd.,Healthcare,EQ,INE07RO01027,WAIT,"Stage 2 + RS 84; wait because price is more than 20% above the 30-week line (currently +24%) — the guide treats that as poor entry timing, not a failed trend."
SURYAROSNI,2026-09-28,220.10000610351562,-0.14877229309455364,0.13145189357830378,-0.16627176081155204,-0.21751517153723599,-0.10997592499191831,232.03621015156784,-0.22138602428553034,Stage 4 — Declining,224.0404555376838,308.07465261661673,False,185.2067002350832,0.8944227054466357,1.3637643219855242,87915289.530587,223.73861206054687,True,-5.144112653906641,False,-28.55627548903904,False,False,False,False,False,False,False,False,231.73446360270182,236.92464820861815,False,2.626078427539195,1,1.840718914539872,19.10550862057349,0.7543512464078257,False,255.5427417809035,0.009900077241125935,0.012636449081757543,False,16.103014400062634,27.0,True,False,0,False,False,False,False,False,False,False,False,0,False,False,,Surya Roshni Ltd.,Capital Goods,EQ,INE335A01020,SELL,Stage 4 takes precedence: the guide requires SELL regardless of RS.
SUZLON,2026-09-29,39.5,-0.30956125446398264,-0.032337082427552954,-0.250900808971925,-0.28545584529221635,-0.23756324912393192,49.49965986913564,-0.4336978604449704,Stage 4 — Declining,46.35352923823338,61.5,False,38.189998626708984,1.1266720355117363,0.30330865694693215,2197406814.292358,46.21719985961914,True,-20.20147187995265,False,-35.77235772357723,False,False,False,False,True,True,False,False,49.37046666463216,49.32549991607666,False,3.095842054480886,2,0.8168760138295545,27.56051960296177,1.2171491501003266,False,53.70000076293945,0.0017872494457264376,0.0025647240103270188,False,35.94936902009989,7.0,True,False,0,False,True,False,False,False,False,False,False,1,False,False,,Suzlon Energy Ltd.,Capital Goods,EQ,INE040H01021,SELL,Stage 4 takes precedence: the guide requires SELL regardless of RS.
SWANCORP,2026-09-28,289.70001220703125,-0.08925963423943761,-0.06487137227111028,-0.3805447289018157,-0.3832468864099511,-0.2014364512123505,317.93106706175087,-2.060591628395203,Stage 4 — Declining,300.43230064242493,493.35629273111505,False,273.6499938964844,0.2670579313097823,3.6080535583005675,1129639530.10403,300.21502197265625,True,-8.879615042224353,False,-41.27975735278172,False,False,False,False,False,False,False,False,319.54991760253904,348.24954544067384,False,3.92647549903138,2,2.1301331207612675,13.686890996784806,0.5921013154384784,False,317.0433750524394,0.013030678864478798,0.02021174859169507,False,9.438509386691862,10.0,True,False,0,False,False,False,False,False,False,False,False,0,False,False,,Swan Corp Ltd.,Chemicals,EQ,INE665A01038,SELL,Stage 4 takes precedence: the guide requires SELL regardless of RS.
SWIGGY,2026-09-29,253.6999969482422,0.06261778826488884,-0.05529693360542898,-0.35747754077093497,-0.39087635786736574,-0.1356830511427904,270.5223119826544,-1.1008203761964097,Stage 4 — Declining,276.4227450501685,459.95001220703125,False,235.75,0.6197762331525277,1.6193585202943543,7316087817.045004,276.5465997314453,True,-6.218457513216446,False,-44.84183276115502,False,False,True,False,False,False,False,False,271.219865620931,291.48164909362794,False,3.208233687012632,2,0.6995132487114987,20.48852639120133,0.6783217555902401,False,305.0,0.011479118453836578,0.019029187950582303,False,20.22073459552449,22.0,True,False,1,False,False,False,False,False,False,False,False,0,False,False,,Swiggy Ltd.,Consumer Services,EQ,INE00H001014,SELL,Stage 4 takes precedence: the guide requires SELL regardless of RS.
SYNGENE,2026-09-29,367.20001220703125,-0.15420933463243625,-0.11395770971174413,-0.43827442963128393,-0.40055482658978836,-0.2522411270395378,419.6198695176313,-0.8820273571325643,Stage 4 — Declining,396.11078419404873,677.034031793237,False,360.3999938964844,0.5441245885158371,0.6409742226423057,234323962.335347,395.7679998779297,True,-12.492224777358285,False,-45.76343359957238,False,False,False,False,True,False,False,False,419.7480261230469,454.64853408813474,False,2.5910359722497107,2,0.6766974110467431,14.088201693329111,0.8031520910628566,False,419.5,0.016614633374373616,0.027892883234527648,False,14.242915592138239,6.0,True,False,0,False,False,False,False,False,False,False,False,0,False,False,,Syngene International Ltd.,Healthcare,EQ,INE398R01022,SELL,Stage 4 takes precedence: the guide requires SELL regardless of RS.
SYRMA,2026-09-29,1692.5999755859375,0.23827469310552374,1.0708033063188211,1.3765078472199548,1.1313683830609311,0.8110457845621509,1219.1081605249522,4.784925115598271,Stage 2 — Advancing,1501.62404497932,1803.9000244140625,False,633.8515990037583,0.5719543605722297,4.701788922398148,4547607114.160535,1504.1966137695313,False,38.83919658589588,True,-6.169967698973622,True,True,True,True,False,False,False,False,1211.3067036946616,1098.5928106689453,True,4.387164770393149,2,1.4633664054147633,30.388851582568517,2.2559649872791008,False,1803.9000244140625,0.0765847688152544,0.07855290620697204,False,6.575685361781702,97.0,True,True,5,True,True,True,True,True,True,True,True,8,True,False,,Syrma SGS Technology Ltd.,Capital Goods,EQ,INE0DYJ01015,WAIT,"Stage 2 + RS 97; wait because price is more than 20% above the 30-week line (currently +39%) — the guide treats that as poor entry timing, not a failed trend."
TARC,2026-09-28,126.52999877929688,0.02229944421982899,0.06318793805631806,-0.21120880312538348,-0.22211978402425647,-0.0651083521307328,128.17729139328003,-1.411288495045504,Stage 4 — Declining,127.43919937133789,186.3000030517578,False,109.0999984741211,0.25390399838746697,1.883237977867722,71733049.63529548,127.43919937133789,True,-1.2851672835938244,False,-32.0826641402983,False,False,False,False,False,False,False,False,129.1097331237793,136.76384983062744,False,3.6710669782132728,3,0.4359703930752172,17.94981503014666,0.15756712642410672,False,140.27999877929688,0.005691307253510343,0.007601825832702463,False,10.866988170910986,37.0,True,False,0,False,False,False,False,False,False,False,False,0,False,False,,TARC Ltd.,Realty,EQ,INE0EK901012,SELL,Stage 4 takes precedence: the guide requires SELL regardless of RS.
TBOTEK,2026-09-28,1654.800048828125,0.13280393860585482,0.49796335835146843,-0.026817204734898015,0.10711186384312676,0.16877317893428137,1395.9365520608835,1.6296794619996335,Stage 2 — Advancing,1637.2839892578124,1764.800048828125,False,1004.2000122070312,0.21282946197132707,0.5595334541838041,276255793.62037355,1637.2839892578124,False,18.544073252116643,False,-6.2330007341649285,True,True,True,True,True,True,False,False,1392.1733341471354,1429.9959997558594,True,2.968853165697809,2,0.47610361261817236,19.994287109375,0.6845388298593098,True,1750.0,0.07443274805868226,0.0750724456130273,False,5.752957962461536,74.0,True,True,5,True,False,True,True,True,True,True,True,7,False,False,,TBO Tek Ltd.,Consumer Services,EQ,INE673O01025,REDUCE,Stage 2 + RS 74; distribution warning (U/D 0.56) triggers REDUCE.
TDPOWERSYS,2026-09-29,777.3499755859375,0.2621396226811492,0.8334334184758829,1.242712519345794,1.702954645756288,0.8606759657880527,599.9797892667809,3.3838141247172215,Stage 2 — Advancing,697.5513281728707,817.5499877929688,False,287.0937964767861,2.78004816184162,1.2707484004221248,1762991957.7474456,700.2213720703126,False,29.562693526046257,True,-4.917132017279324,True,True,True,True,False,False,False,False,596.8506974283854,539.8261203002929,True,5.312003176930767,1,0.7324745299365831,43.178231655551734,1.0365589754336093,False,817.5499877929688,0.03517261551902346,0.03519996608200041,True,5.171417439967119,97.0,True,True,5,True,True,True,True,True,True,True,True,8,True,False,,TD Power Systems Ltd.,Capital Goods,EQ,INE419M01035,WAIT,"Stage 2 + RS 97; wait because price is more than 20% above the 30-week line (currently +30%) — the guide treats that as poor entry timing, not a failed trend."
TSFINV,2026-09-29,421.45001220703125,-0.04143844266579744,0.21205749387172612,-0.045793249033775796,-0.31945485324154577,-0.04721349874703807,411.05706081260627,0.6159018699203545,Stage 2 — Advancing,431.77549235026044,684.5682054144123,False,328.50158671142503,7.752912433856229,0.9843405965660025,45208848.22393493,431.03100219726565,True,2.528347615262816,False,-38.43564324581785,True,False,True,True,False,False,False,False,410.93968505859374,415.51548599243165,False,3.4091484851669045,1,1.1247616822419038,16.025367398090644,1.6759737058594943,False,473.0,0.019069273435909292,0.029060329076073817,False,12.231578194294968,41.0,False,False,3,True,False,False,True,False,False,False,False,2,False,False,,TSF Investments Ltd.,Financial Services,EQ,INE202Z01029,WAIT,Stage 2 + RS 41; wait because the close is below its 50-session average — short-term timing has weakened even though the 30-week trend is intact.
TVSMOTOR,2026-09-28,4095.0,0.14715523881935155,0.19276478452769075,0.1307649944952034,0.2035243141671801,0.16427291416575548,3760.8837205024615,0.4842060112839386,Stage 2 — Advancing,4201.903928270527,4484.5,False,3228.0,0.5415929208881394,0.5473698073793399,2995549859.268628,4214.1380078125,True,8.883983242451855,False,-8.685472181960085,True,False,True,True,True,True,False,False,3764.045891927083,3750.7438037109373,True,2.1144238945578233,2,0.24892017749828316,20.240828435095885,0.6325684185060956,True,4484.5,0.18419270866963938,0.18948012445377377,False,9.511599511599522,73.0,True,True,4,True,True,True,True,False,False,True,True,6,False,False,,TVS Motor Company Ltd.,Automobile and Auto Components,EQ,INE494B01023,REDUCE,Stage 2 + RS 73; distribution warning (U/D 0.55) triggers REDUCE.
TVSSCS,2026-09-28,128.5,-0.022739412641666568,0.35206227653777367,0.19312909601802275,0.03796443321796383,0.10753539609808542,122.74586207948882,0.6078362795558956,Stage 2 — Advancing,130.24588207170075,146.5,False,90.31999969482422,0.30724077377955494,1.5355913788811275,99892731.7269146,130.12779983520508,True,4.687846761616177,False,-12.286689419795227,True,False,True,True,False,False,False,False,122.49126668294271,118.91685001373291,True,3.2907177435815034,1,1.4606746563110473,14.609927995830564,0.4216134808554835,False,141.0,0.005779917720158403,0.00612491113851104,False,9.727626459143979,66.0,True,True,4,True,True,True,True,False,True,True,False,6,False,False,,TVS Supply Chain Solutions Ltd.,Services,EQ,INE395N01027,HOLD,Stage 2 + RS 66; trend/leadership is adequate without a stronger entry trigger.
TMB,2026-09-28,861.75,0.17628996549005826,0.4601538098938007,0.7350351669697579,1.0663267355792905,0.5228191286845931,756.0147090546072,1.9996890514567767,Stage 2 — Advancing,877.6196085611979,954.2000122070312,False,413.1587106622762,0.43833525622600394,0.771767377160644,128530458.65348816,879.0510009765625,True,13.985877480824982,False,-9.688745653356012,True,False,True,True,False,False,False,False,753.8208190917969,707.3697431945801,True,2.985205739851424,2,0.5379265726843617,17.41773318809926,0.4498753283066362,True,954.2000122070312,0.03876143264861093,0.0405284232443037,False,10.728170839226149,93.0,True,True,4,True,True,True,True,False,True,True,True,7,False,False,,Tamilnad Mercantile Bank Ltd.,Financial Services,EQ,INE668A01016,WAIT,Stage 2 + RS 93; wait because the close is below its 50-session average — short-term timing has weakened even though the 30-week trend is intact.
TANLA,2026-09-28,497.29998779296875,-0.043745794700521645,0.2621110536680007,-0.0682079498308934,-0.26748643803571337,-0.032214984719929875,515.9761283560975,0.513489856957583,Stage 1 — Basing,552.2392159256281,732.8993734844271,False,361.8340643388348,0.606713786761109,0.5788934875612448,194386296.64217377,551.8259997558594,True,-3.6195745378048927,False,-32.14621191055834,False,False,True,True,True,True,False,False,514.1694523111979,509.7767663574219,False,2.879119353724101,3,0.38483447566783746,26.257621951219512,0.3065969285861623,False,656.0,0.022368505927464106,0.03079991417859368,False,31.91232980144365,45.0,True,False,2,False,True,False,True,False,True,False,False,3,False,False,3.0,Tanla Platforms Ltd.,Information Technology,EQ,INE483C01032,AVOID,Stage 1 + RS 45; weak RS in a basing stage is AVOID.
TATACAP,2026-09-29,331.3500061035156,,,,,,338.57163555119314,-0.017255913302383075,Stage 4 — Declining,359.24406343347886,,False,,1.9497089713316986,1.1157048852021292,469440172.88977206,359.42963317871096,True,-2.132969418988906,False,,False,False,True,False,False,False,False,False,338.47405822753905,340.33612716674804,True,2.8713699203666807,2,0.8134023284599148,17.59354747985973,1.3299795242187933,False,390.20001220703125,0.0149925345506319,,False,17.76067753719326,,True,False,1,False,False,True,True,False,False,False,False,2,False,False,,Tata Capital Ltd.,Financial Services,EQ,INE976I01016,SELL,Stage 4 takes precedence: the guide requires SELL regardless of RS.
TATACHEM,2026-09-29,613.8499755859375,-0.15870629062353148,0.029632346776007346,-0.181069651907387,-0.32646654977812006,-0.15906328723131255,690.6021118164062,-0.18101866939295164,Stage 4 — Declining,659.0696099973193,930.1982589199833,False,571.5129923118551,1.8430087769230603,0.4163331957371568,2621730506.9357576,658.4380017089844,True,-11.113799815728475,False,-34.00869441546208,False,False,False,False,True,True,False,False,690.9247493489584,699.4000234985351,False,7.290638660184697,1,5.050929378774179,27.884615384615387,11.910514041570586,False,832.0,0.027774760218358334,0.03984857387447734,False,35.53800327284073,17.0,True,False,0,False,False,False,False,False,False,False,False,0,False,False,,Tata Chemicals Ltd.,Chemicals,EQ,INE092A01019,SELL,Stage 4 takes precedence: the guide requires SELL regardless of RS.
TATACOMM,2026-09-28,1655.300048828125,-0.16898437243854736,0.1945592050494862,-0.06033293199476819,0.0351070452176494,-0.03372708532094546,1705.2087310372967,0.3707356053656685,Stage 1 — Basing,1735.4725485409008,2110.0,False,1310.5824719426591,0.5216673261687319,0.4397298626083241,403729214.7532654,1733.73,True,-2.926837125611703,False,-21.54976071904621,False,False,True,True,True,True,False,False,1702.746728515625,1699.1067614746094,False,2.7474521427310385,2,1.1508965518350078,11.704422869471413,0.8651510129146865,False,1854.0,0.07445523801090077,0.08863009544782578,False,12.00386306473833,44.0,True,False,2,False,True,False,True,False,False,True,False,3,False,False,2.0,Tata Communications Ltd.,Telecommunication,EQ,INE151A01013,AVOID,Stage 1 + RS 44; weak RS in a basing stage is AVOID.
TCS,2026-09-29,2032.4000244140625,-0.02590988446245912,-0.13329478746920354,-0.3514054422598708,-0.26909608845254573,-0.16112321742130767,2290.390550263074,-1.3868813854921336,Stage 4 — Declining,2280.909813974418,3287.1613923698505,False,1966.0205187179013,1.4517062602545263,0.23257724609791663,6348469499.022052,2282.1060083007815,True,-11.264040790745444,False,-38.171577789527966,False,False,False,False,True,True,False,False,2296.355694986979,2474.143175048828,False,2.8825867277907142,2,0.8961991902005672,18.54108118580912,0.92709759615542,False,2495.0,0.0919596409399603,0.13666657448483835,False,22.76126599237296,17.0,True,False,0,False,False,False,False,False,False,False,False,0,False,False,,Tata Consultancy Services Ltd.,Information Technology,EQ,INE467B01029,SELL,Stage 4 takes precedence: the guide requires SELL regardless of RS.
TATACONSUM,2026-09-29,967.7000122070312,-0.13039183164477453,-0.06925287552003334,-0.18349360856053665,-0.13107611914499206,-0.12892125330302223,1092.5245025011957,-0.9785395815112286,Stage 4 — Declining,1044.6568579580269,1271.9371979227803,False,953.9000244140625,1.9025666106926167,0.7413248461547487,1144534810.7958312,1043.9199951171875,True,-11.425326389329914,False,-23.91919870042353,False,False,False,False,False,False,False,False,1093.6317517089844,1109.9318997192383,False,1.744932464288253,2,1.4069457127307388,15.088125005908468,1.061867967416887,False,1123.4000244140625,0.043785349631556544,0.05571713005129209,False,16.089698278697618,23.0,True,False,0,False,False,False,False,False,False,True,False,1,False,False,,Tata Consumer Products Ltd.,Fast Moving Consumer Goods,EQ,INE192A01025,SELL,Stage 4 takes precedence: the guide requires SELL regardless of RS.
TATAELXSI,2026-09-29,3211.699951171875,-0.1931212868132287,-0.21426263343971397,-0.38495043181639665,-0.3832681149174304,-0.2737447507599997,3903.2288909704507,-2.222941249193011,Stage 4 — Declining,3544.4450922947303,5845.177388781378,False,3106.10009765625,1.972561280876588,0.7920559962321443,737025093.7052246,3546.1019921875,True,-17.716843134624437,False,-45.05384973711703,False,False,False,False,False,False,False,False,3914.217311197917,4234.024270019531,False,2.2744962986228687,1,0.8538578398089269,19.468496301367644,0.8370542788917481,False,3857.0,0.1453192141157357,0.24236736481742405,False,20.09216485471097,4.0,True,False,0,False,False,False,False,False,False,False,False,0,False,False,,Tata Elxsi Ltd.,Information Technology,EQ,INE670A01012,SELL,Stage 4 takes precedence: the guide requires SELL regardless of RS.
TATAINVEST,2026-09-29,625.4500122070312,-0.061379102389764406,0.10779859879983311,-0.10092860595925679,-0.28906968646457243,-0.08099157968070499,661.0290498279389,0.0840551028247205,Stage 1 — Basing,658.4823548560049,1178.621408861613,False,536.0852264589291,0.437704174996241,3.651360318027563,1678354162.4797454,658.5130017089843,True,-5.382371263436703,False,-46.93376452315333,False,False,False,True,False,False,False,False,660.8913297526042,661.3612121582031,False,5.397828023129161,3,1.599244563847979,17.908064545511326,1.5148735056046219,False,750.5,0.028299625003711654,0.04590708850364886,False,19.99360226274578,33.0,True,False,1,False,False,False,False,False,False,False,False,0,False,False,1.0,Tata Investment Corporation Ltd.,Financial Services,EQ,INE672A01026,AVOID,Stage 1 + RS 33; weak RS in a basing stage is AVOID.
TMCV,2026-09-29,430.1499938964844,,,,,,423.17227982501595,-0.5672747826429236,Stage 3 — Topping,447.29019524069395,,False,,0.6731719699563804,0.7681212409709038,2670943730.23902,448.0009991455078,True,1.648906226644553,False,,True,False,True,False,False,False,False,False,424.4422934977214,427.64921325683594,True,2.902641774019918,3,0.6683081020107968,18.40918205005809,0.8592053924798991,False,487.79998779296875,0.01946291995368917,,False,13.402300293966253,,True,False,2,True,False,True,True,False,False,False,False,3,False,False,,Tata Motors Ltd.,Capital Goods,EQ,INE1TAE01010,REDUCE,Stage 3 with RS unavailable; the guide requires REDUCE when RS is 50 or higher.
TMPV,2026-09-29,280.95001220703125,-0.18577011405198984,-0.06569733455658489,-0.21003743629188842,-0.5787649282659895,-0.24520798544368855,337.55473441818134,-1.543506951115159,Stage 4 — Declining,318.9078422995175,733.6144341409002,False,272.20001220703125,2.0848820636910848,0.3384568581941754,2951352485.8723707,318.60999938964846,True,-16.76905000568739,False,-61.703314557048216,False,False,False,False,True,True,False,False,338.4472336832682,343.51822967529296,False,3.0457873050666797,2,1.6573640664269917,22.93318154035656,1.4635604298016962,False,353.20001220703125,0.01271209502769247,0.031072519079092517,False,25.716318512475866,6.0,True,False,0,False,False,False,False,False,False,False,False,0,False,False,,Tata Motors Passenger Vehicles Ltd.,Automobile and Auto Components,EQ,INE155A01022,SELL,Stage 4 takes precedence: the guide requires SELL regardless of RS.
TATAPOWER,2026-09-29,359.0,-0.07115135834411379,-0.06345718547504675,-0.0398071078378357,-0.0691287721425613,-0.06293915642873427,390.7305810629916,-0.19956080742159488,Stage 4 — Declining,371.00980332318477,462.0369390979878,False,340.3907303086808,2.6759331385568457,0.9301835668593231,1462916979.4782043,370.80099914550783,True,-8.120833792089632,False,-22.30058473228175,False,False,False,False,False,False,False,False,390.46386494954425,385.26920349121093,False,1.9438895769343163,3,1.3151305301067546,11.116801889088144,0.8456081666466589,False,390.3999938964844,0.016243608886475726,0.020160067472192615,False,8.746516405705961,38.0,True,False,0,False,True,False,False,False,False,True,False,2,False,False,,Tata Power Co. Ltd.,Power,EQ,INE245A01021,SELL,Stage 4 takes precedence: the guide requires SELL regardless of RS.
TATASTEEL,2026-09-29,188.0,-0.008281939460674237,-0.006950189969387455,0.11362204776363471,0.13550180383309351,0.045121956541198466,194.06232353781357,-0.6183608787034278,Stage 4 — Declining,186.24156907025505,219.86575104195882,False,156.82581752306186,1.1563975554749273,1.0645669965163518,4537892237.949742,186.2216003417969,False,-3.123905468766741,False,-14.493276415696776,False,True,False,False,False,False,False,False,194.37779571533204,191.99488540649415,True,2.1394387566934605,1,0.9370022306828725,7.048796450662932,0.9362435831845096,False,193.64999389648438,0.008506402425229627,0.009616077463452468,False,3.005315902385308,58.0,True,True,2,False,True,True,False,True,False,True,False,4,False,False,,Tata Steel Ltd.,Metals & Mining,EQ,INE081A01020,SELL,Stage 4 takes precedence: the guide requires SELL regardless of RS.
TATATECH,2026-09-29,686.75,-0.03951048951048952,0.2928463962190744,0.07078730481209017,0.031198871774305026,0.06316231875689811,687.3070082891555,1.2690729124705369,Stage 1 — Basing,777.9745100432751,891.0,False,499.7255286427323,0.38797937753944595,0.44560260422262815,647634928.1447815,778.9540002441406,True,-0.08104213727457843,False,-22.923681257014593,False,False,True,True,True,True,False,False,685.0261252848308,671.5482783508301,True,3.304384765117141,1,1.079529880310113,23.26599189595609,0.6065805774586548,False,891.0,0.03107325460386408,0.037027445893635005,False,29.741536221332353,60.0,True,True,3,True,True,True,True,False,True,True,False,6,False,False,3.0,Tata Technologies Ltd.,Information Technology,EQ,INE142M01025,WATCH,Stage 1 + RS 60; adequate RS in a basing stage remains WATCH.
TTML,2026-09-28,36.189998626708984,-0.15404395373141244,0.09236334017322845,-0.27822099985544624,-0.34874934631177057,-0.16853898269136264,40.284383564779205,-1.1750077761925382,Stage 4 — Declining,37.85431364470837,60.08000183105469,False,31.219999313354492,28.003881687224872,5.474556992949248,195143938.27521592,37.806599884033204,True,-10.163702595786916,False,-39.76365259029874,False,False,False,False,False,False,False,False,40.32846666971842,41.826900024414066,False,3.321753968144378,2,1.099043704754341,20.97150772124309,3.461600067284286,False,42.81999969482422,0.0016278226798056305,0.0025282750729302994,False,18.319981541038665,15.0,True,False,0,False,False,False,False,False,False,False,False,0,False,False,,Tata Teleservices (Maharashtra) Ltd.,Telecommunication,EQ,INE517B01013,SELL,Stage 4 takes precedence: the guide requires SELL regardless of RS.
TECHM,2026-09-28,1542.199951171875,0.10102111354083987,0.13702029756002854,-0.01862100648017484,0.13578507713658539,0.09124531905962377,1467.6807309503424,0.728830573648942,Stage 2 — Advancing,1592.1862769033394,1807.040094106148,False,1271.0685229802766,0.5662251154925264,0.7791675730365925,2481377650.005969,1592.502001953125,True,5.077345409670975,False,-14.656019188399693,True,False,True,True,False,False,False,False,1463.8048795572918,1491.8473822021485,True,2.4223264091554477,2,0.7328183874214559,11.182258882721522,0.6687918530243423,False,1686.5999755859375,0.06936800642650384,0.0745378764639504,False,9.363249188559308,63.0,True,True,4,True,False,True,True,False,False,True,False,4,False,False,,Tech Mahindra Ltd.,Information Technology,EQ,INE669C01036,HOLD,Stage 2 + RS 63; trend/leadership is adequate without a stronger entry trigger.
TECHNOE,2026-09-28,981.8499755859375,-0.09030508816558491,-0.04164230553982451,-0.08904814412295414,-0.22631092021820587,-0.10752230924243089,1072.570557894772,-0.8688405165080737,Stage 4 — Declining,988.1669838101257,1379.6524287751324,False,863.7720549794727,0.576387357071028,1.0251976349662997,128728634.18605652,987.8034423828125,True,-8.458239100549225,False,-28.833526828374268,False,False,False,False,False,False,False,False,1074.9476444498698,1065.55928314209,False,3.3699021882109235,2,1.5094086915975928,12.738651077237737,0.8077337759742238,False,1071.2759321958026,0.04416351807335608,0.05945067636137275,False,9.10790434725004,28.0,True,False,0,False,True,False,False,False,False,False,False,1,False,False,,Techno Electric & Engineering Company Ltd.,Construction,EQ,INE285K01026,SELL,Stage 4 takes precedence: the guide requires SELL regardless of RS.
TEGA,2026-09-29,2060.60009765625,0.2100396865562042,0.21338472546226384,0.07168655044627803,0.094079742612722,0.15984607832673445,1694.605278119649,1.183909057655863,Stage 2 — Advancing,1698.9303959865197,2175.0,False,1471.2888029532853,0.7454826365356209,6.773873056529919,1662583813.7852173,1700.2449951171875,False,21.597644257470527,True,-5.259765625000002,True,True,True,True,False,False,False,False,1697.8288313802084,1729.2364324951172,False,4.808520227204013,1,2.4127293619295305,32.35453779525125,6.153945093174575,False,2175.0,0.09323560461772092,0.09323560461772092,True,5.55177603232524,73.0,True,True,5,True,False,False,False,True,True,True,True,5,False,True,,Tega Industries Ltd.,Capital Goods,EQ,INE011K01018,HOLD,Stage 2 + RS 73; trend/leadership is adequate without a stronger entry trigger.
TEJASNET,2026-09-28,491.1000061035156,-0.2114010339566188,0.19634593447872262,0.0943732726540738,-0.1659306788637468,-0.05960270792883761,506.4363008263993,2.370139936631954,Stage 1 — Basing,528.5696052102481,644.75,False,294.0,0.33114798224510533,1.3806307854990416,1941978070.2246552,528.2729968261718,True,-3.0282771392686536,False,-23.830941279020458,False,False,True,True,False,False,False,False,502.542666015625,472.98349914550784,True,3.9866767341442446,2,1.2430818445935263,21.636159704741935,0.44185150231574805,False,622.7999877929688,0.022089631343561168,0.027322179938446375,False,26.817344747027548,39.0,True,False,2,False,True,True,True,False,True,True,False,5,False,False,2.0,Tejas Networks Ltd.,Telecommunication,EQ,INE010J01012,AVOID,Stage 1 + RS 39; weak RS in a basing stage is AVOID.
TENNIND,2026-09-28,502.1499938964844,,,,,,562.3907548042193,-0.6059224081032988,Stage 4 — Declining,536.2058841480929,,False,,0.14102628648902277,0.8037303666489141,351210310.885376,535.7850018310547,True,-10.71154893517161,False,,False,False,False,False,False,False,False,False,562.9200014241536,552.6917515563965,False,2.8996748139975708,2,0.9320320719757014,14.891440072745471,0.31989031009315844,False,584.9000244140625,0.022586658738519252,,False,16.479145976976085,,True,False,0,False,True,False,False,False,False,False,False,1,False,False,,Tenneco Clean Air India Ltd.,Automobile and Auto Components,EQ,INE19RI01016,SELL,Stage 4 takes precedence: the guide requires SELL regardless of RS.
TEXRAIL,2026-09-29,125.66999816894531,0.17607808467941455,0.5117790105631126,-0.07391501468416395,-0.07984396948703865,0.1420352391501478,106.71121501273849,0.6864617642584614,Stage 2 — Advancing,111.67632847206265,142.18870442678158,False,77.55295586446476,1.409811500839791,3.0559118746093965,370812376.63200986,111.64059906005859,False,17.766439220042287,False,-11.617453245973131,True,True,True,True,False,False,False,False,106.67322224934895,110.96200786590576,False,4.027580635776994,2,2.3495771265354706,21.081455265043953,1.7723491480817897,False,128.5500030517578,0.005686167963845315,0.006093777664958045,False,2.2917203189107616,71.0,True,True,5,True,False,False,True,True,True,True,True,6,False,False,,Texmaco Rail & Eng. Ltd.,Capital Goods,EQ,INE621L01012,HOLD,Stage 2 + RS 71; trend/leadership is adequate without a stronger entry trigger.
THANGAMAYL,2026-09-28,5011.5,-0.10165563760200902,0.4647385618676403,0.5664115210139753,1.492445598009065,0.4640568811373325,4850.418861702697,1.9100745201368063,Stage 2 — Advancing,5479.748793658088,7430.0,False,1934.089956974078,0.2115154824673707,1.3352629554078776,432599561.95,5461.99,True,3.320973773402258,False,-32.55047106325707,True,False,True,True,False,False,False,False,4823.761790364583,4488.629539794922,True,3.5917390002993113,2,0.2904406302360358,37.940780619111706,0.4491340114280974,False,7430.0,0.2254167910861777,0.3157028701694993,False,48.2590042901327,91.0,True,True,4,True,True,True,True,False,True,False,True,6,False,False,,Thangamayil Jewellery Ltd.,Consumer Durables,EQ,INE085J01014,WAIT,Stage 2 + RS 91; wait because the close is below its 50-session average — short-term timing has weakened even though the 30-week trend is intact.
ANUP,2026-09-29,1591.199951171875,-0.3135038111671632,-0.04260711270442663,-0.2871331323286307,-0.3047721826737143,-0.2523040100082196,1907.8320162002356,-0.1727496555642416,Stage 4 — Declining,1845.9749348958333,2507.7248616944585,False,1413.1287937902684,1.988921639081747,0.5684673892742367,40710495.76228638,1840.3823388671874,True,-16.596433141896107,False,-36.54806492221366,False,False,False,False,True,True,False,False,1899.3566512044272,1928.7927459716798,False,3.5714296673697863,2,0.9540013692438183,30.750117281465062,0.8687501924879119,False,2281.5923117471334,0.07199674001954097,0.10688240593900578,False,43.388158733087145,6.0,False,False,0,False,False,False,False,False,False,False,False,0,False,False,,The Anup Engineering Ltd.,Capital Goods,EQ,INE294Z01018,SELL,Stage 4 takes precedence: the guide requires SELL regardless of RS.
NIACL,2026-09-28,169.83999633789062,-0.07252963424002212,0.4057865344435341,0.11324174132696063,-0.08862177575329966,0.057069446307430154,167.06684520146618,1.4770415966862904,Stage 2 — Advancing,184.8954901601754,242.60000610351562,False,116.0144662714778,0.2600421715820235,2.0452176391616983,2682851546.251094,185.05739990234375,True,1.6599051314342361,False,-29.991759247763106,True,False,True,True,False,False,False,False,166.54486796061198,162.6618529510498,True,5.192281564040801,3,1.771932792100061,33.32234524437145,1.1123883642074872,False,242.60000610351562,0.007639386804863909,0.00998436724283471,False,42.840326975085155,59.0,True,True,4,True,True,True,True,False,True,False,False,5,False,False,,The New India Assurance Company Ltd.,Financial Services,EQ,INE470Y01017,HOLD,Stage 2 + RS 59; trend/leadership is adequate without a stronger entry trigger.
RAMCOCEM,2026-09-28,848.6500244140625,-0.07413113324077492,-0.06538596309976097,-0.19961803028748815,-0.15039328648329653,-0.1127319092704191,922.0834805192618,-2.1130575491857373,Stage 4 — Declining,898.5934655761719,1211.1945755050306,False,836.0183952677719,0.3102649263404551,0.9736502297901609,175172219.94294435,898.5934655761719,True,-7.963862020805967,False,-29.93280835490848,False,False,False,False,False,False,False,False,929.3223937988281,969.0179135131835,False,2.2287502100843053,2,1.142615140354509,14.282018080352508,0.9793216226329162,False,986.6074693636571,0.038172196998628026,0.05073683287534675,False,16.256105695023713,27.0,True,False,0,False,False,False,False,False,False,False,False,0,False,False,,The Ramco Cements Ltd.,Construction Materials,EQ,INE331A01037,SELL,Stage 4 takes precedence: the guide requires SELL regardless of RS.
THERMAX,2026-09-28,3386.0,-0.2959267478424803,0.06347678594980222,0.1286114668382512,0.06321076395168146,-0.06731089578904514,4091.061232475385,0.6874849670167826,Stage 1 — Basing,3951.9176384420957,5256.332008959298,False,2731.5439342301706,0.3813824627736124,0.48445173162291416,498007814.0063965,3936.7459912109375,True,-17.23418918491163,False,-35.5824557081128,False,False,False,True,True,True,False,False,4065.8569759114584,3784.207637939453,True,2.847649266313233,2,0.34258133146703956,31.045081967213118,0.6068464130077574,False,4880.0,0.15230195642378486,0.22345589642334704,False,44.12285883047844,36.0,True,False,1,False,True,True,False,False,False,False,False,2,False,False,3.0,Thermax Ltd.,Capital Goods,EQ,INE152A01029,AVOID,Stage 1 + RS 36; weak RS in a basing stage is AVOID.
THOMASCOOK,2026-09-29,103.91999816894531,-0.03910654487497345,0.11196700329630693,-0.2502229349289823,-0.3359744525945987,-0.11048869479544418,101.4231246117832,-0.1824228832281949,Stage 3 — Topping,105.26477439730775,168.23674919231718,False,85.96001645922374,0.4476094140286386,1.670677161722011,76458228.48341903,105.28433242797851,True,2.461838527179472,False,-38.22990597009765,True,False,True,False,False,False,False,False,101.46261352539062,108.31793045043945,False,2.8270376668534163,3,0.4934540016948081,19.682301942487207,0.27078526803935404,False,120.32411817674341,0.0047020495981605044,0.0070629208689146315,False,15.785335158618373,27.0,True,False,2,False,False,False,False,False,False,False,False,0,False,False,,Thomas Cook (India) Ltd.,Consumer Services,EQ,INE332A01027,SELL,Stage 3 + RS 27; RS below 50 in Stage 3 triggers SELL.
THYROCARE,2026-09-29,547.0999755859375,0.04328747161527824,0.5341758017564566,0.234482660791697,0.421899881194866,0.2554266573947152,497.4113939765359,2.1178158268980063,Stage 2 — Advancing,580.8970576267617,662.0,False,338.148639887055,0.12874582229930218,0.3703849159583412,126201361.72968444,581.2579992675782,True,9.989433738573661,False,-17.356499156202798,True,False,True,True,True,True,False,False,495.33372314453123,479.249581451416,True,2.7913429172520576,3,0.8255779538454991,19.52416918429003,0.27317564909336867,False,662.0,0.024754534889187708,0.027420541860289232,False,21.001650437108133,82.0,True,True,4,True,True,True,True,False,True,True,True,7,False,False,,Thyrocare Technologies Ltd.,Healthcare,EQ,INE594H01019,REDUCE,Stage 2 + RS 82; distribution warning (U/D 0.37) triggers REDUCE.
TI,2026-09-29,550.8499755859375,0.23912907672923378,0.2857497183855653,0.22117067702313187,0.23469373934877757,0.24397445764318848,471.69723282379357,1.7325482275355464,Stage 2 — Advancing,528.8828125,607.7999877929688,False,380.8184953584051,0.5853963458846178,0.9950355244251232,428217680.996521,530.5795281982422,False,16.78041278476443,False,-9.369860702667498,True,True,True,True,False,False,False,False,471.2290663655599,463.4671675109863,True,3.795177337968346,1,1.25662318788271,30.160475647733374,1.2641233841561859,False,607.7999877929688,0.02492421046947819,0.026226177790574304,False,10.338570342397446,81.0,True,True,5,True,True,True,True,True,True,True,True,8,True,False,,Tilaknagar Industries Ltd.,Fast Moving Consumer Goods,EQ,INE133E01013,HOLD,Stage 2 + RS 81; trend/leadership is adequate without a stronger entry trigger.
TIMETECHNO,2026-09-28,183.44000244140625,0.015897605121603098,0.11490948142748647,0.004096425270515569,-0.12084295473519235,0.005991632441203175,181.6029070501458,-0.4441315247197597,Stage 3 — Topping,191.6906103994332,225.61254472714933,False,152.72234380182346,1.143474764196496,2.1714982425360283,433393783.604187,191.29758392333986,True,1.0116002111977052,False,-18.69246337199272,True,False,True,False,False,False,False,False,181.7139862060547,182.4896996307373,False,2.4277668949270628,2,0.7160197431107597,20.120929190259158,0.7684375054785068,False,215.38808765258847,0.008251113779743071,0.009589484729272384,False,17.416095064317805,52.0,True,True,3,True,False,False,True,False,False,True,False,3,False,False,,Time Technoplast Ltd.,Capital Goods,EQ,INE508G01029,REDUCE,Stage 3 with RS 52; the guide requires REDUCE when RS is 50 or higher.
TIMKEN,2026-09-28,3180.5,-0.12880944010546846,-0.04095547788212783,0.06528407009878423,0.0616599715941597,-0.03432606328002417,3362.59580512896,-0.0670776240264015,Stage 4 — Declining,3185.934934129902,3921.832239688061,False,2798.2399489351046,0.5008654132472109,0.9319416960902236,119275330.87150879,3187.1141455078123,True,-5.415334333410204,False,-18.90270145127436,False,False,False,False,False,False,False,False,3362.2983968098956,3288.409051513672,True,3.624317939291048,3,1.0461429526966457,10.55183331834396,1.0306379367810232,False,3390.39990234375,0.1430585860619751,0.16542861604422898,False,6.599588188767491,44.0,True,False,0,False,True,True,False,False,False,True,False,3,False,False,,Timken India Ltd.,Capital Goods,EQ,INE325A01013,SELL,Stage 4 takes precedence: the guide requires SELL regardless of RS.
TIPSMUSIC,2026-09-28,657.3499755859375,0.0305714521382352,0.31351775312575736,0.2555562330079113,0.13988449829044125,0.15402027774011606,630.618491394879,1.1745972764812374,Stage 2 — Advancing,662.5499985638787,741.0,False,478.56920878389656,0.32877420599908547,2.0068637296862266,157209847.7431,661.5899987792968,True,4.2389312327220985,False,-11.28880221512314,True,False,True,True,False,False,False,False,628.4443314615885,606.2190603637696,True,2.666008614334439,3,0.34157564293925224,15.925802049338717,0.402365236584524,True,727.75,0.029567539083539717,0.03081085701442829,False,10.70967171654802,72.0,True,True,4,True,True,True,True,False,True,True,True,7,False,False,,Tips Music Ltd.,Media Entertainment & Publication,EQ,INE716B01029,HOLD,Stage 2 + RS 72; trend/leadership is adequate without a stronger entry trigger.
TITAGARH,2026-09-29,819.3499755859375,-0.06605268196354885,0.3773214327303791,-0.09615180295908254,-0.07270384330179192,0.015272084508481396,796.3354238912361,0.738725030510845,Stage 2 — Advancing,836.5290132410386,969.8369391372275,False,568.0188408461157,0.642795471158837,1.6276316869388223,545969992.5757538,836.4078039550782,True,2.890057506451549,False,-15.516728377572841,True,False,True,True,False,False,False,False,794.6086865234375,797.069077758789,True,3.0812766147578268,3,0.8664146239594888,12.748673000425972,0.9302510079978638,False,903.7162280557898,0.03707298201827689,0.04013896746442555,False,10.29672972279274,53.0,True,True,4,True,False,True,True,False,True,True,False,5,False,False,,Titagarh Rail Systems Ltd.,Capital Goods,EQ,INE615H01020,HOLD,Stage 2 + RS 53; trend/leadership is adequate without a stronger entry trigger.
TITAN,2026-09-29,4675.0,0.09659116874394469,0.17803341235162073,0.17738289563097775,0.3790250610841963,0.18552474131093685,4507.892533282844,0.8548557979264348,Stage 2 — Advancing,4955.166685814951,5186.7001953125,False,3340.0404292943817,1.6674881937922856,0.5846278135839652,2853043359.6,4960.496015625,True,3.7069975711124803,False,-9.86562122435669,True,False,True,True,True,True,False,False,4504.085343424479,4399.62296875,True,1.841100076394194,2,0.7713441955817759,11.232577085962614,0.9836764287363559,False,5186.7001953125,0.2115288900954708,0.2196990474837004,False,10.945458723262025,75.0,True,True,4,True,True,True,True,False,True,True,True,7,False,False,,Titan Company Ltd.,Consumer Durables,EQ,INE280A01028,REDUCE,Stage 2 + RS 75; distribution warning (U/D 0.58) triggers REDUCE.
TORNTPHARM,2026-09-28,4869.0,0.07811872579379497,0.14372556308490458,0.2870428523304125,0.3794238166226338,0.19328593672510816,4592.949215405608,0.9241757869864919,Stage 2 — Advancing,4948.537252987132,5250.0,False,3450.040733610751,1.0031898612148646,0.7279250518142362,1512225982.975,4947.4,True,6.010316501398849,False,-7.257142857142862,True,False,True,True,False,False,False,False,4587.237848307292,4425.1498986816405,True,1.9841269841269844,3,0.6596483095015772,9.41904761904762,0.6882258588576793,False,5250.0,0.2190071547039009,0.22069590992545401,False,7.825015403573632,76.0,True,True,4,True,True,True,True,False,True,True,True,7,False,False,,Torrent Pharmaceuticals Ltd.,Healthcare,EQ,INE685A01028,HOLD,Stage 2 + RS 76; trend/leadership is adequate without a stronger entry trigger.
TORNTPOWER,2026-09-28,1237.199951171875,-0.12484968953538678,-0.08194555972682493,-0.03452172343316784,0.017067324698835318,-0.0698198675063862,1420.3437048507064,-1.2356612770541453,Stage 4 — Declining,1310.2156862745098,1817.8039543841724,False,1171.7578125,0.24718930806376954,3.100906919144812,524838825.9328674,1307.7539990234375,True,-12.894326426298475,False,-31.939858080515172,False,False,False,False,False,False,False,False,1423.9176424153645,1404.9951806640624,False,2.373447611432437,1,1.7621394034367035,17.196132596685082,0.5630403460314048,False,1448.0,0.05564913557320958,0.07740024932053478,False,17.038478592603834,35.0,True,False,0,False,True,False,False,False,False,False,False,1,False,False,,Torrent Power Ltd.,Power,EQ,INE813H01021,SELL,Stage 4 takes precedence: the guide requires SELL regardless of RS.
TARIL,2026-09-29,272.8500061035156,-0.1793948626712113,0.003481136864595058,-0.04394398879348138,-0.44163285102113925,-0.16817708565848966,305.7790370603808,-0.5313218467288494,Stage 4 — Declining,293.7625110102635,500.74602595961534,False,223.84705029255147,0.7251678568114966,0.442777089741294,238456497.35401306,293.30650146484373,True,-10.768897460542014,False,-45.51129875057247,False,False,False,False,True,True,False,False,305.77857899983724,298.57126068115235,True,3.0185064655318947,3,0.6948194740251223,18.38455361576708,0.5502578574050039,False,326.65386016319013,0.01234559549810034,0.021565322581534364,False,19.719205737991462,15.0,True,False,0,False,True,True,False,False,False,False,False,2,False,False,,Transformers And Rectifiers (India) Ltd.,Capital Goods,EQ,INE763I01026,SELL,Stage 4 takes precedence: the guide requires SELL regardless of RS.
TRANSRAILL,2026-09-29,451.6499938964844,-0.1188219694533954,-0.044599116712009446,-0.1896728821980158,-0.3822632863130506,-0.17083584482597336,493.65887513452645,-1.523345387331454,Stage 4 — Declining,455.35344920438877,758.5896367271307,False,400.6499938964844,0.7300615900213998,8.166882255929496,1002741113.5391067,454.71697509765625,True,-8.509698367439311,False,-40.46188188846224,False,False,False,False,False,False,False,False,494.8351068115234,504.6271694946289,False,4.168286803044271,1,2.8383005200248004,20.69917074845531,11.498828514413786,False,505.22800036000905,0.020435726614021283,0.032309211114562156,False,11.862727153231067,14.0,True,False,0,False,False,False,False,False,False,False,False,0,False,False,,Transrail Lighting Ltd.,Capital Goods,EQ,INE454P01035,SELL,Stage 4 takes precedence: the guide requires SELL regardless of RS.
TRAVELFOOD,2026-09-28,1203.0,-0.09107706661494419,0.027622090247858333,0.03578550411766468,-0.0921658837595497,-0.04218248452478302,1252.7297798052225,0.052302081246202725,Stage 1 — Basing,1289.4241632199755,1459.2622453212896,False,1027.1088179140447,0.3042853117306341,1.1182693240564927,38268211.153930664,1289.3350244140624,True,-3.969713230011551,False,-17.561082399200124,False,False,True,True,False,False,False,False,1251.9666544596355,1227.6473046875,False,2.6576421900976723,2,0.9905733642088748,18.44509241559182,0.3622442224196049,False,1459.2622453212896,0.05411082503774754,0.060980790909009604,False,21.301932279408952,42.0,False,False,2,False,True,False,True,False,False,True,False,3,False,False,2.0,Travel Food Services Ltd.,Consumer Services,EQ,INE103V01028,AVOID,Stage 1 + RS 42; weak RS in a basing stage is AVOID.
TRENT,2026-09-29,2635.0,-0.1912960867591983,0.1643547958530993,-0.37555759158850455,-0.44215331170301875,-0.20718965619136412,2806.7012067522323,0.12049212517200036,Stage 1 — Basing,2887.7450932521447,4900.758325863586,False,2180.44477277369,1.9206975260397836,0.5186140197324103,1915182891.1875122,2887.60599609375,True,-6.117544907849881,False,-46.232810826563785,False,False,True,True,True,True,False,False,2802.39060546875,2860.772581787109,False,2.120086347290932,1,1.054572275623502,20.468488138580675,0.8804807929845568,False,3244.5,0.11922537441744717,0.21043295633722311,False,23.13092979127134,9.0,True,False,2,False,False,False,True,False,False,False,False,1,False,False,2.0,Trent Ltd.,Consumer Services,EQ,INE849A01020,AVOID,Stage 1 + RS 9; weak RS in a basing stage is AVOID.
TRIDENT,2026-09-29,22.489999771118164,-0.13098916149841255,-0.03463400911688019,-0.13567756869249725,-0.1842073437436651,-0.12329944890997353,24.5167533978313,-0.6373041577718008,Stage 4 — Declining,24.194509768018534,30.31139406763905,False,21.533432302754022,0.735820719928581,0.5330394682037082,59223432.607728764,24.176399955749513,True,-8.266810836757932,False,-25.803479309027022,False,False,False,False,True,True,False,False,24.53049790700277,24.891604537963868,False,1.9596017424998387,2,0.8599479865412949,16.86566671302188,0.7364338643851992,False,26.799999237060547,0.001017601003172624,0.0012184145043101623,False,19.164070741687244,24.0,True,False,0,False,False,False,False,False,False,False,False,0,False,False,,Trident Ltd.,Textiles,EQ,INE064C01022,SELL,Stage 4 takes precedence: the guide requires SELL regardless of RS.
TRIVENI,2026-09-29,239.14999389648438,-0.41739527568140466,-0.38487087610957627,-0.37688810894107505,-0.27542305846264403,-0.37439451897522097,350.31928869796127,-2.718655631416189,Stage 4 — Declining,261.3642529296875,487.9415273208757,False,219.08086419063903,0.771650117498864,0.5415298406871385,179814179.11137542,261.3642529296875,True,-31.733706475216383,False,-50.987981037486755,False,False,False,False,True,True,False,False,351.3021014404297,355.26033203125,False,4.108300881725691,3,0.3321254262059925,30.12067106428659,0.8041420899469998,False,313.5131197269881,0.010820777064227157,0.0203472604484473,False,31.09476384209806,2.0,True,False,0,False,False,False,False,False,False,False,False,0,False,False,,Triveni Engineering & Industries Ltd.,Fast Moving Consumer Goods,EQ,INE256C01024,SELL,Stage 4 takes precedence: the guide requires SELL regardless of RS.
TRITURBINE,2026-09-28,551.6500244140625,-0.1729829926955737,0.22483410859205377,0.020654102865673707,0.07866605235930013,-0.004362344314823963,582.4571240568814,0.7734667015854235,Stage 1 — Basing,584.6922834807751,784.8771245029434,False,426.8691302829629,0.5178320639673635,0.5883130630902015,250607713.39466554,584.1445971679688,True,-5.2891617889818,False,-29.71510989526951,False,False,True,True,True,True,False,False,579.9693473307292,561.6080076599121,True,3.106912257416659,2,1.6005620580489002,18.37561740836696,0.7209764991604269,False,651.8885150384963,0.024813165380830005,0.032614049672838416,False,18.170667305036847,50.0,True,True,3,False,True,True,True,False,False,False,False,3,False,False,3.0,Triveni Turbine Ltd.,Capital Goods,EQ,INE152M01016,WATCH,Stage 1 + RS 50; adequate RS in a basing stage remains WATCH.
TIINDIA,2026-09-29,2413.0,-0.20116631931304974,-0.05922335189031547,-0.07284165111732466,-0.2201768361706289,-0.1509148955608737,2842.519235623937,-0.1450827798815446,Stage 4 — Declining,2733.135186887255,3333.3831842009567,False,2161.889399515081,1.1934990620347141,0.4924829231879215,496738293.8156494,2729.643583984375,True,-15.110512894371219,False,-27.61108259510169,False,False,False,False,True,True,False,False,2839.5887955729168,2746.8117932128907,False,2.481202862979915,2,0.8431387421346969,19.779188731076445,0.5400359935534743,False,2989.0,0.1091805800642505,0.14212532347634987,False,23.87070037297969,19.0,True,False,0,False,True,False,False,False,False,False,False,1,False,False,,Tube Investments of India Ltd.,Automobile and Auto Components,EQ,INE974X01010,SELL,Stage 4 takes precedence: the guide requires SELL regardless of RS.
UCOBANK,2026-09-29,23.049999237060547,-0.1396043878557358,-0.006995985777789704,-0.17801138392974047,-0.21517429696111545,-0.13587808847602345,25.599711567366203,-1.2699740030149176,Stage 4 — Declining,25.22137249217314,33.63829638359693,False,21.855055871357475,1.0045484053076428,0.6360961997370446,90955889.3638297,25.18859992980957,True,-9.959926007744391,False,-31.476912581398043,False,False,False,False,True,False,False,False,25.67124017079671,26.38061812400818,False,1.7384581997942972,3,0.7065230564736122,15.20856705805451,0.7154961424391342,False,27.09000015258789,0.00104293919899826,0.0013871277036575436,False,17.52711951951693,21.0,True,False,0,False,False,False,False,False,False,False,False,0,False,False,,UCO Bank,Financial Services,EQ,INE691A01018,SELL,Stage 4 takes precedence: the guide requires SELL regardless of RS.
UNOMINDA,2026-09-28,1173.0,0.032116146062472595,0.120261423430996,-0.07528906310671057,-0.07346713071012823,0.007147504347820478,1143.6804086345517,0.06330144501860424,Stage 2 — Advancing,1225.3313754212622,1378.852549646065,False,992.4616833454146,0.8441440535109178,0.3794829551327357,732206486.1910095,1226.7500024414062,True,2.563617523225137,False,-14.92926489485078,True,False,True,True,True,True,False,False,1145.228594156901,1164.605778503418,False,2.928391125471928,2,1.0028243894672617,15.785852727652964,0.7318696219445529,False,1307.5,0.05276142790463663,0.0587340681398646,False,11.466325660699074,52.0,True,True,4,True,False,False,True,False,False,True,False,3,False,False,,UNO Minda Ltd.,Automobile and Auto Components,EQ,INE405E01023,REDUCE,Stage 2 + RS 52; distribution warning (U/D 0.38) triggers REDUCE.
UPL,2026-09-29,538.0,-0.044321467192200314,-0.08834816762428155,-0.29540471500379417,-0.16966111185215493,-0.12841138577292627,603.0135929860226,-1.3268451523438585,Stage 4 — Declining,576.1117661420037,804.4134581804076,False,532.5999755859375,1.6359234005024936,0.6093925469978607,1192762297.9874816,575.2710009765625,True,-10.781447340861106,False,-33.1189707818959,False,False,False,False,True,False,False,False,603.5252941894531,638.6625991821289,False,2.1395399161494293,2,1.2185010170927077,14.455509722000832,1.2657963915578414,False,622.5999755859375,0.02434278991900819,0.033353810907334615,False,15.724902525267193,23.0,True,False,0,False,False,False,False,False,False,False,False,0,False,False,,UPL Ltd.,Chemicals,EQ,INE628A01036,SELL,Stage 4 takes precedence: the guide requires SELL regardless of RS.
UTIAMC,2026-09-28,893.9000244140625,-0.008643871531703984,-0.0070033460009018,-0.17317961469247733,-0.2904948407800495,-0.09759310890736733,915.5610025484268,-0.7981535147489338,Stage 4 — Declining,901.1950970818015,1354.175046192178,False,861.6167441984458,0.406673116555897,1.0809775717211136,101725388.07410583,900.6219995117187,True,-2.365869458623937,False,-33.989329745247375,False,False,False,False,False,False,False,False,917.5061637369791,947.8133581542969,False,2.1942378514408256,1,0.8373477777623679,8.480845442536328,0.37903524619371837,False,946.25,0.04020753767440365,0.057091802264189924,False,5.856356880653646,30.0,True,False,0,False,False,False,False,False,False,False,False,0,False,False,,UTI Asset Management Company Ltd.,Financial Services,EQ,INE094J01016,SELL,Stage 4 takes precedence: the guide requires SELL regardless of RS.
UJJIVANSFB,2026-09-29,65.26000213623047,0.14672293641199263,0.23411499277710757,0.2608192475362001,0.4162326289720286,0.24092254842186434,60.758435489369084,0.3445772793063684,Stage 2 — Advancing,67.9486276215198,73.94000244140625,False,45.70000076293945,0.6879754850834465,0.4577132298671642,827261954.3313671,67.99500022888184,True,7.408957473319111,False,-11.739248064069574,True,False,True,True,True,True,False,False,60.74913345336914,60.3441001701355,True,3.188346366617463,3,0.4787265990341612,17.16256697646506,0.563308732030645,True,73.94000244140625,0.0029528076619261784,0.0030911627774384285,False,13.300643611773499,81.0,True,True,4,True,True,True,True,False,True,True,True,7,False,False,,Ujjivan Small Finance Bank Ltd.,Financial Services,EQ,INE551W01018,REDUCE,Stage 2 + RS 81; distribution warning (U/D 0.46) triggers REDUCE.
ULTRACEMCO,2026-09-28,11025.0,-0.020799170676848666,0.018195133323803292,-0.04612193426964273,-0.06793384820323234,-0.02749179810055382,11323.663728060788,-1.0068044884305793,Stage 4 — Declining,11476.943206188726,12847.756783521221,False,10118.465708821142,1.2527781643549685,0.7858625532919842,2777674201.6,11473.1840625,True,-2.6375185208006524,False,-14.187354370368565,False,False,True,False,False,False,False,False,11358.916217447917,11531.843979492187,False,1.6449627470035633,2,1.0036046763551565,13.072963477408283,1.056611234523268,False,12239.0,0.4959034464182599,0.5460709924085848,False,11.01133786848072,46.0,True,False,1,False,False,False,False,False,False,True,False,1,False,False,,UltraTech Cement Ltd.,Construction Materials,EQ,INE481G01011,SELL,Stage 4 takes precedence: the guide requires SELL regardless of RS.
UNIONBANK,2026-09-29,166.0,-0.02096070254121507,-0.02609357024285408,0.14583370197262036,0.26219425745014147,0.06800259681949553,172.25943221526893,-0.4837551276086871,Stage 4 — Declining,179.9150977041207,199.59697275189,False,131.410160184065,1.9728354116506586,0.5866873857450738,1358966526.8699768,179.9911996459961,True,-3.6337239330074267,False,-16.832405967225206,False,False,True,False,True,True,False,False,172.7196705118815,170.99922622680663,True,2.452667814113597,2,1.4014661940021764,13.788802589289462,0.5737115127444434,False,192.3300018310547,0.007510972354192118,0.008480622867931489,False,15.861446886177522,61.0,True,True,2,False,True,True,True,False,False,True,False,4,False,False,,Union Bank of India,Financial Services,EQ,INE692A01016,SELL,Stage 4 takes precedence: the guide requires SELL regardless of RS.
UBL,2026-09-29,1210.199951171875,-0.0786123400669082,-0.21820931796872356,-0.24769357611519427,-0.3209206639634893,-0.18880964763624472,1390.9285365513392,-1.6475791489153235,Stage 4 — Declining,1329.5578780828737,1830.970927725064,False,1169.5,0.8478526467438394,0.5136411727400737,185632551.19302368,1328.2594946289062,True,-12.99337677171839,False,-33.90392316739194,False,False,False,False,True,True,False,False,1394.7951627604166,1432.856216430664,False,2.6618985071350916,0,1.8289206787525585,19.547673531472736,0.9284914819931193,False,1453.6559119362512,0.054757701062027736,0.07865172593585541,False,20.117003023230183,11.0,True,False,0,False,False,False,False,False,False,False,False,0,False,False,,United Breweries Ltd.,Fast Moving Consumer Goods,EQ,INE686F01025,SELL,Stage 4 takes precedence: the guide requires SELL regardless of RS.
UNITDSPR,2026-09-28,1415.4000244140625,0.02989376555338552,0.13758166802172989,0.0030445260858722456,0.10432316263326102,0.06094737756952684,1364.4646205118258,0.04039780076452448,Stage 2 — Advancing,1473.2921597349878,1563.4000244140625,False,1201.5470073699987,0.4992167420538312,0.6668304975727645,656233784.1168091,1474.852001953125,True,3.7329955747134047,False,-9.466547120943536,True,False,True,True,True,False,False,False,1365.150743001302,1365.8603442382812,True,1.8455159921186917,2,0.48123097039570784,12.492007533473101,0.6080059816149518,True,1563.4000244140625,0.06366455783831498,0.06613714419386052,False,10.456407902159537,60.0,True,True,4,True,False,True,True,False,False,True,False,4,False,False,,United Spirits Ltd.,Fast Moving Consumer Goods,EQ,INE854D01024,REDUCE,Stage 2 + RS 60; distribution warning (U/D 0.67) triggers REDUCE.
URBANCO,2026-09-29,163.7100067138672,0.24286368961964477,0.42903291028908064,0.27788623787297895,-0.03643312186572878,0.23124268110712407,136.8869391720311,2.6982645297011,Stage 2 — Advancing,154.98215768851486,183.97000122070312,False,100.69999694824219,0.3432961641398806,1.6291885297494628,1017062042.8367538,155.3992007446289,False,19.595052460137552,False,-11.01266204946677,True,True,True,True,False,False,False,False,136.30313369750976,133.7675001525879,True,4.4028189658603365,3,0.762142381566453,31.075717665708027,0.5679080978806892,False,183.97000122070312,0.007407357436942545,0.007787426902119707,False,12.375538254204832,80.0,True,True,5,True,True,True,True,True,True,True,True,8,True,False,,Urban Company Ltd.,Consumer Services,EQ,INE0CAZ01013,HOLD,Stage 2 + RS 80; trend/leadership is adequate without a stronger entry trigger.
USHAMART,2026-09-28,508.0,0.08183575397892584,0.25445218910036216,0.15573333825819868,0.1401570794916036,0.14280282296160324,472.64552244421554,1.4757021551450977,Stage 2 — Advancing,501.64256316540286,542.5999755859375,False,377.1664104167085,0.513180965496156,1.3185299109795563,654301101.2023178,501.58323486328123,False,7.480125353341771,False,-6.376700542342273,True,True,True,True,False,False,False,False,471.13066548665364,460.40296615600585,True,3.136950858666471,2,2.0155003938210583,14.458161669605188,2.218929782290658,False,542.5999755859375,0.02284979145401143,0.023355154786093985,False,6.811018816129422,71.0,True,True,5,True,True,True,True,True,True,True,True,8,True,False,,Usha Martin Ltd.,Capital Goods,EQ,INE228A01035,HOLD,Stage 2 + RS 71; trend/leadership is adequate without a stronger entry trigger.
VGUARD,2026-09-29,307.04998779296875,0.01517421714935141,-0.024315565313183685,-0.05783658365244715,-0.15936942852423475,-0.04223462863823255,316.3466466616278,-0.0172589409431545,Stage 4 — Declining,321.72344970703125,382.1809668907202,False,287.43192892625956,0.1782902680534344,0.24174430769175437,123774229.51015778,322.16743103027346,True,-2.938756887978955,False,-19.658482657833186,False,False,True,False,True,True,False,False,316.23810099283855,318.36067932128907,False,2.6903489197158854,2,0.7428479429769629,17.87659173535441,0.2296865456065481,False,350.0,0.013893035961855515,0.016438795832922033,False,13.987954376989165,42.0,True,False,1,False,False,False,True,False,False,True,False,2,False,False,,V-Guard Industries Ltd.,Consumer Durables,EQ,INE951I01027,SELL,Stage 4 takes precedence: the guide requires SELL regardless of RS.
VMART,2026-09-28,766.5,0.0071199825687415785,0.5581121962131617,0.039093029599954976,0.060998158130117996,0.13448866981614357,703.0157578040813,2.0500534607023724,Stage 2 — Advancing,800.410784553079,886.8128854091074,False,457.2878261718021,0.49605093750262835,0.4595250583131909,58167099.84205017,800.7170007324219,True,9.030273004721279,False,-13.566885121837647,True,False,True,True,True,True,False,False,698.5088958740234,687.8429344177246,True,3.008573064820962,2,0.7041655345360117,21.4351472858568,0.6754852408031571,False,868.9000244140625,0.03447709675098378,0.03778404293708913,False,13.35942914730104,70.0,True,True,4,True,True,True,True,False,True,True,True,7,False,False,,V-Mart Retail Ltd.,Consumer Services,EQ,INE665J01013,REDUCE,Stage 2 + RS 70; distribution warning (U/D 0.46) triggers REDUCE.
VIPIND,2026-09-29,293.20001220703125,-0.042768449585417256,-0.08130967314970383,-0.2296373948893562,-0.29873234172008334,-0.13904326178599558,310.7278903260523,-1.3473228566735274,Stage 4 — Declining,303.31372489181217,447.29998779296875,False,278.25,0.4118479354610489,0.99633764547885,97335276.8775467,303.3839996337891,True,-5.640909189268061,False,-34.4511468346523,False,False,False,False,False,False,False,False,311.70233256022135,326.8057499694824,False,3.1036854449685447,2,0.8875190571656856,13.08963891867512,1.251390450971006,False,329.6499938964844,0.013266368589974719,0.01855593124797365,False,12.431780413336213,21.0,True,False,0,False,False,False,False,False,False,False,False,0,False,False,,V.I.P. Industries Ltd.,Consumer Durables,EQ,INE054A01027,SELL,Stage 4 takes precedence: the guide requires SELL regardless of RS.
V2RETAIL,2026-09-29,209.42999267578125,-0.08209156156074615,0.061479926185512346,-0.12668364618697614,0.009787843968356524,-0.04391979983091992,215.8118366059803,0.35844754146550084,Stage 1 — Basing,218.27725488999312,259.25,False,172.02999877929688,0.775539223750284,0.6004014994737651,182767157.8583626,218.1416000366211,True,-2.9571334133311367,False,-19.216974859872227,False,False,True,True,True,False,False,False,215.4524665323893,214.57614974975587,False,2.3898187597065954,2,0.9934500199685065,9.70003993400826,0.7332662816854422,False,226.6999969482422,0.009476041476665366,0.011396720678121426,False,8.246194373504402,42.0,True,False,2,False,True,False,True,False,False,True,False,3,False,False,2.0,V2 Retail Ltd.,Consumer Services,EQ,INE945H01021,AVOID,Stage 1 + RS 42; weak RS in a basing stage is AVOID.
DBREALTY,2026-09-29,97.81999969482422,-0.12245448440296347,0.0659257194406242,-0.1696095317430083,-0.3953890614123138,-0.14879636850412498,108.99897958145661,-1.1456439123722517,Stage 4 — Declining,105.93098030838311,165.24000549316406,False,83.5,0.9344131743132496,0.5298704681403248,96466434.9230835,105.71559997558593,True,-10.256040863463467,False,-40.80126092777756,False,False,False,False,True,True,False,False,109.06759999593099,110.6172498703003,False,3.742296914835025,2,1.7601116654321987,23.057955363683792,1.2820088473880447,False,121.6500015258789,0.00442604405659582,0.007118277462904486,False,24.361073303413193,19.0,True,False,0,False,False,False,False,False,False,False,False,0,False,False,,VALOR ESTATE Ltd.,Realty,EQ,INE879I01012,SELL,Stage 4 takes precedence: the guide requires SELL regardless of RS.
WABAG,2026-09-29,2093.800048828125,0.05045209637716597,0.7483617909312219,0.6530743296087043,0.47998048943627913,0.39646416054610745,1722.6057942708333,3.0291289372648134,Stage 2 — Advancing,2026.2823462392769,2319.0,False,1030.4859602847353,1.1212996828170827,1.9825524763009708,1404606190.5628662,2024.803994140625,False,21.548415533712717,True,-9.7110802575194,True,True,True,True,False,False,False,False,1713.316289876302,1590.9876623535156,True,4.084166181728565,2,0.7463116474740996,19.965502371711942,0.6517653443033472,False,2319.0,0.09473779687924189,0.09961733987902609,False,10.75556146337453,89.0,True,True,5,True,True,True,True,True,True,True,True,8,True,False,,Va Tech Wabag Ltd.,Utilities,EQ,INE956G01038,WAIT,"Stage 2 + RS 89; wait because price is more than 20% above the 30-week line (currently +22%) — the guide treats that as poor entry timing, not a failed trend."
VAIBHAVGBL,2026-09-28,199.72000122070312,-0.13701758324572533,0.09240988850514409,-0.13336706149271138,-0.1193854883238018,-0.08687556556056396,224.108047803243,-0.8704367269532942,Stage 4 — Declining,229.94701263427734,286.0804190389319,False,171.95283303256198,0.8289857745386736,0.7826324567006013,43842188.06785736,229.94701263427734,True,-10.882271663867915,False,-30.187462010979583,False,False,True,False,False,False,False,False,224.26102040608723,225.45175941467286,False,2.9330351515111825,1,0.6754659745825419,29.291564490619322,0.3926578861568196,False,280.5181654418038,0.008983386569070816,0.011658637769502204,False,40.455719871448224,32.0,False,False,1,False,False,False,True,False,False,False,False,1,False,False,,Vaibhav Global Ltd.,Consumer Durables,EQ,INE884A01027,SELL,Stage 4 takes precedence: the guide requires SELL regardless of RS.
VTL,2026-09-29,529.5499877929688,-0.15620044548671652,0.012975581700945815,0.20415050155085868,0.3034921911233326,0.04164347668034081,588.5754083127391,0.268117626556319,Stage 1 — Basing,585.9818234911152,682.2146139481268,False,382.25830878098185,0.59296971333057,1.07783717120942,216727604.88705444,585.30458984375,True,-10.028523055181271,False,-22.377800626646525,False,False,False,True,False,False,False,False,587.6264542643229,553.1992279052735,True,3.6027883608439817,2,1.034587798589565,18.28206404057996,0.6165130058370892,False,644.5341601243856,0.023960453725757603,0.02835256842955296,False,21.71356339948982,57.0,True,True,2,False,True,True,False,False,True,True,False,4,False,False,3.0,Vardhman Textiles Ltd.,Textiles,EQ,INE825A01020,WATCH,Stage 1 + RS 57; adequate RS in a basing stage remains WATCH.
VARROC,2026-09-28,848.3499755859375,0.38981137799484267,0.7433924138274886,0.40253784149065686,0.3758649413127242,0.46028359052411105,641.4023344894936,3.2927493298292587,Stage 2 — Advancing,793.4247795553769,912.2000122070312,False,461.0607825414901,0.42075911097270724,1.385070399709835,318384142.8242218,796.4793774414062,False,32.26487182357361,True,-6.999565420593578,True,True,True,True,False,False,False,False,638.2497924804687,624.9711038208007,True,4.006095365377509,1,1.04983850486845,31.12583063526059,0.46285306677769034,False,912.2000122070312,0.03815870083101252,0.038532003889171544,False,7.526379260751903,91.0,True,True,5,True,True,True,True,True,True,True,True,8,True,False,,Varroc Engineering Ltd.,Automobile and Auto Components,EQ,INE665L01035,WAIT,"Stage 2 + RS 91; wait because price is more than 20% above the 30-week line (currently +32%) — the guide treats that as poor entry timing, not a failed trend."
VBL,2026-09-28,430.0,-0.15202030879776884,0.1082118594424335,-0.1064991724636486,-0.029956418315873257,-0.06645686978652521,462.72563422216126,-0.45572615940900896,Stage 4 — Declining,430.9501785577512,555.1842484654879,False,379.7399306767125,0.7266983278969796,3.067604060212321,2200318044.757994,430.21955139160156,True,-7.0723624977407695,False,-22.548234898863452,False,False,False,False,False,False,False,False,462.52467163085936,465.3275016784668,False,2.07890253922472,2,0.6751062902136243,16.07291166264087,0.699213799092047,False,472.0764416542586,0.01934135890792306,0.023817890761814245,False,9.785218989362466,37.0,True,False,0,False,False,False,False,False,False,True,False,1,False,False,,Varun Beverages Ltd.,Fast Moving Consumer Goods,EQ,INE200M01039,SELL,Stage 4 takes precedence: the guide requires SELL regardless of RS.
MANYAVAR,2026-09-28,541.2999877929688,0.3308757180800017,0.5684642210075643,-0.05127961829786021,-0.22000098504057575,0.19178701076582638,437.3556089203933,2.0592604074717524,Stage 2 — Advancing,509.0223436542586,701.3191242079206,False,324.51227449559855,0.11308536506545513,0.7823805160574023,205566104.76408386,511.0416815185547,False,23.76655900884883,True,-22.816879062820316,True,True,True,True,False,False,False,False,436.04410685221353,456.29162796020506,False,3.6916163934433173,1,1.118750612119842,34.437083962141394,0.282248754823448,False,595.3991461857702,0.024347621722693443,0.030048671049375565,False,9.994302533310373,76.0,True,True,5,True,False,False,True,True,True,True,True,6,False,False,,Vedant Fashions Ltd.,Consumer Services,EQ,INE825V01034,HOLD,Stage 2 + RS 76; trend/leadership is adequate without a stronger entry trigger.
VEDL,2026-09-29,260.0,-0.08627653785327405,-0.5996304431392784,-0.5543041191379374,-0.4154953609033214,-0.3483965997774171,395.8304587643163,-6.366308460843751,Stage 4 — Declining,269.1647075578278,795.0,False,249.6999969482422,0.9484323897034792,0.7999957537727173,1759335958.218036,269.2510015869141,True,-34.31531246694482,False,-67.29559748427674,False,False,False,False,False,False,False,False,402.232385152181,461.26007347106935,False,2.548076923076923,2,1.4721657407594428,13.23024054982818,0.5818146851898456,False,291.0,0.011764173566806932,0.034553300785705135,False,11.923076923076925,2.0,True,False,0,False,False,False,False,False,False,False,False,0,False,False,,Vedanta Ltd.,Metals & Mining,EQ,INE205A01025,SELL,Stage 4 takes precedence: the guide requires SELL regardless of RS.
VIJAYA,2026-09-29,1475.0,0.1263982913110666,0.6971689925629467,0.4246889329335515,0.45021716591593597,0.3649743348069135,1266.4389453291083,2.7060334354195525,Stage 2 — Advancing,1452.7324290556066,1593.5999755859375,False,846.8252647277601,0.4634043768262507,0.6089881613419894,208881284.37778932,1455.1979614257812,False,16.468307093690427,False,-7.442267658314339,True,True,True,True,True,False,False,False,1260.9489786783854,1195.5134475708007,True,3.675453544766604,1,1.842480999046148,19.100680628484383,0.7363527958361595,False,1593.5999755859375,0.06673906158092394,0.0684845489195012,False,8.04067631091101,88.0,True,True,5,True,True,True,True,True,True,True,True,8,True,False,,Vijaya Diagnostic Centre Ltd.,Healthcare,EQ,INE043W01024,REDUCE,Stage 2 + RS 88; distribution warning (U/D 0.61) triggers REDUCE.
VIKRAMSOLR,2026-09-29,160.0500030517578,-0.14265047497764471,-0.15922461368675545,-0.33781545274065095,-0.502332089507979,-0.256934621178135,189.69578240842236,-1.1065540716855837,Stage 4 — Declining,170.193333345301,354.3999938964844,False,155.3800048828125,1.234173744963021,0.4986877787020615,283798593.1834381,169.85100006103517,True,-15.62806456752741,False,-54.839163146682694,False,False,False,False,True,True,False,False,189.33393341064453,197.83560020446777,False,1.927523402359462,2,0.5942239527067235,17.731768465179226,0.3788361471580183,False,188.8699951171875,0.007241753904880223,0.014901176220755884,False,18.006867551330032,5.0,True,False,0,False,False,False,False,False,False,False,False,0,False,False,,Vikram Solar Ltd.,Capital Goods,EQ,INE078V01014,SELL,Stage 4 takes precedence: the guide requires SELL regardless of RS.
VMM,2026-09-29,104.30000305175781,-0.09923134789636856,-0.019460370794159187,-0.23488851637387076,-0.2900415189448492,-0.14857062038112326,113.11727879323116,-1.021109787143204,Stage 4 — Declining,106.56764699898514,152.17999267578125,False,98.0,1.1997905603785513,0.8661923241818096,1025941438.9222683,106.4281999206543,True,-7.79480892356913,False,-31.46273618637342,False,False,False,False,False,False,False,False,113.31013320922851,116.90719997406006,False,2.5297915778216504,1,1.4518825616587898,15.077990724269519,0.914138237677736,False,115.4000015258789,0.004719243611228352,0.0065544709078950185,False,10.642375982110796,19.0,True,False,0,False,False,False,False,False,False,False,False,0,False,False,,Vishal Mega Mart Ltd.,Consumer Services,EQ,INE01EA01019,SELL,Stage 4 takes precedence: the guide requires SELL regardless of RS.
VIYASH,2026-09-28,241.0,-0.10508722270988402,0.28533333333333344,0.1285942098774544,0.27156651481140304,0.09506392252048457,241.16527348348538,0.8101429115624947,Stage 1 — Basing,259.65686274509807,298.0,False,178.1300048828125,0.27295256712476423,0.34959920815904744,684228157.5193665,259.55900024414063,True,-0.06853121143773899,False,-19.12751677852349,False,False,True,True,True,True,False,False,240.58259958902994,232.39224952697754,True,3.1090705297229273,2,1.3920633851677142,15.771694231244659,0.5394682853035129,False,281.20001220703125,0.01084015696932432,0.012623839980657473,False,16.680502990469392,64.0,True,True,3,True,True,True,True,False,True,True,False,6,False,False,3.0,Viyash Scientific Ltd.,Healthcare,EQ,INE807F01027,WATCH,Stage 1 + RS 64; adequate RS in a basing stage remains WATCH.
IDEA,2026-09-29,13.5600004196167,-0.06029105108521926,0.5253093246280429,0.13377929568281366,0.6456311645960899,0.2368275365473016,12.655102081039326,1.5591277993910024,Stage 2 — Advancing,13.9545098473044,15.789999961853027,False,8.050000190734863,0.19582541188080696,1.0357247044950368,5783907416.89922,13.963800048828125,True,7.150462578513284,False,-14.122859706293678,True,False,True,True,False,False,False,False,12.616466706593831,12.260150051116943,True,3.334386708714205,2,1.3785502478155085,20.20265730265993,0.8388752751698108,False,15.789999961853027,0.0006135469173167141,0.0006759950109550246,False,16.4454238438686,80.0,True,True,4,True,True,True,True,False,True,True,True,7,False,False,,Vodafone Idea Ltd.,Telecommunication,EQ,INE669E01016,WAIT,Stage 2 + RS 80; wait because the close is below its 50-session average — short-term timing has weakened even though the 30-week trend is intact.
VOLTAMP,2026-09-29,10624.0,0.0654194862216444,0.27259489678845417,0.3829667670916237,0.505386622578303,0.2583574517803339,9807.456074617347,1.4963845275616672,Stage 2 — Advancing,10403.310163909313,12724.746990128295,False,6594.353209382375,0.24691134461199968,1.0096318105995137,219050416.7,10423.3195703125,False,8.325746444034031,False,-16.509145460872652,True,True,True,True,False,False,False,False,9788.270930989584,9243.87344970703,True,2.9259896729776247,3,0.4902989262871897,22.403624241388155,0.30356493386336225,True,11699.0,0.48070223066829554,0.5424891251382455,False,10.118599397590366,82.0,True,True,5,True,True,True,True,True,True,True,True,8,True,False,,Voltamp Transformers Ltd,Capital Goods,EQ,INE540H01012,HOLD,Stage 2 + RS 82; trend/leadership is adequate without a stronger entry trigger.
VOLTAS,2026-09-29,1090.0,-0.15882083737706532,-0.1732767425106767,-0.2077210569942044,-0.20449311434609674,-0.1806265177210217,1297.2502599184204,-2.009553148317944,Stage 4 — Declining,1223.0588259229473,1577.544205432766,False,1090.0,1.6841925620834073,0.6377157185845581,798604115.4392395,1220.3360034179686,True,-15.976120130548566,False,-30.905264255274446,False,False,False,False,True,False,False,False,1302.0632967122397,1331.8652545166015,False,2.7529487259891057,1,1.2098384565281681,19.734904270986746,0.9244230754863919,False,1358.0,0.04931903533776752,0.06718266276055992,False,24.58715596330274,12.0,True,False,0,False,False,False,False,False,False,False,False,0,False,False,,Voltas Ltd.,Consumer Durables,EQ,INE226A01021,SELL,Stage 4 takes precedence: the guide requires SELL regardless of RS.
WAAREEENER,2026-09-29,2380.0,-0.1747099838497308,-0.2298164852397584,-0.20082215840190665,-0.2735900774369394,-0.21072973775561324,2900.016156462585,-0.9105263866224345,Stage 4 — Declining,2621.7102002910538,3713.7978498601774,False,2380.0,1.0726577579954248,0.4801760066250673,1491461899.6962523,2619.54529296875,True,-17.93149170233922,False,-35.91465943442221,False,False,False,False,True,True,False,False,2896.2099267578124,2887.474031982422,False,2.6565192382403935,2,0.9038589075322473,14.422826186625572,1.003848956828385,False,2781.1154469651833,0.10768743495769423,0.1537324468824914,False,16.85359020862114,8.0,True,False,0,False,True,False,False,False,False,False,False,1,False,False,,Waaree Energies Ltd.,Capital Goods,EQ,INE377N01017,SELL,Stage 4 takes precedence: the guide requires SELL regardless of RS.
WAAREERTL,2026-09-29,821.4000244140625,-0.18934120462466075,0.011763317257270867,-0.13005717666316108,-0.22655364932762478,-0.1447059835965673,928.2887747628348,-0.3837413216049801,Stage 4 — Declining,876.6686305625766,1358.0,False,779.5,0.6502407781374195,0.8027505985878244,100540834.31985168,873.9440026855468,True,-11.514601194663909,False,-39.513989365680224,False,False,False,False,False,False,False,False,926.617665608724,926.0979995727539,False,2.5435682494315626,3,0.5655200275685003,23.024274214957526,0.983120292546841,False,1030.0,0.03716574021148647,0.05580745601886726,False,25.39566220913376,20.0,True,False,0,False,True,False,False,False,False,False,False,1,False,False,,Waaree Renewable Technologies Ltd.,Capital Goods,EQ,INE299N01021,SELL,Stage 4 takes precedence: the guide requires SELL regardless of RS.
WAKEFIT,2026-09-28,138.57000732421875,,,,,,138.9567127489064,-2.5994376426910604,Stage 4 — Declining,138.52078531302658,,False,,0.0483382637233067,0.45851705797678555,126547649.40145645,138.7360009765625,True,-0.27829200694062806,False,,False,True,False,False,True,True,False,False,140.34960037231446,,False,3.85003882693757,2,0.4552623399769473,24.964051933115467,0.0736920891977185,False,159.9499969482422,0.0062328656872819585,,False,15.429016738087963,,True,False,1,False,False,False,False,False,False,False,False,0,False,False,,Wakefit Innovations Ltd.,Consumer Durables,EQ,INE0E7301029,SELL,Stage 4 takes precedence: the guide requires SELL regardless of RS.
WEWORK,2026-09-29,667.1500244140625,,,,,,610.6345877451439,1.4836697582536473,Stage 2 — Advancing,692.9470585841758,,False,,0.8036827213685016,1.050924649645208,108643610.48731384,692.4140002441407,True,9.255197429547835,False,,True,False,True,True,False,False,False,False,608.1043320719401,602.59224899292,True,3.0626021069946034,2,0.8907941651086587,20.088102653988358,0.37383380480622536,False,794.5,0.030186418008871205,,False,19.088656362979982,,True,False,3,True,True,True,True,False,False,False,False,4,False,False,,WeWork India Management Ltd.,Services,EQ,INE085001019,WAIT,Stage 2 + RS unavailable; wait because the close is below its 50-session average — short-term timing has weakened even though the 30-week trend is intact.
WEBELSOLAR,2026-09-28,71.75,-0.2906257748065769,0.017200902460870582,-0.24007918535308537,-0.407706913796386,-0.24236734926035092,90.26353862187634,0.8157965748849527,Stage 1 — Basing,83.7800152348537,137.44541921249123,False,50.23386215331976,0.5922163588944144,0.7483974792720587,141408960.92524415,83.41536331176758,True,-20.51053936565853,False,-47.79745995821499,False,False,False,True,False,False,False,False,89.38558708190918,86.91031980514526,False,3.8640182191064887,3,0.9162792362587098,30.65217944698021,0.7992714353355219,False,102.41128859813,0.0032273081433569295,0.005669978674250853,False,42.73350327265506,6.0,True,False,1,False,True,False,False,False,True,False,False,2,False,False,2.0,Websol Energy System Ltd.,Capital Goods,EQ,INE855C01023,AVOID,Stage 1 + RS 6; weak RS in a basing stage is AVOID.
WELCORP,2026-09-28,2739.699951171875,0.8890778503574992,2.3630600945835374,2.406614109454576,2.1929340562084794,1.7481527921923183,1554.3079487003693,8.897619057108773,Stage 2 — Advancing,2188.278439989277,2838.0,False,707.6502693631002,0.6722773607991329,2.6721032914576126,5732791356.100367,2199.7280078125,False,76.26493858328836,True,-3.463708556311662,True,True,True,True,False,False,False,False,1534.2806099446614,1346.54843170166,True,5.28029553976881,1,2.376514184056873,44.81325048724894,1.2557645761697727,False,2838.0,0.12323144198984771,0.12530802319745835,False,3.5879859320389507,99.0,True,True,5,True,True,True,True,True,True,True,True,8,True,False,,Welspun Corp Ltd.,Capital Goods,EQ,INE191B01025,WAIT,"Stage 2 + RS 99; wait because price is more than 20% above the 30-week line (currently +76%) — the guide treats that as poor entry timing, not a failed trend."
WELENT,2026-09-28,749.5,0.3157316825428391,0.751606103843623,0.4891076679875832,0.5069840537609014,0.4758322381355572,569.3346806356352,3.4408791321403953,Stage 2 — Advancing,671.7480373008578,841.9000244140625,False,409.9812045484441,0.8510727955160469,0.9357367570389018,706635781.3669555,672.6719982910156,False,31.64488753139345,True,-10.975177780564882,True,True,True,True,False,False,False,False,567.2486018880209,547.8228080749511,True,4.2599822640316765,2,2.113736018663772,33.82825045364946,2.1312404859502925,False,841.9000244140625,0.033712438375554266,0.036047728597763604,False,12.328222069921612,92.0,True,True,5,True,True,True,True,True,True,True,True,8,True,False,,Welspun Enterprises Ltd.,Construction,EQ,INE625G01013,WAIT,"Stage 2 + RS 92; wait because price is more than 20% above the 30-week line (currently +32%) — the guide treats that as poor entry timing, not a failed trend."
WELSPUNLIV,2026-09-28,227.9499969482422,0.3631780893317842,0.9585005464922174,0.7205019618465784,0.958332254578601,0.6727381883161931,154.7082899955854,3.792211304210058,Stage 2 — Advancing,186.71490149404488,233.0,True,107.03568289025932,0.672235328037262,4.596563318059289,950062125.5232086,187.18159942626954,False,47.34181145350824,True,-2.1673832840162333,True,True,True,True,False,False,False,False,154.0011482747396,148.45815826416015,True,3.2995949595437204,1,1.7756576313955754,34.3433494731592,0.8509337551056751,False,233.0,0.0102531690791533,0.0102531690791533,True,2.215399482064684,96.0,True,True,5,True,True,True,True,True,True,True,True,8,True,False,,Welspun Living Ltd.,Textiles,EQ,INE192B01031,WAIT,"Stage 2 + RS 96; wait because price is more than 20% above the 30-week line (currently +47%) — the guide treats that as poor entry timing, not a failed trend."
WESTLIFE,2026-09-28,579.8499755859375,0.19319558165581463,0.31159812858056424,0.06752097452313466,-0.1514316828449942,0.1228157167140668,497.2877040497244,0.8631256921070474,Stage 2 — Advancing,551.2279351926318,763.2721271776468,False,398.1246588021791,0.255126865794337,17.407208289696506,289801617.3857147,553.2567150878906,False,16.60251618205255,False,-24.031029702335626,True,True,True,True,False,False,False,False,497.2788669840495,502.4728303527832,True,4.243092754404337,2,0.6586103718051146,27.14189185747879,0.6462333232345657,False,612.0,0.026081596489669866,0.030611089070063532,False,5.544541824214955,68.0,True,True,5,True,False,True,True,True,True,True,False,6,False,False,,Westlife Foodworld Ltd.,Consumer Services,EQ,INE274F01020,HOLD,Stage 2 + RS 68; trend/leadership is adequate without a stronger entry trigger.
WHIRLPOOL,2026-09-28,917.0999755859375,0.14920783272364058,0.14061203829771207,0.015167347126293862,-0.2515138077578968,0.040536248622678066,823.4966046058968,-0.9870565516499563,Stage 3 — Topping,788.6937423406863,1428.4580610250364,False,706.0,3.062619778820386,2.51958003675148,2438013403.984665,789.0885815429688,False,11.366576432314112,False,-35.797906805339274,True,True,False,False,False,False,False,False,825.7194205729166,834.9479699707031,False,4.419599259413083,2,3.300853295876454,26.458333333333332,12.85820988693734,False,960.0,0.04125106926105836,0.05924399303467116,False,4.677791468335135,57.0,True,True,3,True,False,False,False,True,False,False,False,2,False,False,,Whirlpool of India Ltd.,Consumer Durables,EQ,INE716A01013,REDUCE,Stage 3 with RS 57; the guide requires REDUCE when RS is 50 or higher.
WIPRO,2026-09-29,156.7899932861328,-0.09630348911269426,-0.17233479743308655,-0.3843671728844227,-0.3211700194313093,-0.21409579359484143,184.86032633878747,-1.3919763186676426,Stage 4 — Declining,176.0823621562883,263.22052886625846,False,156.7899932861328,14.893890740064148,0.2683878040066243,2889978242.1338224,176.14412384033204,True,-15.184617277593182,False,-40.43397984136817,False,False,False,False,True,True,False,False,185.14405456542968,198.6420457458496,False,2.0564351800765333,3,0.7581249908385078,18.0568640707745,2.3246169784408957,False,191.33999633789062,0.0070942488252175384,0.011010974562113649,False,22.035847012701915,8.0,True,False,0,False,False,False,False,False,False,False,False,0,False,False,,Wipro Ltd.,Information Technology,EQ,INE075A01022,SELL,Stage 4 takes precedence: the guide requires SELL regardless of RS.
WOCKPHARMA,2026-09-29,2194.199951171875,0.12540391143418872,0.8446405642470576,0.5361242744811263,0.40258240662819,0.4068310136449503,1747.4489737789647,3.085712404045915,Stage 2 — Advancing,2006.311762791054,2422.300048828125,False,1086.699951171875,1.3810427669889764,2.8773535788758453,2990920828.3137145,2008.5119970703124,False,25.565895433660877,True,-9.416673948654775,True,True,True,True,False,False,False,False,1739.8506608072917,1654.3914935302735,True,4.07958557925128,2,1.4241015148351297,23.118643033302437,1.513875191296061,False,2360.0,0.09928057333025089,0.10157793037094907,False,7.556287144185503,89.0,True,True,5,True,True,True,True,True,True,True,True,8,True,False,,Wockhardt Ltd.,Healthcare,EQ,INE049B01025,WAIT,"Stage 2 + RS 89; wait because price is more than 20% above the 30-week line (currently +26%) — the guide treats that as poor entry timing, not a failed trend."
YATHARTH,2026-09-29,1108.0,0.305991180382311,0.7262062542707113,0.624642300261137,0.47820789155042087,0.48820776136937827,834.2570983471513,3.3361905200215203,Stage 2 — Advancing,940.5234602385876,1184.0,False,537.9315639475303,0.5446674246723087,4.980395915044772,884598188.1587433,942.2000720214844,False,32.812774646472185,True,-6.418918918918914,True,True,True,True,False,False,False,False,831.5916569010417,787.437057800293,True,3.9440444230172607,1,3.1582936456311095,31.18938494871032,3.8253132508921572,False,1184.0,0.05013347812316185,0.05130228975993708,False,6.859205776173294,92.0,True,True,5,True,True,True,True,True,True,True,True,8,True,False,,Yatharth Hospital & Trauma Care Services Ltd.,Healthcare,EQ,INE0JO301016,WAIT,"Stage 2 + RS 92; wait because price is more than 20% above the 30-week line (currently +33%) — the guide treats that as poor entry timing, not a failed trend."
YESBANK,2026-09-29,20.709999084472656,-0.17457158395686423,0.14293587887873582,-0.030430782177220506,-0.015684496991212105,-0.050464513640685056,21.95326533933886,0.4773345959650177,Stage 1 — Basing,22.698627397125843,25.780000686645508,False,17.200000762939453,2.2462433190294506,0.9927448909107153,1696207694.683454,22.68979995727539,True,-5.663240687199044,False,-19.66641375924866,False,False,True,True,False,False,False,False,21.93073336283366,21.880300025939942,True,3.217907926987054,1,2.6666802641627347,14.066395200572742,1.5021531400549504,False,24.100000381469727,0.0009370616299928807,0.0010979706245473082,False,16.36891089743566,40.0,True,False,2,False,True,True,True,False,False,True,False,4,False,False,1.0,Yes Bank Ltd.,Financial Services,EQ,INE528G01035,AVOID,Stage 1 + RS 40; weak RS in a basing stage is AVOID.
ZFCVINDIA,2026-09-29,2297.800048828125,-0.14304433133242023,0.009701483410464506,-0.06444258384644186,0.10698134873387644,-0.04676968287338827,2442.1261908083547,-0.546024338336748,Stage 4 — Declining,2498.984303193934,3038.7327548607846,False,2046.7853151927584,0.7138370561656976,0.2408765894690481,224304924.32178956,2500.9919873046874,True,-5.909856031332151,False,-24.38295058515616,False,False,True,False,True,True,False,False,2444.5126432291668,2451.333338623047,True,2.3951465853850196,2,0.7255962770363823,16.016350798959493,0.9585634620580532,False,2691.0,0.10396814844704425,0.11658053456182066,False,17.11201770460431,41.0,True,False,1,False,False,True,True,False,False,True,False,3,False,False,,ZF Commercial Vehicle Control Systems India Ltd.,Automobile and Auto Components,EQ,INE342J01019,SELL,Stage 4 takes precedence: the guide requires SELL regardless of RS.
ZAGGLE,2026-09-29,173.83999633789062,-0.1246727543035393,-0.13714202965902023,-0.5169769400221467,-0.5033852238249316,-0.2813699404226354,211.73278922775165,-1.7709166761503359,Stage 4 — Declining,190.52548965753294,405.3999938964844,False,154.36000061035156,0.19076787952621482,0.8098851635473192,165901778.3967331,190.21359954833986,True,-17.8965161834719,False,-57.118895176333105,False,False,False,False,False,False,False,False,212.01246673583984,235.68884979248048,False,3.2312149227970814,2,1.2789302645563123,26.964752234381923,0.27106064835257865,False,211.35000610351562,0.00786570726835395,0.01675464548546931,False,21.577318543378965,3.0,True,False,0,False,False,False,False,False,False,False,False,0,False,False,,Zaggle Prepaid Ocean Services Ltd.,Information Technology,EQ,INE07K301024,SELL,Stage 4 takes precedence: the guide requires SELL regardless of RS.
ZEEL,2026-09-29,74.13999938964844,-0.29266351001779023,0.030144546217315993,-0.1634190761061627,-0.32625052510590347,-0.20897041500606614,90.65761986557318,-0.8337237042065904,Stage 4 — Declining,92.29299552767884,115.58836251075492,False,66.41325236662951,0.5856247995219265,0.5163064360492184,1332328447.8088813,92.03746185302734,True,-18.219781746329776,False,-35.85859529522266,False,False,True,False,True,True,False,False,90.55838516235352,89.76860275268555,False,3.6147832846488632,3,0.6519515122983481,36.01984307286904,0.5314422087172497,False,114.58239722995498,0.0033545993117799393,0.004922092526821141,False,54.54868920049274,9.0,True,False,1,False,True,False,True,False,False,False,False,2,False,False,,Zee Entertainment Enterprises Ltd.,Media Entertainment & Publication,EQ,INE256A01028,SELL,Stage 4 takes precedence: the guide requires SELL regardless of RS.
ZENTEC,2026-09-29,1619.800048828125,-0.06998219289578755,0.19499258431809086,0.16643798353428707,0.1361812724913236,0.07152949091042529,1675.3827244765093,1.2258194794208421,Stage 1 — Basing,1758.9552552466298,2042.629425992547,False,1222.3593609523095,0.7222531617309398,0.6297176704514751,483440299.41917115,1757.7794140625,True,-3.317610647188196,False,-20.70024899200511,False,False,True,True,True,False,False,False,1668.9122338867187,1585.46474609375,True,2.918792314184812,3,0.6009317260718968,22.374565087082868,0.5152075447813814,False,2042.629425992547,0.07329080353052464,0.08623992390608136,False,26.103800741969717,61.0,True,True,3,False,True,True,True,False,True,True,False,5,False,False,4.0,Zen Technologies Ltd.,Capital Goods,EQ,INE251B01027,WATCH,Stage 1 + RS 61; adequate RS in a basing stage remains WATCH.
ZENSARTECH,2026-09-29,429.0,0.013885663328849107,-0.16388922097457137,-0.381635385544012,-0.41170595944410193,-0.18589184786099744,491.3823742509699,-1.4846145993544724,Stage 4 — Declining,473.140198950674,799.7128098861871,False,412.9712066051201,0.3052453078874721,4.557656115770992,1533321612.0994232,472.32500244140624,True,-12.695281214769128,False,-46.35574237443388,False,False,False,False,False,False,False,False,492.37008199055987,533.55484085083,False,3.6322000143411275,2,0.7711343294576469,24.7604389322875,0.5270871574566388,False,553.0999755859375,0.01941088638523144,0.033293809575936584,False,28.92773323681528,12.0,True,False,0,False,False,False,False,False,False,False,False,0,False,False,,Zensar Technolgies Ltd.,Information Technology,EQ,INE520A01027,SELL,Stage 4 takes precedence: the guide requires SELL regardless of RS.
ZYDUSLIFE,2026-09-29,1200.5,0.07159434278153509,0.34000084341945147,0.32829855144557296,0.21114691577054434,0.2045269992397278,1049.3189992061277,1.6199792518968748,Stage 2 — Advancing,1139.9463225719976,1232.0999755859375,True,834.749872350541,1.6553899035441466,1.9073286311292494,1674667117.924469,1139.9037744140626,False,14.40753487816857,False,-2.564724958371156,True,True,True,True,False,False,True,True,1046.8483142089844,1010.690544128418,True,2.1336361023773573,2,3.3318149763858558,11.857802003157916,1.3279211918715876,False,1232.0999755859375,0.054318809103660465,0.05465058389099191,False,2.632234534438771,78.0,True,True,5,True,True,True,True,True,True,True,True,8,True,False,,Zydus Lifesciences Ltd.,Healthcare,EQ,INE010B01027,WAIT,"Stage 2 + RS 78; wait because a breakout without leadership is not an entry: RS needs 80, short by 2."
ZYDUSWELL,2026-09-28,524.4000244140625,0.014181929183370467,0.17786957966875772,0.2380952449572602,0.08946224557849014,0.1067581857142498,509.4460614348111,1.8463861333070986,Stage 2 — Advancing,537.2882355334712,611.8499755859375,False,366.8171926721902,0.35959263240626993,4.342817623771747,313626553.75940245,535.9840002441406,True,2.9353378328482505,False,-14.29271139352889,True,False,True,True,False,False,False,False,506.2563993326823,486.44404205322263,True,3.0361247699002316,2,0.7656904056706231,19.606234618539787,0.41954023844779237,False,609.5,0.023587462984920926,0.025855853813796032,False,16.228064764303518,66.0,True,True,4,True,True,True,True,False,True,True,False,6,False,False,,Zydus Wellness Ltd.,Fast Moving Consumer Goods,EQ,INE768C01028,HOLD,Stage 2 + RS 66; trend/leadership is adequate without a stronger entry trigger.
ECLERX,2026-09-28,1816.199951171875,0.2938460803967966,0.24227974875712,-0.22364813072578882,-0.1256913288110143,0.09612649000278202,1637.642359903414,0.7601344232308405,Stage 2 — Advancing,1891.486421472886,2496.1160957516863,False,1319.2685842580436,1.1654327179673278,0.38925702563823666,314741719.1104797,1891.7869555664063,True,10.903332476023152,False,-27.238963193138655,True,False,True,True,True,True,False,False,1637.674335123698,1777.4073065185546,False,3.320513456933521,2,0.8061688572324202,16.00194902048732,0.46103930708733154,False,2062.0,0.08169250024225017,0.10596218410638437,False,13.533754841779743,65.0,True,True,4,True,False,False,True,False,True,False,False,3,False,False,,eClerx Services Ltd.,Services,EQ,INE738I01010,REDUCE,Stage 2 + RS 65; distribution warning (U/D 0.39) triggers REDUCE.
